,name,std_type,from_bus,to_bus,length_km,r_ohm_per_km,x_ohm_per_km,c_nf_per_km,g_us_per_km,max_i_ka,df,parallel,type,in_service
0,ABHA4A-EXET41,,6,217,48.785,0.025516039766321615,0.3224269755047658,11.409828799212011,0.0,2.9993346484401058,1.0,1,,True
1,ABHA4A-LAGA41,,6,391,26.121,0.02554266681980016,0.3079208299835382,11.952995637505982,0.0,3.1292384590077718,1.0,1,,True
2,ABHA4B-EXET41,,7,217,49.051,0.025540763694929764,0.32243990948196777,11.409643663229954,0.0,1.5992602456552634,1.0,1,,True
3,ABHA4B-LAGA41,,7,391,26.121,0.02554266681980016,0.3079208299835382,11.952995637505982,0.0,1.5992602456552634,1.0,1,,True
4,ABTH21-COWT2A,,1,163,13.318,0.028562377984682384,0.30941629749211597,11.876883728141314,0.0,1.6585698642174704,1.0,1,,True
5,ABTH21-PYLE21,,1,556,35.388,0.03887246382954675,0.31035997371990504,11.837881768614933,0.0,1.6585698642174704,1.0,1,,True
6,ABTH21-TREM21,,1,732,46.451,0.03690811285010011,0.34829080644119603,10.721400097790726,0.0,1.1295070720873406,1.0,1,,True
7,ABTH21-UPPB21,,1,745,26.996,0.03456854719217662,0.32008121573566456,11.41867904982103,0.0,1.599785109536345,1.0,1,,True
8,ABTH21-UPPB22,,1,743,27.582,0.03413571350881009,0.3179145366543397,20.265640339203518,0.0,1.2491760369739175,1.0,1,,True
9,ALDW21-BRIN21,,10,97,17.961,0.06071557819720506,0.3211778297422193,11.362647684412606,0.0,1.123208705514363,1.0,1,,True
10,ALDW21-WMEL21,,10,780,8.96,0.034520786830357135,0.3284116908482142,11.130981040620458,0.0,1.599785109536345,1.0,1,,True
11,ALVE4A-INDQ41,,15,331,97.176,0.03492220301308965,0.318877088993167,11.493575108042434,0.0,1.5992602456552634,1.0,1,,True
12,ALVE4A-TAUN41,,15,686,73.293,0.025541320453522164,0.32243188299019004,11.409654639429283,0.0,1.5992602456552634,1.0,1,,True
13,ALVE4B-INDQ41,,13,331,97.294,0.03491273870947849,0.3188850288815343,11.493437668627761,0.0,1.5992602456552634,1.0,1,,True
14,ALVE4B-TAUN42,,13,687,73.298,0.02553957816038637,0.3224317171000573,11.40963630273367,0.0,1.5992602456552634,1.0,1,,True
15,AMEM4A-ECLA41,,18,195,35.315,0.029086790315729857,0.31832365850205296,11.529663592964642,0.0,2.5201339250127166,1.0,1,,True
16,AMEM4A-IVER4A,,18,343,20.256,0.029067930489731438,0.31832543443917855,11.529619050801335,0.0,2.5201339250127166,1.0,1,,True
17,AMEM4B-ECLA41,,16,195,35.315,0.029086790315729857,0.31832365850205296,11.529663592964642,0.0,2.5490014384721977,1.0,1,,True
18,AMEM4B-IVER4B,,16,344,20.256,0.029067930489731438,0.31832543443917855,11.529619050801335,0.0,2.5490014384721977,1.0,1,,True
19,AXMI41-CHIC4A,,19,144,39.5,0.015351898734177217,0.26770632911392406,65.8890887647856,0.0,3.199963866983501,1.0,1,,True
20,AXMI41-EXET41,,19,217,36.184,0.017864249391996465,0.3057705063011276,12.047187761019496,0.0,3.199963866983501,1.0,1,,True
21,BAGB21-MAGA21,,21,426,14.017999999999999,0.02346759523469824,0.2813953488372093,51.19717424308855,0.0,2.1372457237637783,1.0,1,,True
22,BAGB21-SWAN21,,21,682,19.649,0.024054977352537022,0.2881978726652756,40.94988327280657,0.0,3.0043208553103797,1.0,1,,True
23,BARK21-REBR22,,24,572,10.879,0.028570525783619818,0.309409757330637,11.880070242429412,0.0,2.099455524325912,1.0,1,,True
24,BARK22-REBR21,,22,573,10.854,0.02856665745347338,0.3094256725631104,11.880288393509613,0.0,2.191831567396252,1.0,1,,True
25,BARK41-CHUE4A,,25,133,13.654,0.024959718763732236,0.3080708949758313,11.887810029958064,0.0,4.269505240657282,1.0,1,,True
26,BARK41-CHUE4B,,25,132,13.654,0.024959718763732236,0.3080708949758313,11.887810029958064,0.0,4.269505240657282,1.0,1,,True
27,BARK41-WHAM41,,25,798,9.786000000000001,0.025505824647455544,0.31310034743511134,21.25257626426621,0.0,2.46817240078565,1.0,1,,True
28,BARK41-WHAM41,,25,798,9.662,0.025667563651417924,0.31629062305940797,11.618912083072821,0.0,2.5201339250127166,1.0,1,,True
29,BARK41-WTHU4A,,25,783,15.872,0.02913306451612903,0.3183467741935484,11.529633505786155,0.0,2.5201339250127166,1.0,1,,True
30,BARK41-WTHU4B,,25,784,15.872,0.02913306451612903,0.3183467741935484,11.529633505786155,0.0,2.5201339250127166,1.0,1,,True
31,BEDD21-CHSI21,,29,136,18.122,0.028377110694183867,0.30734914744509434,18.51803627793315,0.0,1.599785109536345,1.0,1,,True
32,BEDD21-WIMB21,,29,834,9.468,0.032668594212082805,0.31270793726235746,52.01527648825899,0.0,1.307960791655043,1.0,1,,True
33,BEDD22-CHSI21,,30,136,17.973,0.02848613197574139,0.3083402882100929,15.03977119074967,0.0,1.3898395571037536,1.0,1,,True
34,BEDD23-WIMB2A,,31,833,9.082,0.03314110328121559,0.31817124532041396,39.279273460528366,0.0,1.5284036217092638,1.0,1,,True
35,BEDD4A-ROWD42,,33,585,10.1,0.011247524752475249,0.2046732673267327,239.99994193831776,0.0,1.5646192295038859,1.0,1,,True
36,BEDD4B-ROWD41,,28,583,10.1,0.01093069306930693,0.201980198019802,244.99992841782816,0.0,1.5646192295038859,1.0,1,,True
37,BESW21-COVE21,,41,160,18.668,0.034555455860295695,0.3200734545746733,11.418880365058,0.0,1.599785109536345,1.0,1,,True
38,BESW21-COVE21,,41,160,18.668,0.034555455860295695,0.3200734545746733,11.418880365058,0.0,1.599785109536345,1.0,1,,True
39,BESW21-FECK21,,41,220,35.814,0.030090362707321155,0.3187466842575529,11.507739159378065,0.0,1.599785109536345,1.0,1,,True
40,BESW21-OCKH21,,41,501,57.67,0.03039687012311427,0.3174492803884168,16.638508484598216,0.0,1.3394526245199319,1.0,1,,True
41,BICF41-SPLN41,,43,642,20.109,0.015197175394102142,0.28246058978566807,13.046249406687835,0.0,4.074649524805784,1.0,1,,True
42,BICF41-WALP41,,43,753,37.775,0.014189278623428194,0.27480608868299145,13.37149049514034,0.0,4.117950794995006,1.0,1,,True
43,BICF41-WBUR41,,43,775,65.55,0.014181540808543096,0.2748192219679634,13.371868111528135,0.0,4.288269124405946,1.0,1,,True
44,BICF41-WBUR42,,43,776,65.55,0.014181540808543096,0.2748192219679634,13.371868111528135,0.0,4.288269124405946,1.0,1,,True
45,BIRK21-CAPE21,,44,119,15.448,0.03441505372863801,0.334800216856551,10.912812323878217,0.0,1.599785109536345,1.0,1,,True
46,BIRK21-CAPE21,,44,119,15.448,0.03441505372863801,0.334800216856551,10.912812323878217,0.0,1.599785109536345,1.0,1,,True
47,BIRK21-LISD2A,,44,403,12.891,0.015898204173454347,0.1747042510278489,408.27846558447163,0.0,1.5514976324768488,1.0,1,,True
48,BISW21-FECK21,,46,220,22.83,0.03107150678931231,0.31909576215505914,11.486133133008279,0.0,1.599785109536345,1.0,1,,True
49,BISW21-KITW21,,46,375,27.111,0.029400888938069417,0.3134235181291727,11.713506813119647,0.0,1.599785109536345,1.0,1,,True
50,BISW21-KITW21,,46,375,24.226,0.02909374226038141,0.312913811607364,11.7353550279129,0.0,1.599785109536345,1.0,1,,True
51,BISW21-PENN21,,46,529,30.172,0.030904688121437093,0.31897247447964994,11.49204072471889,0.0,1.599785109536345,1.0,1,,True
52,BLYT21-STEW21,,51,665,26.779,0.041569886851637476,0.3929935770566489,9.425148952603974,0.0,1.1295070720873406,1.0,1,,True
53,BLYT21-STEW21,,51,665,26.711,0.04159077720789188,0.39297480438770543,9.42519139070625,0.0,1.1295070720873406,1.0,1,,True
54,BLYT21-TYNE21,,51,740,16.818,0.0333652931383042,0.321242121536449,11.422865367743231,0.0,2.5613357396776126,1.0,1,,True
55,BLYT41-MEDB4A,,54,432,26.756999999999998,0.02547370781477744,0.3073588219905072,13.396373786102865,0.0,2.7582909110534373,1.0,1,,True
56,BLYT41-MEDB4B,,54,431,27.125999999999998,0.025304136253041364,0.306362899063629,17.68762293575028,0.0,2.7582909110534373,1.0,1,,True
57,BODE41-PENM4A,,55,537,0.8,0.016,0.188,190.0011604998808,0.0,1.4145081595145832,1.0,1,,True
58,BODE41-PENM4B,,55,536,0.5,0.016,0.2784,13.066620827843748,0.0,3.622872939164902,1.0,1,,True
59,BOLN41-LOVE41,,56,418,64.774,0.0173649921264705,0.2782844968660265,13.11460663042823,0.0,3.990933735773288,1.0,1,,True
60,BOLN41-LOVE41,,56,418,64.774,0.0173649921264705,0.2782844968660265,13.11460663042823,0.0,3.990933735773288,1.0,1,,True
61,BOLN41-NINF41,,56,475,51.404,0.017368298186911522,0.278297408761964,13.114631722726413,0.0,3.990933735773288,1.0,1,,True
62,BOTW41-CHIL41,,59,145,7.479,0.014119534697152027,0.274903061906672,13.37197317360117,0.0,4.288269124405946,1.0,1,,True
63,BOTW41-LOVE41,,59,418,14.672,0.014176663031624863,0.27480916030534347,13.37188439109563,0.0,4.288269124405946,1.0,1,,True
64,BRAW21-ELLA21,,62,203,16.883,0.034446262512586624,0.3195573950127348,13.558332069742518,0.0,1.2995629695577395,1.0,1,,True
65,BRAW21-KIRK21,,62,372,21.826,0.02924379180793549,0.2962493127462659,104.40276347780414,0.0,1.2995629695577395,1.0,1,,True
66,BRAW21-MONF21,,62,457,51.155,0.01735583031961685,0.278284625158831,13.114516135532652,0.0,2.1372457237637783,1.0,1,,True
67,BRAW4A-PADI41,,64,517,59.3,0.020344013490725125,0.30545699831365936,12.051558513306373,0.0,3.0974841942023423,1.0,1,,True
68,BRED21-MACC21,,80,420,19.612,0.029614521721395067,0.3133817943096064,11.719771005252847,0.0,1.5808900098174117,1.0,1,,True
69,BRED21-SMAN21,,80,636,15.633,0.02481649395509499,0.22271956758139833,125.9028291834486,0.0,1.572492187720108,1.0,1,,True
70,BRED21-STAL21,,80,654,15.054,0.0334068187857048,0.31864579181612857,11.495079949689284,0.0,1.9419963600014685,1.0,1,,True
71,BRFO41-NORM41,,69,494,61.676,0.025501005253258966,0.32219988326091187,12.03645384138075,0.0,1.9427836558230906,1.0,1,,True
72,BRFO41-NORM41,,69,494,61.676,0.025501005253258966,0.32219988326091187,12.03645384138075,0.0,1.9427836558230906,1.0,1,,True
73,BRIM2A-TOTT23,,90,721,7.748,0.0336740126484254,0.3156572663913268,29.32541038749068,0.0,1.9419963600014685,1.0,1,,True
74,BRIM2A-WALX22,,90,760,5.865,0.03455669224211424,0.320036231884058,11.41863521311032,0.0,1.9419963600014685,1.0,1,,True
75,BRIM2B-TOTT22,,92,726,7.6979999999999995,0.033499772668225514,0.3144656079501169,34.19352516553517,0.0,1.9419963600014685,1.0,1,,True
76,BRIM2B-WALX22,,92,760,5.997,0.03455269301317325,0.3200537768884443,11.418565565589956,0.0,1.9419963600014685,1.0,1,,True
77,BRIN21-CHTE21,,97,140,22.683999999999997,0.017302669282313526,0.2768760469934757,17.350018235513662,0.0,1.5808900098174117,1.0,1,,True
78,BRIN21-JORD21,,97,350,14.746,0.03318145598806455,0.3035051878475518,45.79325428852832,0.0,1.04762830663863,1.0,1,,True
79,BRIN21-NORL2A,,97,489,16.102,0.03325208048689604,0.28578942056887346,64.87990331930145,0.0,0.7998925547681724,1.0,1,,True
80,BRIN21-TEMP21,,97,688,2.757,0.034562023939064206,0.3209330794341676,11.38597832070938,0.0,1.599785109536345,1.0,1,,True
81,BRIN21-TEMP22,,97,690,2.757,0.034562023939064206,0.3209330794341676,11.38597832070938,0.0,1.599785109536345,1.0,1,,True
82,BRIN22-CHTE21,,98,140,22.375,0.017338826815642458,0.27836759776536313,13.109493975979376,0.0,2.1372457237637783,1.0,1,,True
83,BRIN22-THUR21,,98,701,5.704,0.07941685659186537,0.3160764375876578,11.526940600365506,0.0,1.123208705514363,1.0,1,,True
84,BRIN22-TINP21,,98,716,3.17,0.034591876971608836,0.320153785488959,11.418891033940797,0.0,1.599785109536345,1.0,1,,True
85,BRIN22-TINP22,,98,714,3.17,0.034591876971608836,0.320153785488959,11.418891033940797,0.0,1.599785109536345,1.0,1,,True
86,BRIN41-THOM41,,96,696,36.299,0.01736686961073308,0.2783988539629191,13.110968842593385,0.0,3.158105972467253,1.0,1,,True
87,BRIN41-THOM42,,96,699,36.299,0.01736686961073308,0.2783988539629191,13.110968842593385,0.0,3.1913036129456565,1.0,1,,True
88,BRLE41-DIDC41,,78,178,43.391000000000005,0.015450208568597175,0.24794081722016081,39.91908466537119,0.0,3.199963866983501,1.0,1,,True
89,BRLE41-DIDC41,,78,178,43.391000000000005,0.015450208568597175,0.24775644718950937,61.60592175635118,0.0,2.9401562458481694,1.0,1,,True
90,BRLE41-FLEE41,,78,239,17.555,0.01731700370264882,0.2782569068641413,13.114643826052673,0.0,3.199963866983501,1.0,1,,True
91,BRLE41-FLEE41,,78,239,17.555,0.01731700370264882,0.2782569068641413,13.114643826052673,0.0,3.199963866983501,1.0,1,,True
92,BRLE41-WWEY4A,,78,792,49.375,0.02556759493670886,0.3076860759493671,11.963374879287064,0.0,2.7582909110534373,1.0,1,,True
93,BRLE41-WWEY4B,,78,790,49.375,0.02556759493670886,0.3076860759493671,11.963374879287064,0.0,2.7582909110534373,1.0,1,,True
94,BURW41-PELH41,,101,522,42.934,0.014198537289793638,0.2748031862859273,13.37112448423175,0.0,3.230274756115956,1.0,1,,True
95,BURW41-PELH41,,101,522,42.782,0.014174185405076903,0.27480716189051474,13.3713384458873,0.0,4.288269124405946,1.0,1,,True
96,BURW41-WALP41,,101,753,51.189,0.014190548750708161,0.27480904100490344,13.371577170002718,0.0,4.288269124405946,1.0,1,,True
97,BURW41-WALP41,,101,753,51.183,0.01419221225797628,0.27480999550632046,13.371589908440757,0.0,4.288269124405946,1.0,1,,True
98,BUSH21-DRAK21,,103,182,38.153,0.028939401881896577,0.3174612743427778,11.5658862548838,0.0,2.1372457237637783,1.0,1,,True
99,BUSH21-PENN21,,103,529,21.653,0.02877892208931788,0.31705710525100456,11.584478499684854,0.0,1.599785109536345,1.0,1,,True
100,BUSH21-WIEN2B,,103,815,9.515,0.02471820809248555,0.2705491329479769,213.84881579503264,0.0,1.429729212065946,1.0,1,,True
101,BUST21-NECH21,,107,461,10.296,0.01909722222222222,0.2327657585470086,312.8502953228603,0.0,1.2575738590712213,1.0,1,,True
102,BUST21-NECH21,,107,461,10.267,0.019151163923249243,0.23298127495860527,313.0476945865957,0.0,1.2575738590712213,1.0,1,,True
103,CAMA11-IROA13,,110,334,1.0,1.4200559999999998,9.6685776,329.19789652384816,0.0,0.8660254037844387,1.0,1,,True
104,CAMA12-IROA12,,109,333,1.0,1.4200559999999998,9.6685776,329.19789652384816,0.0,0.8660254037844387,1.0,1,,True
105,CANT41-CANT41,,113,113,0.1,0.016,0.192,217.14702548099038,0.0,4.477351337565548,1.0,1,,True
106,CANT41-CANT41,,113,113,0.1,0.016,0.192,217.14702548099038,0.0,4.477351337565548,1.0,1,,True
107,CANT41-CANT41,,113,113,0.1,0.016,0.192,217.14702548099038,0.0,4.477351337565548,1.0,1,,True
108,CANT41-CLEH41,,113,152,14.7,0.024925170068027212,0.30693877551020404,11.938515433594839,0.0,4.117950794995006,1.0,1,,True
109,CANT41-KEMS4A,,113,363,28.2,0.02490780141843972,0.3070070921985816,11.938596059199241,0.0,3.990933735773288,1.0,1,,True
110,CANT41-RICH41,,113,575,25.0,0.025536,0.307712,11.9633587623308,0.0,2.59951958702629,1.0,1,,True
111,CANT41-RICH41,,113,575,25.0,0.025536,0.307712,11.9633587623308,0.0,2.59951958702629,1.0,1,,True
112,CANT41-SELL4C,,113,613,26.711,0.024918572872599305,0.30698962974055627,11.938929613642257,0.0,4.269505240657282,1.0,1,,True
113,CANT41-SELL4D,,113,615,26.711,0.024918572872599305,0.30698962974055627,11.938929613642257,0.0,4.270948616330257,1.0,1,,True
114,CAPE1A-INCE11,,118,330,1.0,0.3878582400000001,3.5984044799999997,593.469637429175,0.0,1.049727762162956,1.0,1,,True
115,CAPE1B-INCE11,,116,330,1.0,0.38402495999999997,3.56338224,592.1908442684274,0.0,1.049727762162956,1.0,1,,True
116,CAPE4A-CONQ41,,114,154,11.543,0.014138438880706922,0.2748678852984493,13.371952064808738,0.0,4.288269124405946,1.0,1,,True
117,CAPE4A-FROD41,,114,256,18.404,0.017300586828950228,0.2543794827211476,14.433361739684008,0.0,3.4900823772512877,1.0,1,,True
118,CAPE4B-CONQ41,,115,154,11.543,0.014138438880706922,0.2748678852984493,13.371952064808738,0.0,4.288269124405946,1.0,1,,True
119,CAPE4B-FROD41,,115,256,18.315,0.017297297297297298,0.25439257439257434,14.43365446912604,0.0,3.4900823772512877,1.0,1,,True
120,CARE21-COWT2A,,121,163,27.881,0.04158140848606578,0.3929755030307378,9.421124433949045,0.0,1.1295070720873406,1.0,1,,True
121,CARE21-USKM2B,,121,747,19.94,0.04156720160481444,0.3929921013039117,9.425204358856073,0.0,1.1295070720873406,1.0,1,,True
122,CARR21-SMAN21,,128,636,10.977,0.0327246743190307,0.32793568370228654,20.427554686084154,0.0,1.3961379236767315,1.0,1,,True
123,CARR21-SMAN21,,128,636,9.427,0.0332117852975496,0.32898920653442243,17.36040403672214,0.0,1.3961379236767315,1.0,1,,True
124,CARR41-KEAR41,,123,359,13.154,0.027368100957883532,0.3130910749581876,11.740308663192426,0.0,2.8564404568156734,1.0,1,,True
125,CARR41-PEWO4A,,123,540,56.9,0.027782073813708258,0.31434797891036903,11.692014408984766,0.0,2.800148805569685,1.0,1,,True
126,CARR42-DAIN41,,127,176,2.063,0.02714493456131847,0.31333010179350457,11.731215964086154,0.0,2.165063509461097,1.0,1,,True
127,CARR4B-DAIN41,,126,176,2.036,0.029076620825147347,0.3182711198428291,11.521340459211777,0.0,2.241562420128722,1.0,1,,True
128,CELL41-DAIN41,,130,176,55.722,0.024320735077707187,0.2960410609813,27.466595166634793,0.0,3.3197640478403483,1.0,1,,True
129,CELL41-MACC41,,130,422,31.617,0.025049814972957586,0.3070247019008761,11.947758104557675,0.0,4.269505240657282,1.0,1,,True
130,CHIC41-EXET41,,143,217,75.92,0.016564805057955743,0.28587987355110644,40.063462528663926,0.0,3.199963866983501,1.0,1,,True
131,CHIC41-MANN41,,143,424,53.913,0.017361304323632525,0.2782853857140208,13.114607314052032,0.0,3.4900823772512877,1.0,1,,True
132,CHIC4A-MANN41,,144,424,54.066,0.01737136092923464,0.2782968963858987,13.114475050772736,0.0,3.4900823772512877,1.0,1,,True
133,CHIL41-FAWL41,,145,219,3.73,0.01587131367292225,0.10080428954423593,303.9859413055001,0.0,1.1547005383792515,1.0,1,,True
134,CHIL41-FAWL41,,145,219,3.69,0.016043360433604336,0.10059620596205962,303.9859413055001,0.0,1.1547005383792515,1.0,1,,True
135,CHIL41-LOVE41,,145,418,22.694000000000003,0.014171146558561732,0.27425751299903056,17.750380244819183,0.0,1.3004814813496322,1.0,1,,True
136,CHSI21-WWEY21,,136,793,15.318,0.02562304151978065,0.3075258682595639,11.955610499055998,0.0,2.317798898855807,1.0,1,,True
137,CHSI21-WWEY22,,136,795,15.347,0.025623900436567405,0.30753608197041765,11.955508193453495,0.0,2.317798898855807,1.0,1,,True
138,CHTE21-HIGM21,,140,311,43.792,0.021033807544757033,0.31188059462915607,11.799332851489725,0.0,2.6411150496019973,1.0,1,,True
139,CHTE21-HIGM21,,140,311,43.651,0.02103245057387001,0.3118831756431697,11.799455133491161,0.0,2.8867513459481287,1.0,1,,True
140,CHUE4A-TILB41,,133,708,13.525,0.024487985212569313,0.3039112754158965,19.17228691084969,0.0,3.739786368675801,1.0,1,,True
141,CHUE4A-WTHU4D,,133,786,2.419,0.025134353038445637,0.32277800744109136,11.332963599659843,0.0,4.269505240657282,1.0,1,,True
142,CHUE4B-TILB41,,132,708,13.525,0.024487985212569313,0.3039112754158965,19.17228691084969,0.0,3.739786368675801,1.0,1,,True
143,CHUE4B-WTHU4C,,132,782,2.581,0.02479659046881054,0.3217357613328167,11.364686560183795,0.0,4.269505240657282,1.0,1,,True
144,CILF2A-UPPB21,,148,745,6.975,0.03458691756272401,0.32006451612903225,11.419064263762268,0.0,1.599785109536345,1.0,1,,True
145,CILF2B-UPPB22,,146,743,6.975,0.03458691756272401,0.32006451612903225,11.419064263762268,0.0,1.599785109536345,1.0,1,,True
146,CILF41-IMPP41,,147,329,25.119,0.017389227278155978,0.2800111469405629,13.048912234729071,0.0,3.199963866983501,1.0,1,,True
147,CILF41-RASS41,,147,562,26.901,0.017367384112114793,0.27829448719378463,13.114412274808615,0.0,3.199963866983501,1.0,1,,True
148,CILF41-RHIG41,,147,574,25.011,0.01733637199632162,0.27827755787453523,13.11464475491664,0.0,3.199963866983501,1.0,1,,True
149,CILF41-SWAN41,,147,681,61.595,0.0173520577968991,0.27828232811104797,13.114359559089694,0.0,3.199963866983501,1.0,1,,True
150,CILF41-SWAN42,,147,677,61.655,0.017361122374503286,0.27829697510339796,13.114310520425873,0.0,3.8855673116461813,1.0,1,,True
151,CILF41-WHSO4A,,147,806,35.208,0.01740513519654624,0.2795273801408771,13.067516775063721,0.0,3.199963866983501,1.0,1,,True
152,CITR41-CITR41,,150,150,0.1,0.016,0.128,358.09862195674094,0.0,1.9500005341879612,1.0,1,,True
153,CITR41-CITR41,,150,150,0.1,0.016,0.128,358.09862195674094,0.0,1.9658776665906759,1.0,1,,True
154,CITR41-PUDM41,,150,554,7.29,0.01448559670781893,0.13124828532235938,358.0986219567409,0.0,1.4202816622064793,1.0,1,,True
155,CITR41-SJOW41,,150,650,7.243,0.014358691150075934,0.131216346817617,358.0986219567409,0.0,1.4202816622064793,1.0,1,,True
156,CITR41-SJOW41,,150,650,6.776,0.014403778040141675,0.13128689492325854,358.09862195674094,0.0,1.4202816622064793,1.0,1,,True
157,CITR41-WHAM4B,,150,796,9.39,0.01448349307774228,0.13120340788072418,358.0986219567409,0.0,1.4202816622064793,1.0,1,,True
158,CLEH41-KEMS4B,,152,365,13.5,0.02488888888888889,0.306962962962963,11.938536485835987,0.0,4.117950794995006,1.0,1,,True
159,CONQ41-DAIN41,,154,176,60.331,0.02492914090600189,0.3069731978584807,11.938335450908282,0.0,4.117950794995006,1.0,1,,True
160,CONQ41-DAIN41,,154,176,60.294,0.024891365641689055,0.306816598666534,11.944704654225575,0.0,4.117950794995006,1.0,1,,True
161,CONQ41-FLIB41,,154,240,3.495,0.010071530758226038,0.22889842632331903,250.00019753662502,0.0,2.0048488097609756,1.0,1,,True
162,CONQ41-FLIB41,,154,240,3.388,0.01038961038961039,0.22904368358913815,250.00021349773792,0.0,2.0048488097609756,1.0,1,,True
163,CONQ41-PENM4A,,154,537,30.427,0.017300423965556908,0.2776481414533145,14.52281663481328,0.0,3.199963866983501,1.0,1,,True
164,CONQ41-PENM4B,,154,536,30.427,0.017300423965556908,0.2776481414533145,14.52281663481328,0.0,3.199963866983501,1.0,1,,True
165,CONQ41-TREU4A,,154,734,14.323,0.027368568037422332,0.3130070515953362,11.746330401621968,0.0,3.094597442856394,1.0,1,,True
166,CONQ41-TREU4B,,154,733,14.323,0.027368568037422332,0.3130070515953362,11.746330401621968,0.0,2.8564404568156734,1.0,1,,True
167,COSO41-RAYL41,,157,568,13.913,0.0249550779846187,0.31027096959677997,11.811217435431592,0.0,3.8437094171299337,1.0,1,,True
168,COSO41-TILB4B,,157,706,12.363,0.024977756208040124,0.3106042222761466,11.796299703039018,0.0,3.1277950833347976,1.0,1,,True
169,COTT41-MARH4B,,158,430,100.853,0.028112202909184654,0.31494551475910487,11.663927067188503,0.0,2.5201339250127166,1.0,1,,True
170,COTT41-RYHA4A,,158,598,76.891,0.01735443680014566,0.27829524911888254,13.114536212767074,0.0,3.199963866983501,1.0,1,,True
171,COTT41-STAY41,,158,660,28.288,0.02861990950226244,0.3135746606334841,15.16298534289396,0.0,2.8564404568156734,1.0,1,,True
172,COTT42-RYHA4B,,159,597,76.816,0.01737138096229952,0.2782961882941054,13.114598534626356,0.0,3.199963866983501,1.0,1,,True
173,COTT42-STAY41,,159,660,27.698,0.025474763520831827,0.30598599176835867,12.018933337848155,0.0,2.8564404568156734,1.0,1,,True
174,COTT42-WBUR42,,159,776,6.76,0.024852071005917162,0.3126627218934911,11.754746185236808,0.0,4.288269124405946,1.0,1,,True
175,COVE21-NECH21,,160,461,30.715,0.01524072114601986,0.27603186553801073,13.291107765619707,0.0,2.1372457237637783,1.0,1,,True
176,COVE21-RATS2A,,160,567,65.363,0.025118472989305873,0.30526291632880986,15.031102188354197,0.0,2.099455524325912,1.0,1,,True
177,COWL41-CULJ4A,,165,175,6.496,0.017241379310344827,0.27832512315270935,13.114480012855395,0.0,3.199963866983501,1.0,1,,True
178,COWL41-DIDC41,,165,178,11.503,0.01738676866904286,0.2783273928540381,13.114233102047674,0.0,3.199963866983501,1.0,1,,True
179,COWL41-ECLA41,,165,195,36.301,0.01736591278477177,0.2782953637640836,13.114630807977443,0.0,3.199963866983501,1.0,1,,True
180,COWL41-LEIB4A,,165,398,52.495,0.01636727307362606,0.27720735308124583,13.195618342248421,0.0,3.199963866983501,1.0,1,,True
181,COWL41-MITY41,,165,451,102.197,0.022200260281612965,0.28952708983629655,19.09119193745725,0.0,1.2658404651982544,1.0,1,,True
182,COWL41-WALH41,,165,752,91.645,0.019728299416225656,0.2857286267663266,19.988819732930146,0.0,1.2658404651982544,1.0,1,,True
183,COWT2A-PYLE21,,163,556,22.6,0.04463882743362831,0.3108990597345133,11.815342639879784,0.0,1.6585698642174704,1.0,1,,True
184,CREB2A-HEDO21,,171,306,20.347,0.02096254976163562,0.2819908954637047,13.057238736626664,0.0,3.1911723969753862,1.0,1,,True
185,CREB2B-SAEN21,,172,599,20.347,0.02096254976163562,0.2819908954637047,13.057238736626664,0.0,3.1911723969753862,1.0,1,,True
186,CREB41-GART4A,,167,258,32.081,0.01735606745425641,0.2782955643527321,13.11418424860367,0.0,3.8437094171299337,1.0,1,,True
187,CREB41-GART4B,,167,257,32.109,0.017340932448846116,0.27830203369771717,13.11414871994038,0.0,3.8437094171299337,1.0,1,,True
188,CULJ4A-DIDC41,,175,178,4.898,0.017313189056757862,0.2783176806859943,13.114523281315789,0.0,3.199963866983501,1.0,1,,True
189,DAIN41-MACC41,,176,422,35.993,0.02404912066235101,0.28943405662212096,36.92233946195169,0.0,3.094597442856394,1.0,1,,True
190,DAMC41-KINO41,,177,369,0.919,0.0017410228509249183,0.008705114254624592,57.29534655621486,0.0,2.2054780283043707,1.0,1,,True
191,DIDC41-DIDC41,,178,178,0.0,0.0001,0.0001,100000.0,0.0,3.81051177665153,1.0,1,,True
192,DINO41-PENT41,,179,535,10.762,0.011150343802267235,0.17602676082512544,397.88735772971205,0.0,2.2473359228206182,1.0,1,,True
193,DINO41-PENT41,,179,535,10.728,0.013870246085011185,0.20909768829231917,235.4348601098865,0.0,2.2675431822422554,1.0,1,,True
194,DRAK41-BUST4A,,184,104,34.592,0.017345050878815913,0.2783071230342276,13.114110579566857,0.0,1.592043367290393,1.0,1,,True
195,DRAK41-BUST4B,,184,105,34.537,0.01737267278570808,0.2782870544633292,13.114142428435763,0.0,3.199963866983501,1.0,1,,True
196,DRAK41-HAMH41,,184,287,29.434,0.02902765509274988,0.3183801046408915,11.529122111290624,0.0,2.5201339250127166,1.0,1,,True
197,DRAK41-OLDB4A,,184,507,49.318,0.029879557159657733,0.3179042134717547,14.726705182267825,0.0,1.5415252187363009,1.0,1,,True
198,DRAK41-RATS41,,184,564,32.907,0.028297930531497862,0.3175980794359862,11.563000549138513,0.0,2.5201339250127166,1.0,1,,True
199,DRAK41-RUGE41,,184,588,20.966,0.028923018219975203,0.3184584565486979,11.52850437073628,0.0,2.5201339250127166,1.0,1,,True
200,DRAK41-WILE41,,184,825,16.937,0.029096061876365355,0.3183562614394521,11.528443791432382,0.0,2.5201339250127166,1.0,1,,True
201,DRAX41-DRAX42,,187,186,0.0,0.0001,0.0001,100000.0,0.0,1.905255888325765,1.0,1,,True
202,DRAX41-EGGB42,,187,201,11.828000000000001,0.01731484612783226,0.2728440987487318,50.96359126849216,0.0,2.710659513845293,1.0,1,,True
203,DRAX41-FENW4A,,187,223,13.443,0.017377073569887675,0.2782712192218999,13.11462540626781,0.0,3.8855673116461813,1.0,1,,True
204,DRAX41-THTO42,,187,692,22.579,0.014030736525089686,0.27473315913016516,13.396780458251431,0.0,4.792007234273894,1.0,1,,True
205,DRAX42-EGGB41,,186,202,11.188,0.017733285663210585,0.28358956024311766,12.910534326048332,0.0,3.5319402717675357,1.0,1,,True
206,DRAX42-THOM41,,186,696,21.73,0.022899217671421997,0.29393465255407275,12.491795360808291,0.0,3.2447085128456967,1.0,1,,True
207,DRAX42-THTO41,,186,693,22.579,0.014030736525089686,0.27473315913016516,13.396780458251431,0.0,4.792007234273894,1.0,1,,True
208,DUNG41-NINF41,,189,475,44.081,0.01419205553413035,0.2748032031941199,13.371437872716552,0.0,3.4900823772512877,1.0,1,,True
209,DUNG41-NINF41,,189,475,44.056,0.014200108952242602,0.2748138732522245,13.371484404474169,0.0,3.4900823772512877,1.0,1,,True
210,DUNG41-SELL4E,,189,616,25.387,0.024894631110410844,0.3069917674400284,11.938501477270005,0.0,3.4900823772512877,1.0,1,,True
211,DUNG41-SELL4F,,189,617,25.403,0.024941935991811996,0.30698736369720114,11.938421977655208,0.0,3.4900823772512877,1.0,1,,True
212,EALI21-LALE21,,190,386,19.658,0.02042775206022993,0.15049598127988603,358.19073788714866,0.0,0.8418816652546907,1.0,1,,True
213,EALI21-LALE21,,190,386,19.658,0.02042775206022993,0.15049598127988603,358.19073788714866,0.0,0.8943680533628384,1.0,1,,True
214,EALI21-WISD2A,,190,821,6.075,0.01506275720164609,0.17315946502057614,426.3770614488771,0.0,1.5430998103795452,1.0,1,,True
215,EASO41-WYMO41,,197,840,35.272,0.017373554093898843,0.27829439782263554,13.114591567991534,0.0,3.199963866983501,1.0,1,,True
216,EASO4A-RYHA4B,,199,597,58.769,0.017369701713488405,0.2782963807449506,13.114325063717384,0.0,3.199963866983501,1.0,1,,True
217,EASO4B-RYHA4A,,198,598,58.95,0.017370653095843937,0.2782832909245123,13.114185072286855,0.0,3.199963866983501,1.0,1,,True
218,EASO4B-WYMO41,,198,840,35.272,0.017373554093898843,0.27829439782263554,13.114591567991534,0.0,3.199963866983501,1.0,1,,True
219,ECLA41-LEIB4B,,195,397,15.985,0.014113231154207068,0.27475758523615895,13.380440324328768,0.0,3.199963866983501,1.0,1,,True
220,ECLA41-PAFB4A,,195,519,44.72,0.029123434704830056,0.3183542039355993,11.52965812584134,0.0,2.5201339250127166,1.0,1,,True
221,ECLA41-PAFB4B,,195,520,44.886,0.02912266631020808,0.31835316134206654,11.529523264891921,0.0,2.5201339250127166,1.0,1,,True
222,EGGB41-ROCH4A,,202,580,85.575,0.026475021910604732,0.3031539585159217,14.984649447751286,0.0,1.6194675050769003,1.0,1,,True
223,EGGB41-THOM41,,202,696,28.267,0.01658471008596597,0.27718541054940393,15.377297007642671,0.0,2.59951958702629,1.0,1,,True
224,EGGB42-FERR4A,,201,229,11.864,0.017262306136210385,0.2782198246797033,13.117806903438943,0.0,3.199963866983501,1.0,1,,True
225,EGGB42-STSB4B,,201,667,48.084,0.017303052990599782,0.2782131270277015,13.118557358239492,0.0,3.199963866983501,1.0,1,,True
226,ELLA21-FERR22,,203,226,45.565,0.026107346647646218,0.30281534620871287,12.144880370118775,0.0,2.416473308499125,1.0,1,,True
227,ELLA21-KIRK21,,203,372,39.038999999999994,0.03134333615102846,0.3053941251056636,69.08225992396798,0.0,1.2995629695577395,1.0,1,,True
228,ELLA21-STAL21,,203,654,39.6,0.031453125,0.3174722222222222,11.552690488087526,0.0,1.599785109536345,1.0,1,,True
229,ELST12-HEND11,,210,307,1.0,0.1411344,1.1046816000000002,2924.7826433667087,0.0,0.9535027172980184,1.0,1,,True
230,ELST21-MILH2A,,213,444,12.713000000000001,0.032598521198772906,0.23574441516557848,184.33700164331034,0.0,0.9027658754601421,1.0,1,,True
231,ELST21-MILH2B,,213,445,12.657,0.03262325195543968,0.2361302046298491,183.56766527180727,0.0,0.9027658754601421,1.0,1,,True
232,ELST21-WARL21,,213,762,59.469,0.031143221678521578,0.313657640955792,13.633056287390023,0.0,1.2995629695577395,1.0,1,,True
233,ELST21-WATS21,,213,770,5.797,0.033135673624288424,0.3125711574952562,42.12396290891432,0.0,1.2995629695577395,1.0,1,,True
234,ELST22-WARL21,,206,762,59.834,0.03104171541264164,0.3130966507336965,16.072624311317263,0.0,1.2995629695577395,1.0,1,,True
235,ELST22-WATS22,,206,771,5.62,0.03377557829181495,0.31582184163701066,29.04099090417777,0.0,1.2995629695577395,1.0,1,,True
236,ELST41-ELST4A,,209,208,0.0,0.0001,0.0001,100000.0,0.0,2.886751345948129,1.0,1,,True
237,ELST41-SJOW41,,209,650,20.0,0.011200000000000002,0.14079999999999998,242.99975654947843,0.0,2.400333744155869,1.0,1,,True
238,ENDE41-PAFB4A,,215,519,41.13,0.027580841235108195,0.3131923170435206,11.732936843804831,0.0,2.5201339250127166,1.0,1,,True
239,ENDE41-PAFB4B,,215,520,41.13,0.027580841235108195,0.3131923170435206,11.732936843804831,0.0,2.5201339250127166,1.0,1,,True
240,ENDE41-RATS41,,215,564,36.941,0.01728161121788798,0.25432987737202567,14.434820394916983,0.0,3.199963866983501,1.0,1,,True
241,ENDE41-RATS41,,215,564,36.873,0.01727008922517832,0.25436498250752587,14.434949332720471,0.0,3.199963866983501,1.0,1,,True
242,EXET41-TAUN41,,217,686,38.147,0.029108448895063834,0.31834744540855114,11.529419052971187,0.0,2.5201339250127166,1.0,1,,True
243,EXET41-TAUN42,,217,687,38.107,0.029097016296218543,0.3183457107618023,11.52940927595259,0.0,2.5201339250127166,1.0,1,,True
244,FAWL41-MANN41,,219,424,61.115,0.01691237830319889,0.2578483187433527,25.36006998904695,0.0,3.199963866983501,1.0,1,,True
245,FAWL41-MAWO41,,219,425,18.639,0.018370084231986692,0.26284671924459474,14.05349931063845,0.0,3.1277950833347976,1.0,1,,True
246,FECK41-HAMH41,,222,287,43.314,0.02881285496606178,0.31845592649028026,11.529400281963902,0.0,2.5201339250127166,1.0,1,,True
247,FECK41-IRON41,,222,338,66.123,0.029762714940338462,0.31814648458176426,11.53462951955778,0.0,2.5201339250127166,1.0,1,,True
248,FECK41-MITY41,,222,451,78.649,0.031064603491462065,0.3189258604686646,11.49732018505085,0.0,2.4710591521315983,1.0,1,,True
249,FECK41-WALH41,,222,752,67.986,0.02911187597446533,0.3183478951548848,11.529550817984234,0.0,2.4710591521315983,1.0,1,,True
250,FENW4A-KEAD42,,223,352,42.517,0.00745113719218195,0.08132276501164239,11.529393778634821,0.0,3.8437094171299337,1.0,1,,True
251,FENW4A-THOM42,,223,699,8.287,0.031857125618438516,0.319150476650175,11.48145334305612,0.0,2.5201339250127166,1.0,1,,True
252,FERR21-MONF21,,225,457,4.485,0.01736761426978818,0.27838768115942025,13.106729304675907,0.0,2.534042817861376,1.0,1,,True
253,FERR21-SKLG21,,225,634,20.718,0.03617355681050294,0.3604214933873926,19.92526398635791,0.0,1.5787905542930858,1.0,1,,True
254,FERR22-FERR2B,,226,224,0.7140000000000001,0.02118347338935574,0.24784663865546216,78.17997936095847,0.0,2.0595658693637198,1.0,1,,True
255,FERR23-FERR2A,,230,231,0.586,0.016776877133105803,0.27875426621160415,13.108409269407494,0.0,2.576031928347894,1.0,1,,True
256,FERR2A-MONF22,,231,452,3.922,0.017354028556858744,0.27843574706782254,13.105812366185901,0.0,2.1372457237637783,1.0,1,,True
257,FERR2B-SKLG21,,224,634,20.105,0.03667464561054464,0.36377486943546383,18.327661217334242,0.0,1.5787905542930858,1.0,1,,True
258,FFES21-TRAW21,,233,728,7.424,0.07853835533405171,0.3138478246228448,16.366788604932076,0.0,0.6928203230275509,1.0,1,,True
259,FFES22-TRAW21,,232,728,7.358,0.07934561022016853,0.31604631013862466,11.528283846915842,0.0,0.9279593417520531,1.0,1,,True
260,FIDF21-FIDF21,,234,234,0.0,0.0001,0.0001,100000.0,0.0,1.574591643244434,1.0,1,,True
261,FIDF21-FIDF21,,234,234,0.0,0.0001,0.0001,100000.0,0.0,1.574591643244434,1.0,1,,True
262,FIDF21-FROD21,,234,255,9.145,0.017366047020229636,0.2783529250956807,13.10997932925782,0.0,2.317798898855807,1.0,1,,True
263,FIDF21-FROD22,,234,253,9.145,0.017366047020229636,0.2783529250956807,13.10997932925782,0.0,2.317798898855807,1.0,1,,True
264,FIDF21-RAIN21,,234,561,7.963,0.017379599397212106,0.25433096822805473,14.42961562172275,0.0,2.317798898855807,1.0,1,,True
265,FIDF21-RAIN21,,234,561,7.963,0.017379599397212106,0.25433096822805473,14.42961562172275,0.0,2.317798898855807,1.0,1,,True
266,FLEE41-LOVE41,,239,418,41.095,0.02491787322058645,0.30699598491300645,11.938557158988235,0.0,4.328683643249219,1.0,1,,True
267,FLEE41-LOVE41,,239,418,41.095,0.02491787322058645,0.30699598491300645,11.938557158988235,0.0,4.328683643249219,1.0,1,,True
268,FOUR21-HARK24,,245,289,55.711,0.04464659133743786,0.3204672326829531,11.492308142700566,0.0,1.4696188670281383,1.0,1,,True
269,FOUR21-STEW21,,245,665,27.731,0.044642502975009914,0.32046063070210234,11.492449582331075,0.0,1.4696188670281383,1.0,1,,True
270,FROD41-ROCK41,,256,582,1.197,0.029406850459482037,0.31812865497076026,11.496185686785374,0.0,1.5877132402714709,1.0,1,,True
271,GART4A-HUMR41,,258,317,37.372,0.017681686824360488,0.3003317992079632,12.285139480025851,0.0,4.074649524805784,1.0,1,,True
272,GART4A-KEAD43,,258,355,5.711,0.017369987742952196,0.2781999649798634,13.112656207023134,0.0,3.8855673116461813,1.0,1,,True
273,GART4B-KEAD41,,257,351,5.689,0.017437159430479875,0.2781508173668483,13.112657982765876,0.0,3.8855673116461813,1.0,1,,True
274,GART4B-KILL41,,257,367,34.462,0.017642620857756367,0.300249550229238,12.28939910271811,0.0,4.074649524805784,1.0,1,,True
275,GRAI41-GRAI41,,259,259,0.0,0.0001,0.0001,100000.0,0.0,2.889638097294077,1.0,1,,True
276,GRAI41-GRAI41,,259,259,0.0,0.0001,0.0001,100000.0,0.0,4.288269124405946,1.0,1,,True
277,GRAI41-GRAI41,,259,259,0.0,0.0001,0.0001,100000.0,0.0,4.288269124405946,1.0,1,,True
278,GRAI41-GRAI41,,259,259,0.0,0.0001,0.0001,100000.0,0.0,4.288269124405946,1.0,1,,True
279,GRAI41-KEMS41,,259,362,9.922,0.01709332795807297,0.24382181011892765,69.69404903172504,0.0,3.4597714881188324,1.0,1,,True
280,GRAI41-KEMS41,,259,362,9.922,0.01709332795807297,0.24382181011892765,69.69404903172504,0.0,3.4597714881188324,1.0,1,,True
281,GRAI41-MEDW41,,259,433,2.5,0.03456,0.32832,11.097078407081671,0.0,2.0062921854339497,1.0,1,,True
282,GREN41-MARH4A,,267,429,28.74,0.029060542797494784,0.3182741823242867,11.531949630066748,0.0,3.339971307261985,1.0,1,,True
283,GREN41-MARH4B,,267,430,28.56,0.029131652661064426,0.3183193277310925,11.529608156398593,0.0,2.5201339250127166,1.0,1,,True
284,GREN41-MILL4A,,267,442,26.0,0.02910769230769231,0.3183384615384615,11.529627875013606,0.0,2.5201339250127166,1.0,1,,True
285,GREN41-MILL4B,,267,440,26.0,0.02910769230769231,0.3183384615384615,11.529627875013606,0.0,2.5201339250127166,1.0,1,,True
286,GRIW41-KEAD41,,273,351,49.379,0.015229145993235993,0.2828732862147877,13.027972596670162,0.0,3.8437094171299337,1.0,1,,True
287,GRIW41-SHBA41,,273,635,12.673,0.01603408821904837,0.28836108261658644,12.793744133297594,0.0,3.585345171667576,1.0,1,,True
288,GRSA21-LACK2A,,271,381,1.166,0.031780660377358494,0.30224056603773586,67.63729739223217,0.0,2.147743001385408,1.0,1,,True
289,GRSA21-LACK2B,,271,380,1.166,0.031780660377358494,0.30224056603773586,67.63729739223217,0.0,2.099455524325912,1.0,1,,True
290,GRSA21-WILT2A,,271,827,1.0,0.0001,0.0831875,100000.0,0.0,0.3842003609516419,1.0,1,,True
291,GRSA21-WILT2B,,271,829,1.0,0.0001,0.0831875,100000.0,0.0,0.3883992720002937,1.0,1,,True
292,GRSB21-LACK2B,,272,380,0.78,0.030056089743589743,0.288926282051282,95.59954132030795,0.0,2.099455524325912,1.0,1,,True
293,GRSB21-LACK2C,,272,379,0.78,0.030056089743589743,0.288926282051282,95.59954132030795,0.0,2.099455524325912,1.0,1,,True
294,GRSB21-WILT2C,,272,826,1.0,0.0001,0.0831875,100000.0,0.0,0.3779019943786641,1.0,1,,True
295,GRSB21-WILT2D,,272,828,1.0,0.0001,0.0831875,100000.0,0.0,0.3988965496219233,1.0,1,,True
296,HACK41-HIBU41,,279,313,6.858,0.010032079323417906,0.19294254884806067,210.04600093764083,0.0,2.309401076758503,1.0,1,,True
297,HACK41-HIBU41,,279,313,6.858,0.010032079323417906,0.19294254884806067,210.04600093764083,0.0,2.309401076758503,1.0,1,,True
298,HACK41-WHAM41,,279,798,6.148,0.012752114508783345,0.23526350032530904,328.85377172725134,0.0,2.2906371930098404,1.0,1,,True
299,HACK41-WHAM41,,279,798,6.148,0.012752114508783345,0.23526350032530904,328.85377172725134,0.0,2.2906371930098404,1.0,1,,True
300,HAMB4A-HEYS41,,284,309,25.85,0.014174081237911026,0.274816247582205,13.37063139660659,0.0,4.471577834873652,1.0,1,,True
301,HAMB4A-PEWO41,,284,543,20.45,0.024097799511002445,0.3064645476772616,24.300508279222555,0.0,3.159549348140227,1.0,1,,True
302,HAMB4A-STAH4A,,284,657,3.926,0.034640855832908816,0.32847682119205296,11.131420768273797,0.0,0.34641016151377546,1.0,1,,True
303,HAMB4B-HEYS41,,283,309,26.02,0.014204458109146811,0.274803996925442,13.370284422281417,0.0,4.4903417186223145,1.0,1,,True
304,HAMB4B-PEWO41,,283,543,20.29,0.02428782651552489,0.30840808279940857,20.493061875223315,0.0,3.159549348140227,1.0,1,,True
305,HAMB4B-STAH4B,,283,656,3.926,0.034640855832908816,0.32847682119205296,11.131420768273797,0.0,0.34641016151377546,1.0,1,,True
306,HAMH1A-LEMR11,,285,392,1.0,0.0278784,0.1707552,354.77375973879754,0.0,0.1312159702703695,1.0,1,,True
307,HAMH1B-LEMR11,,286,392,1.0,0.047044800000000005,0.2247696,77.45851127858387,0.0,0.1312159702703695,1.0,1,,True
308,HAMH2A-NECH21,,288,461,10.439,0.017314278187565858,0.27840489989462586,13.108595734489672,0.0,2.523545540239746,1.0,1,,True
309,HAMH41-WILE41,,287,825,84.84,0.022743988684582744,0.29753889674681755,18.124979127359417,0.0,2.5201339250127166,1.0,1,,True
310,HARK23-STEW21,,295,665,83.799,0.04461747753553144,0.3202820141051802,11.914634601200012,0.0,1.4192319344443165,1.0,1,,True
311,HARM21-HATL21,,299,298,13.983,0.025527426160337555,0.3083842880640778,11.934539513365737,0.0,1.9419963600014685,1.0,1,,True
312,HARM21-HAWP21,,299,305,17.287,0.0255480997281194,0.30767086539017763,11.961248456353147,0.0,2.1372457237637783,1.0,1,,True
313,HATL21-HAWP2A,,298,302,31.443,0.02563885443500938,0.30812323092580224,11.944333545194768,0.0,1.9440958155257944,1.0,1,,True
314,HATL21-SALH21,,298,602,7.794,0.03172873364126251,0.3253408070310495,11.274913830719107,0.0,2.42907004164508,1.0,1,,True
315,HATL21-TODP21,,298,719,18.433,0.02925222427168665,0.3182051212499322,11.523356399532416,0.0,2.42907004164508,1.0,1,,True
316,HATL21-WBOL21,,298,773,49.164,0.029672244935318517,0.3135505654543975,11.705635345121701,0.0,1.9440958155257944,1.0,1,,True
317,HAWP2A-WBOL21,,302,773,17.721,0.03008612662942272,0.3138772501551832,11.684935162192485,0.0,2.14144463481243,1.0,1,,True
318,HAWP4A-NORT41,,301,486,30.157,0.017773651225254504,0.2817256358391087,12.980849101010243,0.0,3.1913036129456565,1.0,1,,True
319,HEDO21-SAES21,,306,601,0.605,0.02125,0.2825,13.051553232281993,0.0,3.1911723969753862,1.0,1,,True
320,HEYS41-MIDL41,,309,438,0.9,0.014222222222222223,0.27555555555555555,13.371225705039047,0.0,4.288269124405946,1.0,1,,True
321,HEYS41-QUER4B,,309,557,9.604,0.014160766347355273,0.27488546438983763,13.37194013094862,0.0,4.471577834873652,1.0,1,,True
322,HIBU41-SJOW41,,313,650,5.814,0.01018231854145167,0.19291365669074648,210.04606380542901,0.0,2.309401076758503,1.0,1,,True
323,HIBU41-SJOW41,,313,650,5.814,0.01018231854145167,0.19291365669074648,210.04606380542901,0.0,2.309401076758503,1.0,1,,True
324,HIGM21-THUR2A,,311,700,46.867,0.07938954914972156,0.31602526831245864,11.491809610332595,0.0,1.123208705514363,1.0,1,,True
325,HIGM41-WBUR41,,310,775,15.081,0.026947815131622574,0.3138253431470062,17.488337942306767,0.0,2.8564404568156734,1.0,1,,True
326,HIGM4A-STOB41,,312,669,39.671,0.029119507952912706,0.31833833278717455,11.52841283545318,0.0,2.7481872813426187,1.0,1,,True
327,HINP41-SHUR41,,314,626,1.2,0.02666666666666667,0.31733333333333336,11.580179973925162,0.0,4.2723919920032305,1.0,1,,True
328,HINP41-TAUN42,,314,687,26.613,0.029098560853718106,0.318340660579416,11.527864095648537,0.0,2.8564404568156734,1.0,1,,True
329,HUMR41-KILL41,,317,367,2.879,0.01778395276137548,0.30177144841959014,12.235139902678503,0.0,3.9995939898111326,1.0,1,,True
330,HUTT41-HUTT42,,327,324,0.0,0.0001,0.0001,100000.0,0.0,3.9995939898111326,1.0,1,,True
331,HUTT41-HUTT43,,327,326,0.0,0.0001,0.0001,100000.0,0.0,3.9995939898111326,1.0,1,,True
332,HUTT41-QUER4A,,327,558,34.42,0.024915746658919234,0.30758861127251597,11.914541567066735,0.0,4.269505240657282,1.0,1,,True
333,HUTT41-QUER4B,,327,557,34.42,0.024915746658919234,0.30758861127251597,11.914541567066735,0.0,4.269505240657282,1.0,1,,True
334,IMPP41-MELK41,,329,434,82.688,0.01706656346749226,0.27339396284829715,31.32645967272633,0.0,2.055366958315068,1.0,1,,True
335,INDQ41-LAND41,,331,389,49.565,0.03454050237062443,0.32025824674669623,11.429839154296758,0.0,2.7582909110534373,1.0,1,,True
336,INDQ41-LAND42,,331,390,49.565,0.03454050237062443,0.32025824674669623,11.429839154296758,0.0,1.5992602456552634,1.0,1,,True
337,IROA11-OLDS12,,336,510,1.0,0.5192352,4.122518400000001,630.810397723001,0.0,1.596460971622829,1.0,1,,True
338,IROA12-OLDS12,,333,510,1.0,0.5174928,4.1138064,491.96999741327585,0.0,1.600834837298508,1.0,1,,True
339,IROA21-MELK2A,,335,435,34.063,0.04133920969967413,0.39054674426797403,13.308516444769666,0.0,1.100114694746778,1.0,1,,True
340,IROA21-MELK2B,,335,436,34.634,0.04098519518392331,0.38657533059998844,18.994469643537517,0.0,1.100114694746778,1.0,1,,True
341,IROA21-WHSO2A,,335,805,34.621,0.04440819878108662,0.32038123537737206,11.495425139701016,0.0,1.501110699893027,1.0,1,,True
342,IROA21-WHSO2B,,335,810,34.555,0.044514903776588045,0.3203584864708436,11.495577851992866,0.0,1.501110699893027,1.0,1,,True
343,IRON41-LEGA4B,,338,394,62.073,0.025544117410146117,0.3076893335266541,11.963382443400741,0.0,2.889638097294077,1.0,1,,True
344,IRON41-PENN4A,,338,532,27.761,0.033082381758582184,0.31981556860343646,11.455403627472393,0.0,1.5992602456552634,1.0,1,,True
345,IRON41-PENN4B,,338,531,24.617,0.03171791851159767,0.3191290571556241,11.486478029174847,0.0,1.9427836558230906,1.0,1,,True
346,IRON41-RUGE41,,338,588,58.681,0.030946984543549022,0.3190402344881648,11.494497299080644,0.0,1.5992602456552634,1.0,1,,True
347,IRON41-SHRE4A,,338,623,15.129,0.02559323154207152,0.30764756428052087,11.963314873480076,0.0,3.094597442856394,1.0,1,,True
348,IVER21-NHYD2A,,347,483,13.63,0.03329053558327219,0.19358446441672778,281.58586956289844,0.0,0.7998925547681724,1.0,1,,True
349,IVER21-WWEY22,,347,795,25.994,0.028365920981765023,0.3080975417404016,17.743486395465098,0.0,1.76144318490944,1.0,1,,True
350,IVER22-NHYD2B,,348,482,13.63,0.03329053558327219,0.19358446441672778,281.58586956289844,0.0,0.7998925547681724,1.0,1,,True
351,IVER22-WATS21,,348,770,14.364,0.033853296435533274,0.31642039125591753,26.41883194538809,0.0,1.3247564358496504,1.0,1,,True
352,IVER22-WATS22,,348,771,14.317,0.033911608577215896,0.31677245582175034,25.00356451705364,0.0,1.3247564358496504,1.0,1,,True
353,IVER2A-LALE21,,346,386,17.588,0.028206731862633616,0.30713519160791447,22.066195670948197,0.0,1.3961379236767315,1.0,1,,True
354,JORD21-NORL2B,,350,487,2.843,0.02899446007738304,0.19125703482237075,297.84218380789576,0.0,0.7998925547681724,1.0,1,,True
355,KEAD43-KILL41,,355,367,41.067,0.015701171256726813,0.28616650838873064,12.887618701014015,0.0,3.918764952124585,1.0,1,,True
356,KEAD43-WBUR41,,355,775,28.266,0.01737776834359301,0.27827071393193237,13.11447485550396,0.0,4.288269124405946,1.0,1,,True
357,KEAR21-WHGA21,,361,803,14.75,0.0341978813559322,0.31829152542372885,18.707614640424104,0.0,1.3961379236767315,1.0,1,,True
358,KEAR21-WHGA21,,361,803,14.638,0.034356213280502805,0.3191253074190463,15.350202485806207,0.0,0.6067426465301885,1.0,1,,True
359,KEAR41-PADI41,,359,517,39.101,0.023201452648269866,0.29854990920948316,12.315621643342302,0.0,2.800148805569685,1.0,1,,True
360,KEMS41-LOFI4A,,362,415,38.035,0.026207440515314845,0.30540291836466416,12.030613578196121,0.0,3.990933735773288,1.0,1,,True
361,KEMS41-LOFI4B,,362,414,37.572,0.026274885553071434,0.30558926860427976,12.022876255385148,0.0,3.990933735773288,1.0,1,,True
362,KENG41-SJOW41,,366,650,4.769,0.010736003355001049,0.18922205913189347,217.15105107650527,0.0,1.7320508075688774,1.0,1,,True
363,KENG41-SJOW41,,366,650,4.756,0.010765349032800672,0.18906644238856182,217.15104116500447,0.0,1.7320508075688774,1.0,1,,True
364,KENG41-WIMB41,,366,832,12.329,0.01103090274961473,0.20206018330764863,217.15100306366864,0.0,2.309401076758503,1.0,1,,True
365,KENG41-WIMB41,,366,832,12.2,0.01101639344262295,0.2020983606557377,217.15093912713203,0.0,2.309401076758503,1.0,1,,True
366,KENG41-WISD41,,366,819,2.939,0.010888057162300104,0.1889077917659068,217.15118847393023,0.0,2.309401076758503,1.0,1,,True
367,KENG41-WISD42,,366,816,2.989,0.010705921712947476,0.18895951823352292,217.15078604233398,0.0,2.309401076758503,1.0,1,,True
368,KIBY21-LISD21,,371,401,10.239,0.012777737083699578,0.2190680242211153,250.00043492393516,0.0,1.4654199559794865,1.0,1,,True
369,KIBY21-LISD21,,371,401,9.518,0.018115675562092873,0.15954507249422148,381.7615874914805,0.0,1.2995629695577395,1.0,1,,True
370,KIBY21-RAIN21,,371,561,11.236,0.017364943040227836,0.2542819953720185,14.429391367078813,0.0,2.6411150496019973,1.0,1,,True
371,KIBY21-RAIN21,,371,561,11.236,0.017364943040227836,0.2542819953720185,14.429391367078813,0.0,2.6411150496019973,1.0,1,,True
372,KIBY21-WASF2A,,371,767,10.945,0.028605527638190954,0.30940954773869345,11.879576024800585,0.0,2.85525951308324,1.0,1,,True
373,KIBY21-WASF2B,,371,766,10.978,0.028588426853707417,0.309375,11.879522848573686,0.0,2.85525951308324,1.0,1,,True
374,KILL41-KILL41,,367,367,0.0,0.0001,0.0001,100000.0,0.0,3.9692831006786773,1.0,1,,True
375,KILL41-SHBA41,,367,635,17.05,0.01679765395894428,0.294099706744868,12.549904002339272,0.0,3.585345171667576,1.0,1,,True
376,KINO41-KINO41,,369,369,0.0,0.0001,0.0001,100000.0,0.0,2.889638097294077,1.0,1,,True
377,KINO41-KINO41,,369,369,0.0,0.0001,0.0001,100000.0,0.0,2.889638097294077,1.0,1,,True
378,KINO41-NFLE41,,369,481,23.626,0.019233048336578348,0.2855159569965292,12.818924916749554,0.0,3.8855673116461813,1.0,1,,True
379,KINO41-SING41,,369,627,17.685,0.017370653095843937,0.2782923381396664,13.114646293142581,0.0,3.622872939164902,1.0,1,,True
380,KIRK2A-SKLG21,,373,634,8.608,0.01282673094795539,0.21102608039033455,457.5241314532018,0.0,1.2995629695577395,1.0,1,,True
381,KITW21-OCKH21,,375,501,13.959999999999999,0.028440633954154727,0.3111134491404012,18.837939216060764,0.0,1.2995629695577395,1.0,1,,True
382,KITW21-OLDB21,,375,508,8.301,0.027422147933983856,0.3022813516443802,43.930662905814394,0.0,1.2995629695577395,1.0,1,,True
383,KNAR21-MONF21,,378,457,38.672,0.05311271721141912,0.3463668804302855,12.019080555906513,0.0,0.930058797276379,1.0,1,,True
384,LACK21-TODP21,,383,719,5.965,0.02687761944677284,0.3140370913663034,11.671046431965088,0.0,2.626418860931716,1.0,1,,True
385,LACK41-SALH41,,384,603,10.487,0.02807285210260322,0.3088013731286354,19.99491155941244,0.0,2.2920805686828145,1.0,1,,True
386,LACK41-THTO41,,384,693,97.775,0.017296855024290462,0.27061314241881873,53.919159472035155,0.0,2.930052616137351,1.0,1,,True
387,LACK41-THTO42,,384,692,97.775,0.017296855024290462,0.27061314241881873,53.919159472035155,0.0,2.930052616137351,1.0,1,,True
388,LAGA41-LAND41,,391,389,21.224,0.025555974368639277,0.30765171503957783,11.96324154078583,0.0,3.1292384590077718,1.0,1,,True
389,LAGA41-LAND42,,391,390,21.355,0.02554905174432217,0.30778740341840316,11.959538149358352,0.0,1.5992602456552634,1.0,1,,True
390,LALE21-WWEY2A,,386,791,8.395,0.028556432400238238,0.30934633710541987,11.880117942103551,0.0,2.317798898855807,1.0,1,,True
391,LEGA41-TREU4A,,393,734,12.119,0.01782325274362571,0.30576780262397885,12.04726355683972,0.0,3.585345171667576,1.0,1,,True
392,LEGA41-TREU4B,,393,733,12.119,0.01782325274362571,0.30576780262397885,12.04726355683972,0.0,3.585345171667576,1.0,1,,True
393,LEGA4A-SHRE4A,,395,623,46.944,0.025562372188139056,0.3077027948193592,11.963361840736736,0.0,2.889638097294077,1.0,1,,True
394,LEIB4A-SUND42,,398,671,13.455,0.014150873281308067,0.27481233742103306,13.377058724831851,0.0,3.199963866983501,1.0,1,,True
395,LEIB4B-SUND41,,397,673,13.455,0.014150873281308067,0.27481233742103306,13.377058724831851,0.0,3.199963866983501,1.0,1,,True
396,LEIS11-SIZE11,,400,629,2.149,0.01589159609120521,0.17472647743136344,408.2821107782982,0.0,1.062849359189993,1.0,1,,True
397,LEIS11-SIZE12,,400,631,2.148,0.015817877094972066,0.17472670391061454,408.28507897607705,0.0,1.062849359189993,1.0,1,,True
398,LEIS11-SIZE1A,,400,632,1.65,0.01584,0.174768,408.2837800495552,0.0,1.062849359189993,1.0,1,,True
399,LEIS11-SIZE1B,,400,628,1.65,0.01584,0.174768,408.2837800495552,0.0,1.062849359189993,1.0,1,,True
400,LEIS4A-SIZE41,,399,630,0.81,0.017777777777777778,0.2785185185185185,13.115546236275696,0.0,3.199963866983501,1.0,1,,True
401,LISD21-LISD2A,,401,403,0.0,0.0001,0.0001,100000.0,0.0,1.553597088001175,1.0,1,,True
402,LITT41-LITT41,,410,410,1.0,0.011199999999999998,0.1888,217.1510043545677,0.0,2.977684013345495,1.0,1,,True
403,LITT41-LOFI4A,,410,415,8.152,0.02492639842983317,0.30814524043179586,11.887812174760635,0.0,4.270948616330257,1.0,1,,True
404,LITT41-LOFI4B,,410,414,8.152,0.02492639842983317,0.30814524043179586,11.887812174760635,0.0,4.270948616330257,1.0,1,,True
405,LITT41-WTHU4E,,410,785,3.7,0.01772972972972973,0.24864864864864866,114.68565400940398,0.0,2.404663871174791,1.0,1,,True
406,LITT41-WTHU4F,,410,788,3.7,0.01772972972972973,0.24864864864864866,114.68565400940398,0.0,2.404663871174791,1.0,1,,True
407,LOFI4A-ROWD4A,,415,586,26.714,0.03449876469267051,0.32025155349255074,11.429840865650686,0.0,1.9427836558230906,1.0,1,,True
408,LOFI4B-ROWD4B,,414,584,26.714,0.03449876469267051,0.32025155349255074,11.429840865650686,0.0,1.9427836558230906,1.0,1,,True
409,LOVE41-NURS41,,418,498,36.477,0.01736984949420183,0.27826849795761716,13.11461906503335,0.0,3.199963866983501,1.0,1,,True
410,LOVE41-NURS4A,,418,499,36.477,0.01736984949420183,0.27826849795761716,13.11461906503335,0.0,3.199963866983501,1.0,1,,True
411,MACC41-STAL4B,,422,653,31.196,0.03179894858315168,0.31645082702910626,11.591294401255002,0.0,2.147743001385408,1.0,1,,True
412,MAGA21-PYLE21,,426,556,6.238,0.025580113818531577,0.3075675296569413,11.920711521140563,0.0,2.1372457237637783,1.0,1,,True
413,MANN41-MANN41,,424,424,0.0,0.0001,0.0001,100000.0,0.0,4.288269124405946,1.0,1,,True
414,MANN41-MANN41,,424,424,0.0,0.0001,0.0001,100000.0,0.0,4.288269124405946,1.0,1,,True
415,MANN41-NURS4A,,424,499,39.823,0.016713959269768725,0.25982974662883257,31.196834722510143,0.0,3.199963866983501,1.0,1,,True
416,MARH41-MARH4A,,428,429,0.0,0.0001,0.0001,100000.0,0.0,4.128054424705824,1.0,1,,True
417,MARH42-MARH4B,,427,430,0.0,0.0001,0.0001,100000.0,0.0,4.128054424705824,1.0,1,,True
418,MAWO41-NURS41,,425,498,7.441,0.019997312189221877,0.27544684854186263,13.479563845356063,0.0,3.1277950833347976,1.0,1,,True
419,MEDB4A-STEW41,,432,666,7.0,0.014171428571428571,0.2747428571428571,13.371857272273541,0.0,4.800667488311738,1.0,1,,True
420,MEDB4B-STEW41,,431,666,7.0,0.014171428571428571,0.2747428571428571,13.371857272273541,0.0,4.800667488311738,1.0,1,,True
421,MELK41-MITY41,,434,451,28.101,0.029095049998220705,0.31833742571438745,11.52933167295769,0.0,2.6947823814425784,1.0,1,,True
422,MELK41-MITY41,,434,451,28.052,0.02908883502067589,0.3183231142164552,11.52940035400672,0.0,2.6947823814425784,1.0,1,,True
423,MELK41-SEAB41,,434,608,53.558,0.01786474476268718,0.28234064005377346,12.959941133894409,0.0,3.1913036129456565,1.0,1,,True
424,MIDL41-QUER4A,,438,558,9.704,0.014179719703215167,0.2748557295960428,13.371909989653993,0.0,4.288269124405946,1.0,1,,True
425,MILL42-MILL4B,,439,440,0.34,0.028235294117647056,0.31999999999999995,11.527030804816661,0.0,0.5080682368868706,1.0,1,,True
426,MILL4A-SUND41,,442,673,13.75,0.02909090909090909,0.3183709090909091,11.529618136511843,0.0,2.5201339250127166,1.0,1,,True
427,MILL4B-SUND42,,440,671,14.955,0.027174857907054498,0.2971046472751588,10.758256902145527,0.0,2.5201339250127166,1.0,1,,True
428,MONF22-POPP21,,452,551,37.84,0.04156976744186046,0.4003888081395348,9.273494386504597,0.0,1.1295070720873406,1.0,1,,True
429,MONF41-PADI41,,458,517,87.848,0.01937892723795647,0.29662143702759314,12.396975788803848,0.0,3.158105972467253,1.0,1,,True
430,NECT41-NECT4A,,464,463,0.0,0.0001,0.0001,100000.0,0.0,1.8042195912175805,1.0,1,,True
431,NECT41-NECT4B,,464,462,0.0,0.0001,0.0001,100000.0,0.0,4.4744645862196,1.0,1,,True
432,NECT4A-NORM41,,463,494,37.492,0.014168355915928731,0.27483196415235256,13.371496444092521,0.0,4.7876771072549715,1.0,1,,True
433,NECT4A-WALP41,,463,753,41.619,0.014185828587904566,0.2747975684182705,13.371850784972242,0.0,4.442710321414171,1.0,1,,True
434,NECT4B-NORM41,,462,494,37.492,0.014168355915928731,0.27483196415235256,13.371496444092521,0.0,4.416729559300637,1.0,1,,True
435,NECT4B-WALP41,,462,753,41.619,0.014185828587904566,0.2747975684182705,13.371850784972242,0.0,4.288269124405946,1.0,1,,True
436,NEEP21-PITS21,,466,549,4.8260000000000005,0.03353450062163282,0.21593711147948613,233.9453870882298,0.0,0.7998925547681724,1.0,1,,True
437,NEEP21-SHEC21,,466,622,5.279,0.033521973858685356,0.2140249100208373,238.03373739660807,0.0,0.7998925547681724,1.0,1,,True
438,NEEP4A-STSB4B,,465,667,12.801,0.03449730489805484,0.3283493477072104,11.09677100094403,0.0,3.199963866983501,1.0,1,,True
439,NFLE41-SING41,,481,627,5.941,0.025046288503618917,0.30701902036694156,11.938629925752986,0.0,3.622872939164902,1.0,1,,True
440,NFLE41-WTHU4A,,481,783,7.511,0.02918386366662229,0.3182532285980562,11.529515906415016,0.0,2.5201339250127166,1.0,1,,True
441,NFLE41-WTHU4B,,481,784,7.511,0.02918386366662229,0.3182532285980562,11.529515906415016,0.0,2.5201339250127166,1.0,1,,True
442,NORL2A-SHEC21,,489,622,4.372,0.033211344922232384,0.19355986962488564,281.58606210893447,0.0,0.7998925547681724,1.0,1,,True
443,NORL2B-PITS21,,487,549,10.751,0.03327190493907544,0.19358199237280255,281.5859087132691,0.0,0.7998925547681724,1.0,1,,True
444,NORM11-NOTR11,,491,495,1.0,0.4112064,1.3555906848000001,57.54569223363606,0.0,1.2684210459469052,1.0,1,,True
445,NORM12-NOTR12,,492,496,1.0,0.41155487999999996,1.3555906848000001,57.527423759911095,0.0,1.4171324789199906,1.0,1,,True
446,NORT21-SALH21,,485,602,12.178,0.028814255214320898,0.32664435867958613,11.226684861085316,0.0,2.5130482626181165,1.0,1,,True
447,NORT41-SALH42,,486,604,12.206,0.02883827625757824,0.32665902015402265,11.226643126504412,0.0,2.2920805686828145,1.0,1,,True
448,NORT41-SPEN41,,486,644,23.134,0.019088787066655136,0.28093714878533754,10.946202149075358,0.0,3.1913036129456565,1.0,1,,True
449,NORT41-SPEN42,,486,645,23.134,0.019088787066655136,0.28093714878533754,10.946202149075358,0.0,3.1913036129456565,1.0,1,,True
450,OCKH21-WIEN2A,,501,813,4.906000000000001,0.03329596412556053,0.31137892376681614,36.73615647967666,0.0,1.2575738590712213,1.0,1,,True
451,OCKH2A-WIEN2B,,502,815,4.67,0.03449277301927195,0.32015123126338324,11.41492475910579,0.0,1.5955861984876931,1.0,1,,True
452,OSBA41-THTO43,,513,694,16.79,0.017343656938653963,0.2782608695652174,13.114642206146515,0.0,3.199963866983501,1.0,1,,True
453,OSBA42-THTO41,,512,693,16.79,0.017343656938653963,0.2782608695652174,13.114642206146515,0.0,3.199963866983501,1.0,1,,True
454,PADI41-PEWO4B,,517,539,37.608,0.023654541586896404,0.2998936396511381,12.260946326211837,0.0,2.800148805569685,1.0,1,,True
455,PELH41-RYEH4A,,522,589,23.015,0.017379969585053227,0.27828807299587227,13.113426834027425,0.0,3.199963866983501,1.0,1,,True
456,PELH41-RYEH4B,,522,590,23.439,0.017338623661419,0.27830538845513886,13.112594395730511,0.0,3.199963866983501,1.0,1,,True
457,PELH41-SUND42,,522,671,45.13,0.01726567693330379,0.2666075781076889,13.761850739292065,0.0,3.8855673116461813,1.0,1,,True
458,PELH41-WYMO41,,522,840,26.856,0.017277330950253203,0.2662496276437295,13.781012940849207,0.0,3.8855673116461813,1.0,1,,True
459,PEMB41-SWAN41,,527,681,83.975,0.017357546888955046,0.27829234891336707,13.114623171650353,0.0,3.199963866983501,1.0,1,,True
460,PEMB41-SWAN42,,527,677,84.57,0.017367860943597022,0.278283079106066,13.114615725723285,0.0,3.199963866983501,1.0,1,,True
461,PENM4A-PENT41,,537,535,49.211,0.020970921135518485,0.3112149722622991,11.82621549993511,0.0,3.199963866983501,1.0,1,,True
462,PENM4B-PENT41,,536,535,49.211,0.020970921135518485,0.3112149722622991,11.82621549993511,0.0,3.199963866983501,1.0,1,,True
463,PENT41-TRAW41,,535,730,51.408,0.019701213818860874,0.2973856209150327,50.908382492157166,0.0,1.4318286675902718,1.0,1,,True
464,PENT41-WYLF41,,535,838,35.24,0.017343927355278094,0.27827468785471055,13.114645064148158,0.0,3.199963866983501,1.0,1,,True
465,PENT41-WYLF41,,535,838,35.24,0.017343927355278094,0.27827468785471055,13.114645064148158,0.0,3.199963866983501,1.0,1,,True
466,PERH11-WYLF11,,533,837,19.94,0.04150651955867602,0.36980124373119355,10.02933710467297,0.0,1.312159702703695,1.0,1,,True
467,PERH11-WYLF11,,533,837,19.94,0.04150651955867602,0.36980124373119355,10.02933710467297,0.0,1.329655165406411,1.0,1,,True
468,PEWO2A-PEWO2C,,542,544,0.0,0.0001,0.0001,100000.0,0.0,3.19957021907269,1.0,1,,True
469,PEWO2B-PEWO2D,,541,538,0.0,0.0001,0.0001,100000.0,0.0,3.19957021907269,1.0,1,,True
470,PEWO2C-WASF2A,,544,767,23.481,0.028567512031003786,0.3093793918487287,11.879860324950274,0.0,2.85525951308324,1.0,1,,True
471,PEWO2D-WASF2B,,538,766,23.521,0.028583234131201906,0.309399844819523,11.879699613151455,0.0,2.85525951308324,1.0,1,,True
472,PEWO41-QUER4A,,543,558,31.939,0.02494755627915714,0.30698519051942763,11.93855167964953,0.0,4.117950794995006,1.0,1,,True
473,PEWO41-QUER4B,,543,557,32.087,0.024932215539003332,0.30696543771620904,11.938418770563434,0.0,4.117950794995006,1.0,1,,True
474,PITS21-TEMP21,,549,688,6.69,0.03323430493273543,0.19364069506726458,281.58586956289844,0.0,0.7998925547681724,1.0,1,,True
475,PITS21-WIBA21,,549,836,2.324,0.02505647590361446,0.18906250000000002,313.99487897856454,0.0,0.7998925547681724,1.0,1,,True
476,PUDM41-WHAM4A,,554,800,2.17,0.014746543778801843,0.1312442396313364,358.09862195674094,0.0,1.4202816622064793,1.0,1,,True
477,PYLE21-PYLE21,,556,556,0.25,0.0121,0.19057500000000002,284.5322090052606,0.0,2.1372457237637783,1.0,1,,True
478,RASS41-WALH41,,562,752,78.057,0.016377775215547615,0.2633357674519902,27.948583240537097,0.0,3.199963866983501,1.0,1,,True
479,RATS41-STAY4A,,564,659,43.614,0.02909157609941762,0.3183564910349888,11.52941886523695,0.0,2.7481872813426187,1.0,1,,True
480,RATS41-STOB41,,564,669,26.898999999999997,0.028967619614112053,0.3167998810364698,15.829627321136105,0.0,2.7481872813426187,1.0,1,,True
481,RATS41-WILE41,,564,825,21.964000000000002,0.028920050992533232,0.3168821708249863,14.64995020014652,0.0,1.5400818430633267,1.0,1,,True
482,RATS41-WILE41,,564,825,21.684,0.02907212691385353,0.31831765356945213,11.529448601840528,0.0,2.5201339250127166,1.0,1,,True
483,RAYL41-TILB4A,,568,709,20.499,0.024898775550026828,0.3069808283330894,11.938561740514857,0.0,2.8578838324886475,1.0,1,,True
484,REBR21-TOTT23,,573,721,12.983,0.009669375336979128,0.11807122775937766,344.0795767370419,0.0,2.191831567396252,1.0,1,,True
485,REBR22-TOTT24,,572,724,14.753,0.008919372331051311,0.11026189588558259,357.69019024846756,0.0,2.191831567396252,1.0,1,,True
486,RHIG41-SWAN41,,574,681,34.34,0.01737914967967385,0.27829935934769945,13.114640756946102,0.0,3.199963866983501,1.0,1,,True
487,ROCH21-STAL21,,577,654,31.256,0.02988126279754287,0.31896735826721273,11.500301125165862,0.0,2.416473308499125,1.0,1,,True
488,ROCH21-WHGA21,,577,803,11.746,0.034123318576536686,0.31766878086156985,21.179659062150744,0.0,1.3961379236767315,1.0,1,,True
489,ROCH21-WHGA21,,577,803,11.727,0.03411411699496888,0.3178610258378102,20.47244520616594,0.0,0.8481800318276684,1.0,1,,True
490,RYEH41-RYEH4B,,596,590,0.137,0.01167883211678832,0.2802919708029197,13.112857081384309,0.0,3.199963866983501,1.0,1,,True
491,RYEH41-WALX4A,,596,758,5.324,0.017430503380916604,0.2782870022539444,13.11443905604994,0.0,3.199963866983501,1.0,1,,True
492,RYEH4A-RYEH43,,589,594,0.264,0.024242424242424242,0.3090909090909091,11.94415647730291,0.0,3.199963866983501,1.0,1,,True
493,RYEH4A-WALX4B,,589,756,5.461,0.01728621131660868,0.27833730086064823,13.114763668073282,0.0,3.199963866983501,1.0,1,,True
494,RYEH4B-RYEH42,,590,593,0.215,0.022325581395348838,0.30511627906976746,11.945873926257171,0.0,3.199963866983501,1.0,1,,True
495,SAEN21-SAES21,,599,601,0.484,0.020312499999999997,0.28125,13.053292511763907,0.0,3.1911723969753862,1.0,1,,True
496,SALH41-SALH42,,603,604,0.0,0.0001,0.0001,100000.0,0.0,3.199963866983501,1.0,1,,True
497,SEAB41-WHSO4A,,608,806,34.315999999999995,0.01743792982865136,0.2731320666744376,56.48206763296101,0.0,2.055366958315068,1.0,1,,True
498,SELL4A-SELL4A,,618,618,0.0,0.0001,0.0001,100000.0,0.0,2.68467875173176,1.0,1,,True
499,SELL4A-SELL4C,,618,613,0.257,0.0062256809338521405,0.08093385214007782,771.9014739956415,0.0,2.370022855023414,1.0,1,,True
500,SELL4A-SELL4D,,618,615,0.257,0.0062256809338521405,0.08093385214007782,771.9014739956415,0.0,2.370022855023414,1.0,1,,True
501,SELL4A-SELL4E,,618,616,0.415,0.007710843373493976,0.08481927710843373,716.1972439134818,0.0,2.370022855023414,1.0,1,,True
502,SELL4A-SELL4F,,618,617,0.415,0.007710843373493976,0.08481927710843373,716.1972439134818,0.0,2.370022855023414,1.0,1,,True
503,SELL4B-SELL4C,,619,613,0.257,0.024902723735408562,0.3050583657587549,11.936620731891365,0.0,4.800667488311738,1.0,1,,True
504,SELL4B-SELL4D,,619,615,0.257,0.024902723735408562,0.3050583657587549,11.936620731891365,0.0,4.800667488311738,1.0,1,,True
505,SELL4B-SELL4E,,619,616,0.39,0.024615384615384615,0.3076923076923077,11.936620731891365,0.0,4.800667488311738,1.0,1,,True
506,SELL4B-SELL4F,,619,617,0.39,0.024615384615384615,0.3076923076923077,11.936620731891365,0.0,4.800667488311738,1.0,1,,True
507,SHRE4A-SHRE4B,,623,625,0.054,0.029629629629629627,0.2962962962962963,11.936620731891365,0.0,0.34641016151377546,1.0,1,,True
508,SHUR41-TAUN41,,626,686,27.0,0.02885925925925926,0.318162962962963,11.535196597648499,0.0,4.2723919920032305,1.0,1,,True
509,SPEN41-STEW41,,644,666,37.921,0.0210121041111785,0.31163735133567155,12.852986133313383,0.0,3.0974841942023423,1.0,1,,True
510,SPEN42-STEW41,,645,666,37.795,0.021039820082021432,0.31191427437491737,11.799499873724159,0.0,3.0974841942023423,1.0,1,,True
511,SPLN41-WALP41,,642,753,29.234,0.01488677567216255,0.280057467332558,13.147336675889672,0.0,4.117950794995006,1.0,1,,True
512,SSHI22-TYNE2A,,640,742,7.028,0.03335764086511099,0.32120179994308484,11.422185918515986,0.0,2.235920133407096,1.0,1,,True
513,SSHI22-WBOL21,,640,773,4.366,0.03464269354099863,0.3200984883188273,11.419210357561633,0.0,2.1519419124340597,1.0,1,,True
514,STAL4A-THOM41,,652,696,76.223,0.01664589428387757,0.26715295908059244,39.475324375386606,0.0,1.4448190486470385,1.0,1,,True
515,STAL4B-STSB4A,,653,668,33.612,0.016422706176365584,0.2532428894442461,73.52363410158436,0.0,2.019282566490716,1.0,1,,True
516,STAY41-MARH4A,,660,429,73.027,0.02909608774836704,0.31832609856628374,11.530435313912397,0.0,3.339971307261985,1.0,1,,True
517,STEN11-STES11,,663,664,1.0,0.04634784000000001,0.20786832,19.675146201786045,0.0,0.791669687297896,1.0,1,,True
518,SUND41-WYMO41,,673,840,18.156,0.01727252698832342,0.2661379158404935,13.787336052461654,0.0,3.8855673116461813,1.0,1,,True
519,SWAN41-SWAN4B,,681,680,0.64,0.034999999999999996,0.32,11.429936049782434,0.0,4.288269124405946,1.0,1,,True
520,SWAN42-SWAN4A,,677,675,0.64,0.034999999999999996,0.32,11.429936049782434,0.0,1.5992602456552634,1.0,1,,True
521,TEMP22-WIBA21,,690,836,3.607,0.03333622123648461,0.19351781258663706,281.5855194889024,0.0,0.7998925547681724,1.0,1,,True
522,THOM21-WMEL21,,697,780,24.738,0.03378026720025871,0.3224563424690759,27.02742305532193,0.0,1.4654199559794865,1.0,1,,True
523,THOM2A-WMEL21,,698,780,25.213,0.033773747669852854,0.32373006980525915,17.67559933125803,0.0,1.599785109536345,1.0,1,,True
524,THUR21-THUR2A,,701,700,4.653,0.07931442080378251,0.3159574468085106,11.52899701971257,0.0,0.9279593417520531,1.0,1,,True
525,THUR2A-WMEL21,,700,780,16.348,0.03450957303645706,0.3283960576217274,11.131548270695259,0.0,1.599785109536345,1.0,1,,True
526,TILB21-WARL21,,705,762,13.065,0.03455654420206659,0.3200966322234979,11.417770070171944,0.0,2.147743001385408,1.0,1,,True
527,TILB21-WARL21,,705,762,12.897,0.03459622392804528,0.32010302783593086,11.41833406106903,0.0,2.078460969082653,1.0,1,,True
528,TILB41-TILB4A,,708,709,0.058,0.02758620689655172,0.33103448275862063,11.319209314724569,0.0,4.269505240657282,1.0,1,,True
529,TILB41-TILB4B,,708,706,0.059,0.027118644067796613,0.2983050847457627,11.902901464287151,0.0,4.117950794995006,1.0,1,,True
530,TOTT2A-TOTT22,,722,726,0.0,0.0001,0.0001,100000.0,0.0,1.8979077939906244,1.0,1,,True
531,TOTT2A-TOTT24,,722,724,0.0,0.0001,0.0001,100000.0,0.0,1.7425480851905069,1.0,1,,True
532,TOTT2B-TOTT21,,727,720,0.0,0.0001,0.0001,100000.0,0.0,1.8979077939906244,1.0,1,,True
533,TOTT2B-TOTT23,,727,721,0.0,0.0001,0.0001,100000.0,0.0,1.7425480851905069,1.0,1,,True
534,TRAW41-TREU4A,,730,734,64.278,0.024941659665826565,0.3069915056473444,11.938570613930082,0.0,4.269505240657282,1.0,1,,True
535,TRAW41-TREU4B,,730,733,64.278,0.024941659665826565,0.3069915056473444,11.938570613930082,0.0,4.269505240657282,1.0,1,,True
536,TREM21-USKM2A,,732,750,15.048,0.04291849415204679,0.3565652412280702,10.485439609993783,0.0,1.1505016273305997,1.0,1,,True
537,TYNE21-WBOL21,,740,773,11.399,0.033835204842530046,0.3207710106149662,11.420836282914767,0.0,2.14144463481243,1.0,1,,True
538,USKM11-USKM12,,748,749,0.0,0.0001,0.0001,100000.0,0.0,0.3936479108111085,1.0,1,,True
539,USKM21-USKM2A,,751,750,0.692,0.04152817919075145,0.3934248554913295,9.403469813979994,0.0,1.1505016273305997,1.0,1,,True
540,USKM21-USKM2B,,751,747,0.391,0.07543158567774935,0.32300191815856777,11.324622189861158,0.0,1.1295070720873406,1.0,1,,True
541,USKM21-WHSO21,,751,811,5.841,0.0446680790960452,0.31086393596986817,11.813605502503325,0.0,1.834924128260847,1.0,1,,True
542,USKM21-WHSO22,,751,812,5.849,0.044606984099846134,0.31095593263805776,11.813998638414303,0.0,1.8328246727365212,1.0,1,,True
543,USKM2A-WHSO21,,750,811,5.562,0.041605987055016176,0.39294543329737497,9.425350016597518,0.0,1.1505016273305997,1.0,1,,True
544,USKM2B-WHSO22,,747,812,5.851,0.041618954024953,0.39292428644676125,9.425955444312686,0.0,1.1295070720873406,1.0,1,,True
545,WBUR41-WBUR42,,775,776,0.0,0.0001,0.0001,100000.0,0.0,2.165063509461097,1.0,1,,True
546,WHSO41-WHSO4A,,808,806,0.077,0.02077922077922078,0.2701298701298701,13.073441753976256,0.0,1.1301631519386925,1.0,1,,True
547,WTHU4C-WTHU4E,,782,785,0.0,0.0001,0.0001,100000.0,0.0,3.464101615137755,1.0,1,,True
548,WTHU4D-WTHU4F,,786,788,0.0,0.0001,0.0001,100000.0,0.0,3.464101615137755,1.0,1,,True
549,BOLN41-LHOR4A,,56,407,28.1,0.017366548042704627,0.27826334519572954,13.114636344927783,0.0,3.990933735773288,1.0,1,,True
550,BRFO41-DISS4A,,69,180,31.5,0.014171428571428571,0.2744888888888889,14.59292936343961,0.0,4.792007234273894,1.0,1,,True
551,BRFO41-DISS4B,,69,181,31.5,0.014171428571428571,0.2744888888888889,14.59292936343961,0.0,4.792007234273894,1.0,1,,True
552,CELL41-DRAK41,,130,184,45.012,0.025557629076690663,0.3076868390651382,11.963272077833668,0.0,3.13212521035372,1.0,1,,True
553,CELL41-DRAK41,,130,184,45.712,0.025551277563878188,0.3077003850192509,11.962689874269742,0.0,3.13212521035372,1.0,1,,True
554,DISS4A-NORM41,,180,494,29.7,0.014168350168350169,0.27480134680134677,13.37229745549758,0.0,4.792007234273894,1.0,1,,True
555,DISS4B-NORM41,,181,494,29.7,0.014168350168350169,0.27480134680134677,13.37229745549758,0.0,4.792007234273894,1.0,1,,True
556,HINP41-SHUR41,,314,626,1.213,0.026380873866446827,0.31657048639736185,11.595480705478419,0.0,4.2723919920032305,1.0,1,,True
557,LHOR4B-NINF41,,405,475,23.2,0.017379310344827585,0.27827586206896554,13.114590264894177,0.0,3.990933735773288,1.0,1,,True
558,SHUR41-SHUR41,,626,626,0.0,0.0001,0.0001,100000.0,0.0,3.464101615137755,1.0,1,,True
559,SHUR41-TAUN42,,626,687,27.0,0.02885925925925926,0.318162962962963,11.536817620217027,0.0,4.2723919920032305,1.0,1,,True
560,BLYT21-BLYT22,,51,50,0.0,0.0001,0.0001,100000.0,0.0,3.19957021907269,1.0,1,,True
561,BLYT21-BLYT23,,51,52,0.0,0.0001,0.0001,100000.0,0.0,3.19957021907269,1.0,1,,True
562,BRAI4A-BULL41,,66,99,12.343,0.015685003645791135,0.2764967998055578,13.258774987524854,0.0,4.4744645862196,1.0,1,,True
563,BRAI4B-RAYL41,,65,568,33.03,0.01574326369966697,0.27654859218891914,13.25303400626929,0.0,3.199963866983501,1.0,1,,True
564,BRFO41-FRIS4A,,69,249,35.557,0.01736929437241612,0.278268695334252,13.114605436681044,0.0,3.199963866983501,1.0,1,,True
565,BRFO41-FRIS4B,,69,250,35.557,0.01736929437241612,0.278268695334252,13.114605436681044,0.0,3.199963866983501,1.0,1,,True
566,BRFO41-FRIS4C,,69,247,35.557,0.01736929437241612,0.278268695334252,13.114605436681044,0.0,3.199963866983501,1.0,1,,True
567,BRFO41-FRIS4D,,69,248,35.557,0.01736929437241612,0.278268695334252,13.114605436681044,0.0,3.199963866983501,1.0,1,,True
568,BRLE41-MELK41,,78,434,82.134,0.034460759247084034,0.3202181800472399,11.431231994034299,0.0,2.150629752731356,1.0,1,,True
569,BRLE41-MELK41,,78,434,81.569,0.034522919246282285,0.32023930659932076,11.429975187498316,0.0,2.150629752731356,1.0,1,,True
570,BRWA4A-BRWA4C,,83,87,4.371,0.028917867764813542,0.3184625943719972,11.526990645004219,0.0,2.554774941164094,1.0,1,,True
571,BRWA4B-BRWA4D,,81,88,4.462,0.02725235320484088,0.3047960555804572,32.82035666723649,0.0,2.554774941164094,1.0,1,,True
572,BRWA4C-MELK41,,87,434,77.004,0.028424497428705,0.3157238585008571,11.632020195059944,0.0,2.5201339250127166,1.0,1,,True
573,BRWA4C-SHUR41,,87,626,14.02,0.024878744650499288,0.3069900142653353,11.938891130508937,0.0,2.554774941164094,1.0,1,,True
574,BRWA4D-MELK41,,88,434,76.264,0.028448547151998325,0.3157033462708486,11.632299301381895,0.0,2.8997417270048955,1.0,1,,True
575,BRWA4D-SHUR41,,88,626,14.02,0.024878744650499288,0.3069900142653353,11.938891130508937,0.0,4.2723919920032305,1.0,1,,True
576,BULL41-RAYL41,,99,568,20.646,0.015731860893151216,0.2765087668313475,13.255684967085115,0.0,4.4744645862196,1.0,1,,True
577,ELST4A-SUND41,,208,673,34.834,0.02553826721019693,0.3076993741746569,11.972658356443159,0.0,3.088823940164498,1.0,1,,True
578,ELST4B-SUND42,,207,671,34.706,0.025540252405924044,0.30768166887569864,11.972791267638417,0.0,1.9427836558230906,1.0,1,,True
579,FRIN4A-FRIS41,,251,246,0.3,0.010666666666666666,0.18666666666666668,217.15365693695256,0.0,4.011140995194925,1.0,1,,True
580,FRIN4B-FRIS4C,,252,247,0.1,0.0001,0.0001,100000.0,0.0,4.012584370867899,1.0,1,,True
581,FRIS4A-FRIS41,,249,246,0.2,0.008,0.192,217.14702548099038,0.0,4.011140995194925,1.0,1,,True
582,FRIS4A-SIZE41,,249,630,7.61,0.01745072273324573,0.27837056504599206,13.114597363908503,0.0,3.199963866983501,1.0,1,,True
583,FRIS4B-FRIS41,,250,246,0.15,0.010666666666666666,0.192,217.15365693695256,0.0,4.011140995194925,1.0,1,,True
584,FRIS4B-SIZE41,,250,630,7.61,0.01745072273324573,0.27837056504599206,13.114597363908503,0.0,3.199963866983501,1.0,1,,True
585,FRIS4C-LEIS4A,,247,399,6.8,0.017411764705882352,0.2783529411764706,13.11448433646476,0.0,3.199963866983501,1.0,1,,True
586,FRIS4D-FRIS41,,248,246,0.2,0.0001,0.0001,100000.0,0.0,4.011140995194925,1.0,1,,True
587,FRIS4D-SIZE41,,248,630,7.61,0.01745072273324573,0.27837056504599206,13.114597363908503,0.0,3.199963866983501,1.0,1,,True
588,GRAW4A-GRAW41,,262,261,0.2,0.008,0.2,250.0025740455214,0.0,3.8004081469407116,1.0,1,,True
589,GRAW4B-GRAW42,,263,264,0.2,0.008,0.2,250.0025740455214,0.0,3.8004081469407116,1.0,1,,True
590,GRAW4B-TILB42,,263,704,26.747,0.016929001383332712,0.2713425804763151,39.08249947326589,0.0,2.798705429896711,1.0,1,,True
591,HINP41-SAFO41,,314,606,35.519999999999996,0.018963963963963965,0.2510360360360361,122.28242368362548,0.0,2.5201339250127166,1.0,1,,True
592,HINP41-SEAB41,,314,608,66.803,0.018322530425280304,0.2645390177087856,71.44812828374533,0.0,2.5201339250127166,1.0,1,,True
593,HURS21-LITT2A,,320,408,8.102,0.026042180942977045,0.2817969328560849,65.60195115194965,0.0,1.694260608131011,1.0,1,,True
594,HURS21-LITT2B,,320,411,8.003,0.026175340497313505,0.2822589966262652,64.87248196159406,0.0,1.694260608131011,1.0,1,,True
595,KEAD42-WBUR42,,352,776,28.425,0.017336851363236587,0.2782902374670185,13.114255328401502,0.0,4.301259505462712,1.0,1,,True
596,KEAD43-KEAD44,,355,357,0.0,0.0001,0.0001,100000.0,0.0,3.199963866983501,1.0,1,,True
597,SAFO41-SEAB4A,,606,609,31.219,0.017630289246932957,0.2801883468400653,13.031292090852412,0.0,4.113620667976083,1.0,1,,True
598,TILB41-TILB42,,708,704,0.0,0.0001,0.0001,100000.0,0.0,3.199963866983501,1.0,1,,True
599,TILB41-TILB43,,708,712,0.0,0.0001,0.0001,100000.0,0.0,3.199963866983501,1.0,1,,True
600,TILB41-TILB44,,708,710,0.0,0.0001,0.0001,100000.0,0.0,3.199963866983501,1.0,1,,True
601,BENR41-NEWX4A,,38,471,4.272,0.010861423220973781,0.2138576779026217,160.85611645071754,0.0,1.3235754921172171,1.0,1,,True
602,BENR41-WIMB41,,38,832,8.429,0.011009609680863685,0.214117926207142,160.85619595374018,0.0,1.5747228592147042,1.0,1,,True
603,COTT41-KEAD4C,,158,354,34.479,0.02496592128542011,0.31100669973027056,11.757750867776672,0.0,4.2723919920032305,1.0,1,,True
604,COTT41-KEAD4D,,158,356,34.628,0.024950906780639943,0.31096222709945714,11.758635426033871,0.0,4.2723919920032305,1.0,1,,True
605,CREB41-CREB42,,167,174,0.0,0.0001,0.0001,100000.0,0.0,2.000518682742053,1.0,1,,True
606,CREB41-CREB42,,167,174,0.0,0.0001,0.0001,100000.0,0.0,2.000518682742053,1.0,1,,True
607,CREB41-CREB42,,167,174,14.835,0.014128749578699024,0.274809571958207,13.372743318317884,0.0,4.438380194395248,1.0,1,,True
608,CREB41-CREB42,,167,174,14.904,0.014170692431561997,0.274825550187869,13.37250180646816,0.0,4.438380194395248,1.0,1,,True
609,CREB42-THTO41,,174,693,14.835,0.014128749578699024,0.274809571958207,13.372743318317884,0.0,4.438380194395248,1.0,1,,True
610,CREB42-THTO42,,174,692,14.904,0.014170692431561997,0.274825550187869,13.37250180646816,0.0,4.438380194395248,1.0,1,,True
611,CREB42-THTO44,,174,691,29.671,0.014182198105894644,0.2748003100670689,13.372292617521877,0.0,3.8437094171299337,1.0,1,,True
612,HARG41-HUTT41,,297,327,81.544,0.024919062101442166,0.3072500735799078,11.928130542515692,0.0,3.9995939898111326,1.0,1,,True
613,HURS21-NEWX21,,320,473,18.504,0.011034776264591439,0.21403378999135322,160.85628533905518,0.0,1.811830117493262,1.0,1,,True
614,HURS21-NEWX21,,320,473,18.442,0.011030867042620107,0.21401522340310164,160.85638485140734,0.0,2.0364718585961343,1.0,1,,True
615,MILL41-MILL4A,,441,442,0.34,0.028235294117647056,0.31999999999999995,11.527030804816661,0.0,2.8997417270048955,1.0,1,,True
616,NEWX4B-WIMB41,,470,832,12.688,0.010970996216897856,0.21399747793190416,160.85634430512775,0.0,1.4910070701822087,1.0,1,,True
617,PEMB41-POAB41,,527,550,74.6,0.01737265415549598,0.27828418230563007,13.114628657695292,0.0,3.199963866983501,1.0,1,,True
618,PEMB41-SWAN41,,527,681,83.854,0.0173635127721993,0.2782932239368426,13.114567360035531,0.0,3.199963866983501,1.0,1,,True
619,POAB41-SWAN41,,550,681,9.25,0.017297297297297298,0.2783135135135135,13.114582385018734,0.0,3.199963866983501,1.0,1,,True
620,SWAN41-WALH41,,681,752,139.22,0.016779198391035772,0.2695934492170665,21.72887381992279,0.0,3.199963866983501,1.0,1,,True
621,BLYT21-TYNE2A,,51,742,16.866,0.033360014229811455,0.3212246531483458,11.422798949348739,0.0,2.5550373731046347,1.0,1,,True
622,BRAI4A-BRFO41,,66,69,49.0,0.0144,0.2636734693877551,51.95560336258555,0.0,4.792007234273894,1.0,1,,True
623,BRAI4B-BRFO41,,65,69,49.0,0.01443265306122449,0.2637061224489796,51.95414173555716,0.0,4.792007234273894,1.0,1,,True
624,BRFO41-TWIN4A,,69,738,28.419,0.014187691333262958,0.2748020690383194,13.371837771226765,0.0,4.792007234273894,1.0,1,,True
625,BRFO41-TWIN4B ,,69,735,28.419,0.014187691333262958,0.2748020690383194,13.371837771226765,0.0,4.792007234273894,1.0,1,,True
626,BRIM4C-HACK41,,93,279,13.735999999999999,0.02434478741991846,0.3025043680838672,19.812102300001012,0.0,4.4744645862196,1.0,1,,True
627,BRIM4C-WALX41,,93,755,5.97,0.024924623115577887,0.3068676716917923,11.938953404842879,0.0,4.4744645862196,1.0,1,,True
628,BRIM4D-HACK41,,91,279,13.885,0.02419877565718401,0.30121714079942385,21.9297974161609,0.0,4.4744645862196,1.0,1,,True
629,BRIM4D-WALX41,,91,755,5.97,0.024924623115577887,0.3068676716917923,11.938953404842879,0.0,4.4744645862196,1.0,1,,True
630,CARR41-DAIN41,,123,176,3.352,0.028162291169451074,0.31169451073985677,11.737202247110364,0.0,4.269505240657282,1.0,1,,True
631,CARR41-DAIN41,,123,176,2.545,0.027033398821218073,0.3118271119842829,11.784970147609313,0.0,2.800148805569685,1.0,1,,True
632,EGGB41-MONF42,,202,455,10.37,0.014040501446480232,0.27479267116682743,13.396756064427933,0.0,3.492969128597236,1.0,1,,True
633,EGGB42-MONF42,,201,455,10.37,0.014040501446480232,0.27479267116682743,13.396756064427933,0.0,3.492969128597236,1.0,1,,True
634,GRAI41-GRAW4A,,259,262,1.845,0.013875338753387534,0.2749051490514905,13.396619329089278,0.0,3.8004081469407116,1.0,1,,True
635,GRAI41-GRAW4B,,259,263,2.089,0.014552417424605073,0.26424126376256585,34.06993830249031,0.0,2.798705429896711,1.0,1,,True
636,GRAW4A-KINO41,,262,369,10.607000000000001,0.01327425285189026,0.25794286791741305,32.971346464609006,0.0,3.8004081469407116,1.0,1,,True
637,HARG41-HUTT43,,297,326,81.544,0.024919062101442166,0.3072500735799078,11.928130542515692,0.0,3.9995939898111326,1.0,1,,True
638,HAWP21-OFFE21,,305,503,9.514,0.03012599852848434,0.3138191086819424,11.684842991031193,0.0,1.9419963600014685,1.0,1,,True
639,HAWP41-NORT41,,304,486,30.157,0.017349205822860366,0.2782770169446563,13.114634882333958,0.0,4.012584370867899,1.0,1,,True
640,KINO41-TILB41,,369,708,17.313,0.013769999422399353,0.26421763992375674,54.149153084482755,0.0,4.25795823527349,1.0,1,,True
641,KNAR21-TADT2A,,378,683,25.0,0.037025999999999996,0.332024,10.988499221980085,0.0,2.7292921816236855,1.0,1,,True
642,KNAR21-TADT2B,,378,684,25.0,0.037025999999999996,0.332024,10.988499221980085,0.0,2.7292921816236855,1.0,1,,True
643,MONF2A-TADT2A,,453,683,14.18,0.037012517630465445,0.3319926833568407,10.98836790417137,0.0,2.7292921816236855,1.0,1,,True
644,MONF2B-TADT2B,,454,684,14.78,0.03607281799729364,0.32537170162381596,28.825201238783695,0.0,2.7292921816236855,1.0,1,,True
645,MONF41-MONF42,,458,455,0.1,0.0001,0.0001,100000.0,0.0,2.165063509461097,1.0,1,,True
646,NORT41-OBST4A,,486,515,70.35,0.02908884150675196,0.32882444918265813,11.156625770917595,0.0,2.5259074277046127,1.0,1,,True
647,NORT41-OBST4B,,486,514,70.35,0.02908884150675196,0.32882444918265813,11.156625770917595,0.0,2.5201339250127166,1.0,1,,True
648,OBST4A-YORK4A,,515,842,2.8,0.029142857142857144,0.32857142857142857,11.156477305485605,0.0,1.8763883748662837,1.0,1,,True
649,OBST4B-YORK4B,,514,841,2.8,0.029142857142857144,0.32857142857142857,11.156477305485605,0.0,1.8763883748662837,1.0,1,,True
650,OFFE21-WBOL21,,503,773,8.207,0.030132051906908736,0.3138525039600341,11.685042012007099,0.0,1.9419963600014685,1.0,1,,True
651,OSBA41-OBST4A,,513,515,13.35,0.029123595505617973,0.32886891385767786,11.15664229355529,0.0,2.5201339250127166,1.0,1,,True
652,OSBA42-OBST4B,,512,514,13.35,0.029123595505617973,0.32886891385767786,11.15664229355529,0.0,2.5201339250127166,1.0,1,,True
653,OVER21-POPP21,,516,551,4.729,0.04109880524423768,0.39579588707972085,9.349997233487766,0.0,1.1337059831359924,1.0,1,,True
654,OVER21-POPP21,,516,551,4.634,0.041451769529564086,0.3980349050496331,9.274638401245475,0.0,0.9237604307034012,1.0,1,,True
655,OVER21-TADT2A,,516,683,20.176,0.03703286082474227,0.3320213372323553,10.988691216366316,0.0,2.7292921816236855,1.0,1,,True
656,OVER21-TADT2B,,516,684,20.176,0.03703286082474227,0.3320213372323553,10.988482599378496,0.0,2.7292921816236855,1.0,1,,True
657,PELH41-TWIN4A ,,522,737,40.882,0.014167604324641652,0.2748202142752312,13.37173839575406,0.0,4.4744645862196,1.0,1,,True
658,PELH41-TWIN4B ,,522,735,40.823,0.014188080248879308,0.2748254660363031,13.371765723413581,0.0,4.792007234273894,1.0,1,,True
