,Node 1,Node 2,OHL Length (km),Cable Length (km),Circuit Type,R (% on 100MVA),X (% on 100MVA),B (% on 100MVA),Winter Rating (MVA),Spring Rating (MVA),Summer Rating (MVA),Autumn Rating (MVA),Dataframe,Node 1 bus_id,Node 2 bus_id,Voltage (kV) Node 1,Voltage (kV) Node 2,Year,Status
0,ABHA4A,EXET41,48.785,0.0,OHL,0.0778,0.9831,27.9792,2078.0,2078.0,2078.0,2078.0,nget_circuits,6,217,400.0,400.0,,
1,ABHA4A,LAGA41,26.121,0.0,OHL,0.0417,0.5027,15.6941,2423.0,2327.0,2168.0,2327.0,nget_circuits,6,391,400.0,400.0,,
2,ABHA4B,EXET41,49.051,0.0,OHL,0.0783,0.9885,28.1313,1389.0,1284.0,1108.0,1284.0,nget_circuits,7,217,400.0,400.0,,
3,ABHA4B,LAGA41,26.121,0.0,OHL,0.0417,0.5027,15.6941,1389.0,1284.0,1108.0,1284.0,nget_circuits,7,391,400.0,400.0,,
4,ABTH21,COWT2A,13.318,0.0,OHL,0.0503,0.5449,3.758,932.0,879.0,790.0,879.0,nget_circuits,1,163,275.0,275.0,,
5,ABTH21,PYLE21,35.388,0.0,OHL,0.1819,1.4523,9.9528,932.0,879.0,790.0,879.0,nget_circuits,1,556,275.0,275.0,,
6,ABTH21,TREM21,46.451,0.0,OHL,0.2267,2.1393,11.8321,682.0,629.0,538.0,629.0,nget_circuits,1,732,275.0,275.0,,
7,ABTH21,UPPB21,26.996,0.0,OHL,0.1234,1.1426,7.3237,955.0,882.0,762.0,882.0,nget_circuits,1,745,275.0,275.0,,
8,ABTH21,UPPB22,27.035,0.547,Composite,0.1245,1.1595,13.2801,772.0,772.0,595.0,595.0,nget_circuits,1,743,275.0,275.0,,
9,ALDW21,BRIN21,17.961,0.0,OHL,0.1442,0.7628,4.8487,626.0,591.0,535.0,591.0,nget_circuits,10,97,275.0,275.0,,
10,ALDW21,WMEL21,8.96,0.0,OHL,0.0409,0.3891,2.3695,955.0,882.0,762.0,882.0,nget_circuits,10,780,275.0,275.0,,
11,ALVE4A,INDQ41,97.176,0.0,OHL,0.2121,1.9367,56.1415,1389.0,1284.0,1108.0,1284.0,nget_circuits,15,331,400.0,400.0,,
12,ALVE4A,TAUN41,73.293,0.0,OHL,0.117,1.477,42.0344,1389.0,1284.0,1108.0,1284.0,nget_circuits,15,686,400.0,400.0,,
13,ALVE4B,INDQ41,97.294,0.0,OHL,0.2123,1.9391,56.209,1389.0,1284.0,1108.0,1284.0,nget_circuits,13,331,400.0,400.0,,
14,ALVE4B,TAUN42,73.298,0.0,OHL,0.117,1.4771,42.0372,1389.0,1284.0,1108.0,1284.0,nget_circuits,13,687,400.0,400.0,,
15,AMEM4A,ECLA41,35.315,0.0,OHL,0.0642,0.7026,20.4666,2009.0,1911.0,1746.0,1911.0,nget_circuits,18,195,400.0,400.0,,
16,AMEM4A,IVER4A,20.256,0.0,OHL,0.0368,0.403,11.7392,2009.0,1911.0,1746.0,1911.0,nget_circuits,18,343,400.0,400.0,,
17,AMEM4B,ECLA41,35.315,0.0,OHL,0.0642,0.7026,20.4666,2032.0,1933.0,1766.0,1933.0,nget_circuits,16,195,400.0,400.0,,
18,AMEM4B,IVER4B,20.256,0.0,OHL,0.0368,0.403,11.7392,2032.0,1933.0,1766.0,1933.0,nget_circuits,16,344,400.0,400.0,,
19,AXMI41,CHIC4A,30.7,8.8,Composite,0.0379,0.6609,130.8219,2779.0,2568.0,2217.0,2568.0,nget_circuits,19,144,400.0,400.0,,
20,AXMI41,EXET41,36.184,0.0,OHL,0.0404,0.6915,21.9115,2779.0,2568.0,2217.0,2568.0,nget_circuits,19,217,400.0,400.0,,
21,BAGB21,MAGA21,12.629,1.389,parallel Composite,0.0435,0.5216,17.0509,1204.0,1115.0,1018.0,1115.0,nget_circuits,21,426,275.0,275.0,,
22,BAGB21,SWAN21,18.21,1.439,parallel Composite,0.0625,0.7488,19.1165,1548.0,1548.0,1431.0,1431.0,nget_circuits,21,682,275.0,275.0,,
23,BARK21,REBR22,10.879,0.0,OHL,0.0411,0.4451,3.0706,1129.0,1081.0,1000.0,1081.0,nget_circuits,24,572,275.0,275.0,,
24,BARK22,REBR21,10.854,0.0,OHL,0.041,0.4441,3.0636,1205.0,1127.0,1044.0,1127.0,nget_circuits,22,573,275.0,275.0,,
25,BARK41,CHUE4A,13.654,0.0,OHL,0.0213,0.2629,8.1589,3102.0,3048.0,2958.0,3048.0,nget_circuits,25,133,400.0,400.0,,
26,BARK41,CHUE4B,13.654,0.0,OHL,0.0213,0.2629,8.1589,3102.0,3048.0,2958.0,3048.0,nget_circuits,25,132,400.0,400.0,,
27,BARK41,WHAM41,9.662,0.124,Composite,0.0156,0.1915,10.4541,2009.0,1909.0,1710.0,1909.0,nget_circuits,25,798,400.0,400.0,,
28,BARK41,WHAM41,9.662,0.0,OHL,0.0155,0.191,5.6429,2009.0,1911.0,1746.0,1911.0,nget_circuits,25,798,400.0,400.0,,
29,BARK41,WTHU4A,15.872,0.0,OHL,0.0289,0.3158,9.1985,2009.0,1911.0,1746.0,1911.0,nget_circuits,25,783,400.0,400.0,,
30,BARK41,WTHU4B,15.872,0.0,OHL,0.0289,0.3158,9.1985,2009.0,1911.0,1746.0,1911.0,nget_circuits,25,784,400.0,400.0,,
31,BEDD21,CHSI21,17.836,0.286,Composite,0.068,0.7365,7.9729,944.0,882.0,762.0,835.0,nget_circuits,29,136,275.0,275.0,,
32,BEDD21,WIMB21,8.5,0.968,Composite,0.0409,0.3915,11.7005,859.0,827.0,623.0,694.0,nget_circuits,29,834,275.0,275.0,,
33,BEDD22,CHSI21,17.836,0.137,Composite,0.0677,0.7328,6.4221,762.0,762.0,662.0,662.0,nget_circuits,30,136,275.0,275.0,,
34,BEDD23,WIMB2A,8.5,0.582,Composite,0.0398,0.3821,8.4754,995.0,930.0,728.0,806.0,nget_circuits,31,833,275.0,275.0,,
35,BEDD4A,ROWD42,0.0,10.1,Cable,0.0071,0.1292,121.8435,1275.0,1213.0,1084.0,1213.0,nget_circuits,33,585,400.0,400.0,,
36,BEDD4B,ROWD41,0.0,10.1,Cable,0.0069,0.1275,124.3819,1275.0,1213.0,1084.0,1213.0,nget_circuits,28,583,400.0,400.0,,
37,BESW21,COVE21,18.668,0.0,OHL,0.0853,0.7901,5.0645,955.0,882.0,762.0,882.0,nget_circuits,41,160,275.0,275.0,,
38,BESW21,COVE21,18.668,0.0,OHL,0.0853,0.7901,5.0645,955.0,882.0,762.0,882.0,nget_circuits,41,160,275.0,275.0,,
39,BESW21,FECK21,35.814,0.0,OHL,0.1425,1.5095,9.7917,955.0,882.0,762.0,882.0,nget_circuits,41,220,275.0,275.0,,
40,BESW21,OCKH21,56.939,0.731,Composite,0.2318,2.4208,22.7971,819.0,819.0,638.0,638.0,nget_circuits,41,501,275.0,275.0,,
41,BICF41,SPLN41,20.109,0.0,OHL,0.0191,0.355,13.187,3156.0,3032.0,2823.0,3032.0,nget_circuits,43,642,400.0,400.0,,
42,BICF41,WALP41,37.775,0.0,OHL,0.0335,0.6488,25.3895,3189.0,3063.0,2853.0,3063.0,nget_circuits,43,753,400.0,400.0,,
43,BICF41,WBUR41,65.55,0.0,OHL,0.0581,1.1259,44.059,3326.0,3160.0,2971.0,3160.0,nget_circuits,43,775,400.0,400.0,,
44,BICF41,WBUR42,65.55,0.0,OHL,0.0581,1.1259,44.059,3326.0,3160.0,2971.0,3160.0,nget_circuits,43,776,400.0,400.0,,
45,BIRK21,CAPE21,15.448,0.0,OHL,0.0703,0.6839,4.0052,955.0,882.0,762.0,882.0,nget_circuits,44,119,275.0,275.0,,
46,BIRK21,CAPE21,15.448,0.0,OHL,0.0703,0.6839,4.0052,955.0,882.0,762.0,882.0,nget_circuits,44,119,275.0,275.0,,
47,BIRK21,LISD2A,0.0,12.891,Cable,0.0271,0.2978,125.0427,817.0,817.0,739.0,739.0,nget_circuits,44,403,275.0,275.0,,
48,BISW21,FECK21,22.83,0.0,OHL,0.0938,0.9633,6.2301,955.0,882.0,762.0,882.0,nget_circuits,46,220,275.0,275.0,,
49,BISW21,KITW21,27.111,0.0,OHL,0.1054,1.1236,7.5448,955.0,882.0,762.0,882.0,nget_circuits,46,375,275.0,275.0,,
50,BISW21,KITW21,24.226,0.0,OHL,0.0932,1.0024,6.7545,955.0,882.0,762.0,882.0,nget_circuits,46,375,275.0,275.0,,
51,BISW21,PENN21,30.172,0.0,OHL,0.1233,1.2726,8.2379,1040.0,1031.0,762.0,762.0,nget_circuits,46,529,275.0,275.0,,
52,BLYT21,STEW21,26.779,0.0,OHL,0.1472,1.3916,5.9965,682.0,629.0,538.0,629.0,nget_circuits,51,665,275.0,275.0,,
53,BLYT21,STEW21,26.711,0.0,OHL,0.1469,1.388,5.9813,682.0,629.0,538.0,629.0,nget_circuits,51,665,275.0,275.0,,
54,BLYT21,TYNE21,16.818,0.0,OHL,0.0742,0.7144,4.5642,1360.0,1310.0,1220.0,1310.0,nget_circuits,51,740,275.0,275.0,,
55,BLYT41,MEDB4A,26.636,0.121,Composite,0.0426,0.514,18.0175,2199.0,2092.0,1911.0,2092.0,nget_circuits,54,432,400.0,400.0,,
56,BLYT41,MEDB4B,26.636,0.49,Composite,0.0429,0.5194,24.1171,2199.0,2092.0,1911.0,2092.0,nget_circuits,54,431,400.0,400.0,,
57,BODE41,PENM4A,0.0,0.8,Cable,0.0008,0.0094,7.6404,1056.0,1056.0,980.0,980.0,nget_circuits,55,537,400.0,400.0,,
58,BODE41,PENM4B,0.5,0.0,OHL,0.0005,0.0087,0.3284,2771.0,2695.0,2510.0,2695.0,nget_circuits,55,536,400.0,400.0,,
59,BOLN41,LOVE41,64.774,0.0,OHL,0.0703,1.1266,42.6998,3102.0,2935.0,2765.0,2935.0,nget_circuits,56,418,400.0,400.0,,
60,BOLN41,LOVE41,64.774,0.0,OHL,0.0703,1.1266,42.6998,2771.0,2771.0,2765.0,2771.0,nget_circuits,56,418,400.0,400.0,,
61,BOLN41,NINF41,51.404,0.0,OHL,0.0558,0.8941,33.8862,3102.0,2935.0,2765.0,2935.0,nget_circuits,56,475,400.0,400.0,,
62,BOTW41,CHIL41,7.479,0.0,OHL,0.0066,0.1285,5.027,3341.0,3160.0,2971.0,3160.0,nget_circuits,59,145,400.0,400.0,,
63,BOTW41,LOVE41,14.672,0.0,OHL,0.013,0.252,9.8617,3341.0,3160.0,2971.0,3160.0,nget_circuits,59,418,400.0,400.0,,
64,BRAW21,ELLA21,16.802,0.081,Composite,0.0769,0.7134,5.4384,762.0,762.0,619.0,619.0,nget_circuits,62,203,275.0,275.0,,
65,BRAW21,KIRK21,17.279,4.547,Composite,0.0844,0.855,54.1379,762.0,762.0,619.0,619.0,nget_circuits,62,372,275.0,275.0,,
66,BRAW21,MONF21,51.155,0.0,OHL,0.1174,1.8824,15.9388,1204.0,1115.0,1018.0,1115.0,nget_circuits,62,457,275.0,275.0,,
67,BRAW4A,PADI41,59.3,0.0,OHL,0.0754,1.1321,35.9226,2470.0,2350.0,2146.0,2350.0,nget_circuits,64,517,400.0,400.0,,
68,BRED21,MACC21,19.612,0.0,OHL,0.0768,0.8127,5.4608,948.0,882.0,753.0,753.0,nget_circuits,80,420,275.0,275.0,,
69,BRED21,SMAN21,10.004,5.629,parallel Composite,0.0513,0.4604,46.762,865.0,865.0,749.0,749.0,nget_circuits,80,636,275.0,275.0,,
70,BRED21,STAL21,15.054,0.0,OHL,0.0665,0.6343,4.1113,1093.0,1031.0,925.0,1031.0,nget_circuits,80,654,275.0,275.0,,
71,BRFO41,NORM41,61.576,0.1,Composite,0.0983,1.242,37.3151,1590.0,1500.0,1346.0,1500.0,nget_circuits,69,494,400.0,400.0,,
72,BRFO41,NORM41,61.576,0.1,Composite,0.0983,1.242,37.3151,1590.0,1500.0,1346.0,1500.0,nget_circuits,69,494,400.0,400.0,,
73,BRIM2A,TOTT23,7.437,0.311,Composite,0.0345,0.3234,5.3982,1085.0,1031.0,925.0,1031.0,nget_circuits,90,721,275.0,275.0,,
74,BRIM2A,WALX22,5.865,0.0,OHL,0.0268,0.2482,1.5911,1093.0,1031.0,925.0,1031.0,nget_circuits,90,760,275.0,275.0,,
75,BRIM2B,TOTT22,7.305,0.393,Composite,0.0341,0.3201,6.2537,1085.0,1031.0,925.0,1031.0,nget_circuits,92,726,275.0,275.0,,
76,BRIM2B,WALX22,5.997,0.0,OHL,0.0274,0.2538,1.6269,1093.0,1031.0,925.0,1031.0,nget_circuits,92,760,275.0,275.0,,
77,BRIN21,CHTE21,22.464,0.22,Composite,0.0519,0.8305,9.3505,934.0,934.0,753.0,753.0,nget_circuits,97,140,275.0,275.0,,
78,BRIN21,JORD21,13.257,1.489,Composite,0.0647,0.5918,16.0432,557.0,557.0,499.0,499.0,nget_circuits,97,350,275.0,275.0,,
79,BRIN21,NORL2A,13.257,2.845,Composite,0.0708,0.6085,24.8202,419.0,419.0,381.0,381.0,nget_circuits,97,489,275.0,275.0,,
80,BRIN21,TEMP21,2.757,0.0,OHL,0.0126,0.117,0.7458,955.0,882.0,762.0,882.0,nget_circuits,97,688,275.0,275.0,,
81,BRIN21,TEMP22,2.757,0.0,OHL,0.0126,0.117,0.7458,955.0,882.0,762.0,882.0,nget_circuits,97,690,275.0,275.0,,
82,BRIN22,CHTE21,22.375,0.0,OHL,0.0513,0.8236,6.9689,1204.0,1115.0,1018.0,1115.0,nget_circuits,98,140,275.0,275.0,,
83,BRIN22,THUR21,5.704,0.0,OHL,0.0599,0.2384,1.5621,626.0,591.0,535.0,591.0,nget_circuits,98,701,275.0,275.0,,
84,BRIN22,TINP21,3.17,0.0,OHL,0.0145,0.1342,0.86,955.0,882.0,762.0,882.0,nget_circuits,98,716,275.0,275.0,,
85,BRIN22,TINP22,3.17,0.0,OHL,0.0145,0.1342,0.86,919.0,869.0,762.0,869.0,nget_circuits,98,714,275.0,275.0,,
86,BRIN41,THOM41,36.299,0.0,OHL,0.0394,0.6316,23.9221,2518.0,2395.0,2188.0,2395.0,nget_circuits,96,696,400.0,400.0,,
87,BRIN41,THOM42,36.299,0.0,OHL,0.0394,0.6316,23.9221,2545.0,2421.0,2211.0,2421.0,nget_circuits,96,699,400.0,400.0,,
88,BRLE41,DIDC41,37.691,5.7,parallel Composite,0.0419,0.6724,87.0663,2779.0,2568.0,2217.0,2245.0,nget_circuits,78,178,400.0,400.0,,
89,BRLE41,DIDC41,37.691,5.7,parallel Composite,0.0419,0.6719,134.3668,2277.0,2277.0,2037.0,2037.0,nget_circuits,78,178,400.0,400.0,,
90,BRLE41,FLEE41,17.555,0.0,OHL,0.019,0.3053,11.5725,2569.0,2569.0,2217.0,2569.0,nget_circuits,78,239,400.0,400.0,,
91,BRLE41,FLEE41,17.555,0.0,OHL,0.019,0.3053,11.5725,2779.0,2569.0,2217.0,2569.0,nget_circuits,78,239,400.0,400.0,,
92,BRLE41,WWEY4A,49.375,0.0,OHL,0.0789,0.9495,29.6914,2199.0,2092.0,1911.0,2092.0,nget_circuits,78,792,400.0,400.0,,
93,BRLE41,WWEY4B,49.375,0.0,OHL,0.0789,0.9495,29.6914,2199.0,2092.0,1911.0,2092.0,nget_circuits,78,790,400.0,400.0,,
94,BURW41,PELH41,42.934,0.0,OHL,0.0381,0.7374,28.8562,3035.0,2910.0,2238.0,2515.0,nget_circuits,101,522,400.0,400.0,,
95,BURW41,PELH41,42.782,0.0,OHL,0.0379,0.7348,28.7545,3326.0,3160.0,2971.0,3160.0,nget_circuits,101,522,400.0,400.0,,
96,BURW41,WALP41,51.189,0.0,OHL,0.0454,0.8792,34.4056,3326.0,3160.0,2971.0,3160.0,nget_circuits,101,753,400.0,400.0,,
97,BURW41,WALP41,51.183,0.0,OHL,0.0454,0.8791,34.4016,3326.0,3160.0,2971.0,3160.0,nget_circuits,101,753,400.0,400.0,,
98,BUSH21,DRAK21,38.153,0.0,OHL,0.146,1.6016,10.4839,1204.0,1115.0,1018.0,1115.0,nget_circuits,103,182,275.0,275.0,,
99,BUSH21,PENN21,21.653,0.0,OHL,0.0824,0.9078,5.9595,1038.0,1038.0,762.0,762.0,nget_circuits,103,529,275.0,275.0,,
100,BUSH21,WIEN2B,5.197,4.318,Composite,0.0311,0.3404,48.3427,762.0,762.0,681.0,681.0,nget_circuits,103,815,275.0,275.0,,
101,BUST21,NECH21,2.648,7.648,Composite,0.026,0.3169,76.528,725.0,713.0,599.0,635.0,nget_circuits,107,461,275.0,275.0,,
102,BUST21,NECH21,2.648,7.619,Composite,0.026,0.3163,76.3606,725.0,713.0,599.0,635.0,nget_circuits,107,461,275.0,275.0,,
103,CAMA11,IROA13,0.0,1.0,Cable,0.815,5.549,1.802,246.0,228.0,198.0,228.0,nget_circuits,110,334,132.0,132.0,,
104,CAMA12,IROA12,0.0,1.0,Cable,0.815,5.549,1.802,246.0,228.0,198.0,228.0,nget_circuits,109,333,132.0,132.0,,
105,CANT41,CANT41,0.0,0.1,Cable,0.0001,0.0012,1.0915,3102.0,3102.0,3102.0,3102.0,nget_circuits,113,113,400.0,400.0,,
106,CANT41,CANT41,0.0,0.1,Cable,0.0001,0.0012,1.0915,3102.0,3102.0,3102.0,3102.0,nget_circuits,113,113,400.0,400.0,,
107,CANT41,CANT41,0.0,0.1,Cable,0.0001,0.0012,1.0915,3102.0,3102.0,3102.0,3102.0,nget_circuits,113,113,400.0,400.0,,
108,CANT41,CLEH41,14.7,0.0,OHL,0.0229,0.282,8.8214,3102.0,3048.0,2853.0,3048.0,nget_circuits,113,152,400.0,400.0,,
109,CANT41,KEMS4A,28.2,0.0,OHL,0.0439,0.5411,16.9228,3102.0,2935.0,2765.0,2935.0,nget_circuits,113,363,400.0,400.0,,
110,CANT41,RICH41,25.0,0.0,OHL,0.0399,0.4808,15.0336,2038.0,2038.0,1801.0,1801.0,nget_circuits,113,575,400.0,400.0,,
111,CANT41,RICH41,25.0,0.0,OHL,0.0399,0.4808,15.0336,2038.0,2038.0,1801.0,1801.0,nget_circuits,113,575,400.0,400.0,,
112,CANT41,SELL4C,26.711,0.0,OHL,0.0416,0.5125,16.0297,3102.0,3048.0,2958.0,3048.0,nget_circuits,113,613,400.0,400.0,,
113,CANT41,SELL4D,26.711,0.0,OHL,0.0416,0.5125,16.0297,3103.0,3048.0,2959.0,3048.0,nget_circuits,113,615,400.0,400.0,,
114,CAPE1A,INCE11,0.0,1.0,Cable,0.22260000000000002,2.0652,3.2486,258.0,258.0,240.0,240.0,nget_circuits,118,330,132.0,132.0,,
115,CAPE1B,INCE11,0.0,1.0,Cable,0.22039999999999998,2.0451,3.2416,240.0,240.0,240.0,240.0,nget_circuits,116,330,132.0,132.0,,
116,CAPE4A,CONQ41,11.543,0.0,OHL,0.0102,0.1983,7.7586,3326.0,3160.0,2971.0,3160.0,nget_circuits,114,154,400.0,400.0,,
117,CAPE4A,FROD41,18.404,0.0,OHL,0.0199,0.2926,13.3521,2889.0,2748.0,2418.0,2748.0,nget_circuits,114,256,400.0,400.0,,
118,CAPE4B,CONQ41,11.543,0.0,OHL,0.0102,0.1983,7.7586,3326.0,3160.0,2971.0,3160.0,nget_circuits,115,154,400.0,400.0,,
119,CAPE4B,FROD41,18.315,0.0,OHL,0.0198,0.2912,13.2878,2890.0,2749.0,2418.0,2749.0,nget_circuits,115,256,400.0,400.0,,
120,CARE21,COWT2A,27.881,0.0,OHL,0.1533,1.4488,6.2406,682.0,629.0,538.0,629.0,nget_circuits,121,163,275.0,275.0,,
121,CARE21,USKM2B,19.94,0.0,OHL,0.1096,1.0362,4.4651,682.0,629.0,538.0,629.0,nget_circuits,121,747,275.0,275.0,,
122,CARR21,SMAN21,10.747,0.23,Composite,0.0475,0.476,5.3274,835.0,835.0,665.0,665.0,nget_circuits,128,636,275.0,275.0,,
123,CARR21,SMAN21,9.294,0.133,Composite,0.0414,0.4101,3.8882,835.0,835.0,665.0,665.0,nget_circuits,128,636,275.0,275.0,,
124,CARR41,KEAR41,13.154,0.0,OHL,0.0225,0.2574,7.7626,2212.0,2125.0,1979.0,2125.0,nget_circuits,123,359,400.0,400.0,,
125,CARR41,PEWO4A,56.9,0.0,OHL,0.0988,1.1179,33.4404,2169.0,2084.0,1940.0,2084.0,nget_circuits,123,540,400.0,400.0,,
126,CARR42,DAIN41,2.063,0.0,OHL,0.0035,0.0404,1.2165,1500.0,1500.0,1500.0,1500.0,nget_circuits,127,176,400.0,400.0,,
127,CARR4B,DAIN41,2.036,0.0,OHL,0.0037,0.0405,1.1791,1553.0,1553.0,1553.0,1553.0,nget_circuits,126,176,400.0,400.0,,
128,CELL41,DAIN41,53.412,2.31,parallel Composite,0.0847,1.031,76.931,2508.0,2508.0,2300.0,2300.0,nget_circuits,130,176,400.0,400.0,,
129,CELL41,MACC41,31.617,0.0,OHL,0.0495,0.6067,18.9879,3102.0,3048.0,2958.0,3048.0,nget_circuits,130,422,400.0,400.0,,
130,CHIC41,EXET41,67.12,8.8,Composite,0.0786,1.3565,152.8884,2779.0,2568.0,2217.0,2568.0,nget_circuits,143,217,400.0,400.0,,
131,CHIC41,MANN41,53.913,0.0,OHL,0.0585,0.9377,35.5401,3065.0,2829.0,2418.0,2829.0,nget_circuits,143,424,400.0,400.0,,
132,CHIC4A,MANN41,54.066,0.0,OHL,0.0587,0.9404,35.6406,3065.0,2829.0,2418.0,2829.0,nget_circuits,144,424,400.0,400.0,,
133,CHIL41,FAWL41,0.0,3.73,Cable,0.0037,0.0235,56.9944,970.0,928.0,800.0,928.0,nget_circuits,145,219,400.0,400.0,,
134,CHIL41,FAWL41,0.0,3.69,Cable,0.0037,0.0232,56.3832,970.0,928.0,800.0,928.0,nget_circuits,145,219,400.0,400.0,,
135,CHIL41,LOVE41,22.379,0.315,Composite,0.0201,0.389,20.2483,1109.0,1109.0,901.0,901.0,nget_circuits,145,418,400.0,400.0,,
136,CHSI21,WWEY21,15.318,0.0,OHL,0.0519,0.6229,4.351,1316.0,1213.0,1104.0,1213.0,nget_circuits,136,793,275.0,275.0,,
137,CHSI21,WWEY22,15.347,0.0,OHL,0.052,0.6241,4.3592,1316.0,1213.0,1104.0,1213.0,nget_circuits,136,795,275.0,275.0,,
138,CHTE21,HIGM21,43.792,0.0,OHL,0.1218,1.806,12.2763,1381.0,1339.0,1258.0,1339.0,nget_circuits,140,311,275.0,275.0,,
139,CHTE21,HIGM21,43.651,0.0,OHL,0.1214,1.8002,12.2369,1381.0,1381.0,1375.0,1381.0,nget_circuits,140,311,275.0,275.0,,
140,CHUE4A,TILB41,13.045,0.48,Composite,0.0207,0.2569,13.0341,2827.0,2827.0,2591.0,2591.0,nget_circuits,133,708,400.0,400.0,,
141,CHUE4A,WTHU4D,2.419,0.0,OHL,0.0038,0.0488,1.378,3102.0,3048.0,2958.0,3048.0,nget_circuits,133,786,400.0,400.0,,
142,CHUE4B,TILB41,13.045,0.48,Composite,0.0207,0.2569,13.0341,2924.0,2924.0,2591.0,2591.0,nget_circuits,132,708,400.0,400.0,,
143,CHUE4B,WTHU4C,2.581,0.0,OHL,0.004,0.0519,1.4744,3102.0,3048.0,2958.0,3048.0,nget_circuits,132,782,400.0,400.0,,
144,CILF2A,UPPB21,6.975,0.0,OHL,0.0319,0.2952,1.8923,955.0,882.0,762.0,882.0,nget_circuits,148,745,275.0,275.0,,
145,CILF2B,UPPB22,6.975,0.0,OHL,0.0319,0.2952,1.8923,955.0,882.0,762.0,882.0,nget_circuits,146,743,275.0,275.0,,
146,CILF41,IMPP41,25.119,0.0,OHL,0.0273,0.4396,16.4758,2779.0,2568.0,2217.0,2568.0,nget_circuits,147,329,400.0,400.0,,
147,CILF41,RASS41,26.901,0.0,OHL,0.0292,0.4679,17.7332,2779.0,2568.0,2217.0,2568.0,nget_circuits,147,562,400.0,400.0,,
148,CILF41,RHIG41,25.011,0.0,OHL,0.0271,0.435,16.4876,2779.0,2568.0,2217.0,2568.0,nget_circuits,147,574,400.0,400.0,,
149,CILF41,SWAN41,61.595,0.0,OHL,0.0668,1.0713,40.6034,2779.0,2568.0,2217.0,2568.0,nget_circuits,147,681,400.0,400.0,,
150,CILF41,SWAN42,61.655,0.0,OHL,0.0669,1.0724,40.6428,3180.0,3000.0,2692.0,3000.0,nget_circuits,147,677,400.0,400.0,,
151,CILF41,WHSO4A,35.208,0.0,OHL,0.0383,0.6151,23.1262,2779.0,2568.0,2217.0,2568.0,nget_circuits,147,806,400.0,400.0,,
152,CITR41,CITR41,0.0,0.1,Cable,0.0001,0.0008,1.8,1566.0,1538.0,1351.0,1424.0,nget_circuits,150,150,400.0,400.0,,
153,CITR41,CITR41,0.0,0.1,Cable,0.0001,0.0008,1.8,1733.0,1492.0,1362.0,1492.0,nget_circuits,150,150,400.0,400.0,,
154,CITR41,PUDM41,0.0,7.29,Cable,0.0066,0.0598,131.22,1282.0,1136.0,984.0,1136.0,nget_circuits,150,554,400.0,400.0,,
155,CITR41,SJOW41,0.0,7.243,Cable,0.0065,0.0594,130.374,1282.0,1136.0,984.0,1136.0,nget_circuits,150,650,400.0,400.0,,
156,CITR41,SJOW41,0.0,6.776,Cable,0.0061,0.0556,121.968,1282.0,1136.0,984.0,1136.0,nget_circuits,150,650,400.0,400.0,,
157,CITR41,WHAM4B,0.0,9.39,Cable,0.0085,0.077,169.02,1282.0,1136.0,984.0,1136.0,nget_circuits,150,796,400.0,400.0,,
158,CLEH41,KEMS4B,13.5,0.0,OHL,0.021,0.259,8.1013,3102.0,3048.0,2853.0,3048.0,nget_circuits,152,365,400.0,400.0,,
159,CONQ41,DAIN41,60.331,0.0,OHL,0.094,1.1575,36.2038,3102.0,3048.0,2853.0,3048.0,nget_circuits,154,176,400.0,400.0,,
160,CONQ41,DAIN41,60.294,0.0,OHL,0.0938,1.1562,36.2009,3102.0,3048.0,2853.0,3048.0,nget_circuits,154,176,400.0,400.0,,
161,CONQ41,FLIB41,0.0,3.495,Cable,0.0022,0.05,43.9195,1438.0,1438.0,1389.0,1389.0,nget_circuits,154,240,400.0,400.0,,
162,CONQ41,FLIB41,0.0,3.388,Cable,0.0022,0.0485,42.5749,1438.0,1438.0,1389.0,1389.0,nget_circuits,154,240,400.0,400.0,,
163,CONQ41,PENM4A,30.217,0.21,Composite,0.0329,0.528,22.2116,2665.0,2561.0,2217.0,2561.0,nget_circuits,154,537,400.0,400.0,,
164,CONQ41,PENM4B,30.217,0.21,Composite,0.0329,0.528,22.2116,2665.0,2561.0,2217.0,2561.0,nget_circuits,154,536,400.0,400.0,,
165,CONQ41,TREU4A,14.323,0.0,OHL,0.0245,0.2802,8.4568,2397.0,2302.0,2144.0,2302.0,nget_circuits,154,734,400.0,400.0,,
166,CONQ41,TREU4B,14.323,0.0,OHL,0.0245,0.2802,8.4568,2212.0,2125.0,1979.0,2125.0,nget_circuits,154,733,400.0,400.0,,
167,COSO41,RAYL41,13.913,0.0,OHL,0.0217,0.2698,8.2601,3075.0,2876.0,2663.0,2876.0,nget_circuits,157,568,400.0,400.0,,
168,COSO41,TILB4B,12.363,0.0,OHL,0.0193,0.24,7.3306,2423.0,2327.0,2167.0,2327.0,nget_circuits,157,706,400.0,400.0,,
169,COTT41,MARH4B,100.853,0.0,OHL,0.1772,1.9852,59.1294,2009.0,1911.0,1746.0,1911.0,nget_circuits,158,430,400.0,400.0,,
170,COTT41,RYHA4A,76.891,0.0,OHL,0.0834,1.3374,50.6872,2779.0,2569.0,2217.0,2569.0,nget_circuits,158,598,400.0,400.0,,
171,COTT41,STAY41,27.788,0.5,parallel Composite,0.0506,0.5544,21.5604,2212.0,2125.0,1979.0,2052.0,nget_circuits,158,660,400.0,400.0,,
172,COTT42,RYHA4B,76.816,0.0,OHL,0.0834,1.3361,50.638,2779.0,2569.0,2217.0,2569.0,nget_circuits,159,597,400.0,400.0,,
173,COTT42,STAY41,27.698,0.0,OHL,0.0441,0.5297,16.7334,2212.0,2125.0,1979.0,2125.0,nget_circuits,159,660,400.0,400.0,,
174,COTT42,WBUR42,6.76,0.0,OHL,0.0105,0.1321,3.9942,3326.0,3160.0,2971.0,3160.0,nget_circuits,159,776,400.0,400.0,,
175,COVE21,NECH21,30.715,0.0,OHL,0.0619,1.1211,9.699,1204.0,1115.0,1018.0,1115.0,nget_circuits,160,461,275.0,275.0,,
176,COVE21,RATS2A,64.863,0.5,Composite,0.2171,2.6384,23.342,1000.0,1000.0,1000.0,1000.0,nget_circuits,160,567,275.0,275.0,,
177,COWL41,CULJ4A,6.496,0.0,OHL,0.007,0.113,4.2822,2771.0,2568.0,2217.0,2568.0,nget_circuits,165,175,400.0,400.0,,
178,COWL41,DIDC41,11.503,0.0,OHL,0.0125,0.2001,7.5827,2779.0,2568.0,2217.0,2568.0,nget_circuits,165,178,400.0,400.0,,
179,COWL41,ECLA41,36.301,0.0,OHL,0.0394,0.6314,23.9301,2779.0,2568.0,2217.0,2568.0,nget_circuits,165,195,400.0,400.0,,
180,COWL41,LEIB4A,52.495,0.0,OHL,0.0537,0.9095,34.8191,2779.0,2568.0,2217.0,2568.0,nget_circuits,165,398,400.0,400.0,,
181,COWL41,MITY41,100.105,2.092,Composite,0.1418,1.8493,98.0711,1180.0,1132.0,877.0,979.0,nget_circuits,165,451,400.0,400.0,,
182,COWL41,WALH41,89.553,2.092,Composite,0.113,1.6366,92.0801,1180.0,1132.0,877.0,979.0,nget_circuits,165,752,400.0,400.0,,
183,COWT2A,PYLE21,22.6,0.0,OHL,0.1334,0.9291,6.3441,932.0,879.0,790.0,879.0,nget_circuits,163,556,275.0,275.0,,
184,CREB2A,HEDO21,20.347,0.0,OHL,0.0564,0.7587,6.312,1749.0,1664.0,1520.0,1664.0,nget_circuits,171,306,275.0,275.0,,
185,CREB2B,SAEN21,20.347,0.0,OHL,0.0564,0.7587,6.312,1749.0,1664.0,1520.0,1664.0,nget_circuits,172,599,275.0,275.0,,
186,CREB41,GART4A,32.081,0.0,OHL,0.0348,0.558,21.1475,2771.0,2771.0,2663.0,2771.0,nget_circuits,167,258,400.0,400.0,,
187,CREB41,GART4B,32.109,0.0,OHL,0.0348,0.5585,21.1659,3075.0,2876.0,2663.0,2876.0,nget_circuits,167,257,400.0,400.0,,
188,CULJ4A,DIDC41,4.898,0.0,OHL,0.0053,0.0852,3.2288,2771.0,2568.0,2217.0,2568.0,nget_circuits,175,178,400.0,400.0,,
189,DAIN41,MACC41,33.593,2.4,parallel Composite,0.0541,0.6511,66.8001,2397.0,2302.0,2144.0,2300.0,nget_circuits,176,422,400.0,400.0,,
190,DAMC41,KINO41,0.0,0.919,Cable,0.0001,0.0005,2.6467,1528.0,1528.0,1528.0,1528.0,nget_circuits,177,369,400.0,400.0,,
191,DIDC41,DIDC41,0.0,0.0,Series Reactor,0.0063,0.5,0.0,2640.0,2640.0,2640.0,2640.0,nget_circuits,178,178,400.0,400.0,,
192,DINO41,PENT41,0.0,10.762,Cable,0.0075,0.1184,215.24,1604.0,1604.0,1557.0,1557.0,nget_circuits,179,535,400.0,400.0,,
193,DINO41,PENT41,4.545,6.183,Composite,0.0093,0.1402,126.9578,1623.0,1623.0,1571.0,1571.0,nget_circuits,179,535,400.0,400.0,,
194,DRAK41,BUST4A,34.592,0.0,OHL,0.0375,0.6017,22.8026,1203.0,1203.0,1103.0,1119.0,nget_circuits,184,104,400.0,400.0,,
195,DRAK41,BUST4B,34.537,0.0,OHL,0.0375,0.6007,22.7664,2779.0,2568.0,2217.0,2568.0,nget_circuits,184,105,400.0,400.0,,
196,DRAK41,HAMH41,29.434,0.0,OHL,0.0534,0.5857,17.0575,2009.0,1911.0,1746.0,1911.0,nget_circuits,184,287,400.0,400.0,,
197,DRAK41,OLDB4A,48.818,0.5,Composite,0.0921,0.9799,36.5074,1169.0,1169.0,1068.0,1068.0,nget_circuits,184,507,400.0,400.0,,
198,DRAK41,RATS41,32.907,0.0,OHL,0.0582,0.6532,19.1262,2009.0,1911.0,1746.0,1911.0,nget_circuits,184,564,400.0,400.0,,
199,DRAK41,RUGE41,20.966,0.0,OHL,0.0379,0.4173,12.1495,2009.0,1911.0,1746.0,1911.0,nget_circuits,184,588,400.0,400.0,,
200,DRAK41,WILE41,16.937,0.0,OHL,0.0308,0.337,9.8147,2009.0,1911.0,1746.0,1911.0,nget_circuits,184,825,400.0,400.0,,
201,DRAX41,DRAX42,0.0,0.0,Series Reactor,0.006,2.0,0.0,1769.0,1769.0,1320.0,1320.0,nget_circuits,187,186,400.0,400.0,,
202,DRAX41,EGGB42,11.188,0.64,Composite,0.0128,0.2017,30.2999,2089.0,2089.0,1878.0,1878.0,nget_circuits,187,201,400.0,400.0,,
203,DRAX41,FENW4A,13.443,0.0,OHL,0.0146,0.2338,8.8618,3180.0,3000.0,2692.0,3000.0,nget_circuits,187,223,400.0,400.0,,
204,DRAX41,THTO42,22.579,0.0,OHL,0.0198,0.3877,15.2046,3820.0,2568.0,3320.0,3630.0,nget_circuits,187,692,400.0,400.0,,
205,DRAX42,EGGB41,11.188,0.0,OHL,0.0124,0.1983,7.2605,2973.0,2778.0,2447.0,2778.0,nget_circuits,186,202,400.0,400.0,,
206,DRAX42,THOM41,21.73,0.0,OHL,0.0311,0.3992,13.6444,2981.0,2867.0,2248.0,2505.0,nget_circuits,186,696,400.0,400.0,,
207,DRAX42,THTO41,22.579,0.0,OHL,0.0198,0.3877,15.2046,3820.0,3630.0,3320.0,3630.0,nget_circuits,186,693,400.0,400.0,,
208,DUNG41,NINF41,44.081,0.0,OHL,0.0391,0.7571,29.6278,3065.0,2829.0,2418.0,2829.0,nget_circuits,189,475,400.0,400.0,,
209,DUNG41,NINF41,44.056,0.0,OHL,0.0391,0.7567,29.6111,3066.0,2830.0,2418.0,2830.0,nget_circuits,189,475,400.0,400.0,,
210,DUNG41,SELL4E,25.387,0.0,OHL,0.0395,0.4871,15.2346,3066.0,2830.0,2418.0,2830.0,nget_circuits,189,616,400.0,400.0,,
211,DUNG41,SELL4F,25.403,0.0,OHL,0.0396,0.4874,15.2441,3066.0,2830.0,2418.0,2830.0,nget_circuits,189,617,400.0,400.0,,
212,EALI21,LALE21,0.0,19.658,Cable,0.0531,0.3912,167.2896,524.0,518.0,401.0,401.0,nget_circuits,190,386,275.0,275.0,,
213,EALI21,LALE21,0.0,19.658,Cable,0.0531,0.3912,167.2896,525.0,525.0,426.0,426.0,nget_circuits,190,386,275.0,275.0,,
214,EALI21,WISD2A,0.0,6.075,Cable,0.0121,0.1391,61.5397,750.0,750.0,735.0,735.0,nget_circuits,190,821,275.0,275.0,,
215,EASO41,WYMO41,35.272,0.0,OHL,0.0383,0.6135,23.2517,2779.0,2568.0,2217.0,2568.0,nget_circuits,197,840,400.0,400.0,,
216,EASO4A,RYHA4B,58.769,0.0,OHL,0.0638,1.0222,38.7404,2779.0,2569.0,2217.0,2569.0,nget_circuits,199,597,400.0,400.0,,
217,EASO4B,RYHA4A,58.95,0.0,OHL,0.064,1.0253,38.8593,2779.0,2569.0,2217.0,2569.0,nget_circuits,198,598,400.0,400.0,,
218,EASO4B,WYMO41,35.272,0.0,OHL,0.0383,0.6135,23.2517,2779.0,2568.0,2217.0,2568.0,nget_circuits,198,840,400.0,400.0,,
219,ECLA41,LEIB4B,15.985,0.0,OHL,0.0141,0.2745,10.7511,2779.0,2568.0,2217.0,2568.0,nget_circuits,195,397,400.0,400.0,,
220,ECLA41,PAFB4A,44.72,0.0,OHL,0.0814,0.8898,25.9172,2009.0,1911.0,1746.0,1911.0,nget_circuits,195,519,400.0,400.0,,
221,ECLA41,PAFB4B,44.886,0.0,OHL,0.0817,0.8931,26.0131,2009.0,1911.0,1746.0,1911.0,nget_circuits,195,520,400.0,400.0,,
222,EGGB41,ROCH4A,84.875,0.7,Composite,0.1416,1.6214,64.456,1239.0,1239.0,1122.0,1122.0,nget_circuits,202,580,400.0,400.0,,
223,EGGB41,THOM41,28.07,0.197,Composite,0.0293,0.4897,21.8489,2217.0,2217.0,1801.0,1801.0,nget_circuits,202,696,400.0,400.0,,
224,EGGB42,FERR4A,11.864,0.0,OHL,0.0128,0.2063,7.8228,2779.0,2568.0,2217.0,2568.0,nget_circuits,201,229,400.0,400.0,,
225,EGGB42,STSB4B,48.084,0.0,OHL,0.052,0.8361,31.7071,2779.0,2568.0,2217.0,2568.0,nget_circuits,201,667,400.0,400.0,,
226,ELLA21,FERR22,45.565,0.0,OHL,0.1573,1.8245,13.1474,1324.0,1260.0,1151.0,1260.0,nget_circuits,203,226,275.0,275.0,,
227,ELLA21,KIRK21,33.995,5.044,Composite,0.1618,1.5765,64.0738,762.0,762.0,619.0,619.0,nget_circuits,203,372,275.0,275.0,,
228,ELLA21,STAL21,39.6,0.0,OHL,0.1647,1.6624,10.8691,955.0,882.0,762.0,882.0,nget_circuits,203,654,275.0,275.0,,
229,ELST12,HEND11,0.0,1.0,Cable,0.08099999999999999,0.634,16.009999999999998,299.0,275.0,218.0,275.0,nget_circuits,210,307,132.0,132.0,,
230,ELST21,MILH2A,6.375,6.338,Composite,0.0548,0.3963,55.677,524.0,524.0,430.0,430.0,nget_circuits,213,444,275.0,275.0,,
231,ELST21,MILH2B,6.375,6.282,Composite,0.0546,0.3952,55.2004,524.0,524.0,430.0,430.0,nget_circuits,213,445,275.0,275.0,,
232,ELST21,WARL21,59.208,0.261,Composite,0.2449,2.4665,19.2619,762.0,762.0,619.0,619.0,nget_circuits,213,762,275.0,275.0,,
233,ELST21,WATS21,5.398,0.399,Composite,0.0254,0.2396,5.8016,762.0,762.0,619.0,619.0,nget_circuits,213,770,275.0,275.0,,
234,ELST22,WARL21,59.244,0.59,Composite,0.2456,2.4772,22.8481,762.0,762.0,619.0,619.0,nget_circuits,206,762,275.0,275.0,,
235,ELST22,WATS22,5.398,0.222,Composite,0.0251,0.2347,3.8776,762.0,762.0,619.0,619.0,nget_circuits,206,771,275.0,275.0,,
236,ELST41,ELST4A,0.0,0.0,Series Reactor,0.0125,1.0,0.0,2000.0,2000.0,2000.0,2000.0,nget_circuits,209,208,400.0,400.0,,
237,ELST41,SJOW41,0.0,20.0,Cable,0.014,0.176,244.29,1767.0,1732.0,1663.0,1732.0,nget_circuits,209,650,400.0,400.0,,
238,ENDE41,PAFB4A,41.13,0.0,OHL,0.0709,0.8051,24.2569,2009.0,1911.0,1746.0,1911.0,nget_circuits,215,519,400.0,400.0,,
239,ENDE41,PAFB4B,41.13,0.0,OHL,0.0709,0.8051,24.2569,2009.0,1911.0,1746.0,1911.0,nget_circuits,215,520,400.0,400.0,,
240,ENDE41,RATS41,36.941,0.0,OHL,0.0399,0.5872,26.8034,2779.0,2568.0,2217.0,2568.0,nget_circuits,215,564,400.0,400.0,,
241,ENDE41,RATS41,36.873,0.0,OHL,0.0398,0.5862,26.7543,2779.0,2568.0,2217.0,2568.0,nget_circuits,215,564,400.0,400.0,,
242,EXET41,TAUN41,38.147,0.0,OHL,0.0694,0.759,22.1074,2009.0,1911.0,1746.0,1911.0,nget_circuits,217,686,400.0,400.0,,
243,EXET41,TAUN42,38.107,0.0,OHL,0.0693,0.7582,22.0842,2009.0,1911.0,1746.0,1911.0,nget_circuits,217,687,400.0,400.0,,
244,FAWL41,MANN41,57.703,3.412,Composite,0.0646,0.9849,77.9055,2779.0,2568.0,2217.0,2568.0,nget_circuits,219,424,400.0,400.0,,
245,FAWL41,MAWO41,18.639,0.0,OHL,0.0214,0.3062,13.1667,2423.0,2327.0,2167.0,2327.0,nget_circuits,219,425,400.0,400.0,,
246,FECK41,HAMH41,43.314,0.0,OHL,0.078,0.8621,25.1018,2009.0,1911.0,1746.0,1911.0,nget_circuits,222,287,400.0,400.0,,
247,FECK41,IRON41,66.123,0.0,OHL,0.123,1.3148,38.3377,2009.0,1911.0,1746.0,1911.0,nget_circuits,222,338,400.0,400.0,,
248,FECK41,MITY41,78.649,0.0,OHL,0.1527,1.5677,45.4527,1967.0,1874.0,1712.0,1874.0,nget_circuits,222,451,400.0,400.0,,
249,FECK41,WALH41,67.986,0.0,OHL,0.1237,1.3527,39.4005,1967.0,1875.0,1712.0,1875.0,nget_circuits,222,752,400.0,400.0,,
250,FENW4A,KEAD42,42.517,0.0,parallel OHL,0.0198,0.2161,24.6399,3075.0,2876.0,2663.0,2876.0,nget_circuits,223,352,400.0,400.0,,
251,FENW4A,THOM42,8.287,0.0,OHL,0.0165,0.1653,4.7826,2009.0,1911.0,1746.0,1911.0,nget_circuits,223,699,400.0,400.0,,
252,FERR21,MONF21,4.485,0.0,OHL,0.0103,0.1651,1.3966,1372.0,1307.0,1207.0,1307.0,nget_circuits,225,457,275.0,275.0,,
253,FERR21,SKLG21,20.033,0.685,Composite,0.0991,0.9874,9.8077,865.0,823.0,752.0,823.0,nget_circuits,225,634,275.0,275.0,,
254,FERR22,FERR2B,0.554,0.16,Composite,0.002,0.0234,1.3262,1031.0,1031.0,981.0,981.0,nget_circuits,226,224,275.0,275.0,,
255,FERR23,FERR2A,0.586,0.0,OHL,0.0013,0.0216,0.1825,1381.0,1307.0,1227.0,1307.0,nget_circuits,230,231,275.0,275.0,,
256,FERR2A,MONF22,3.922,0.0,OHL,0.009,0.1444,1.2212,1204.0,1115.0,1018.0,1115.0,nget_circuits,231,452,275.0,275.0,,
257,FERR2B,SKLG21,19.545,0.56,Composite,0.0975,0.9671,8.7544,865.0,823.0,752.0,823.0,nget_circuits,224,634,275.0,275.0,,
258,FFES21,TRAW21,7.291,0.133,Composite,0.0771,0.3081,2.8868,480.0,480.0,330.0,330.0,nget_circuits,233,728,275.0,275.0,,
259,FFES22,TRAW21,7.358,0.0,OHL,0.0772,0.3075,2.0153,551.0,512.0,442.0,512.0,nget_circuits,232,728,275.0,275.0,,
260,FIDF21,FIDF21,0.0,0.0,Series Reactor,0.0125,1.0,0.0,750.0,750.0,750.0,750.0,nget_circuits,234,234,275.0,275.0,,
261,FIDF21,FIDF21,0.0,0.0,Series Reactor,0.0125,1.0,0.0,750.0,750.0,750.0,750.0,nget_circuits,234,234,275.0,275.0,,
262,FIDF21,FROD21,9.145,0.0,OHL,0.021,0.3366,2.8484,1316.0,1213.0,1104.0,1213.0,nget_circuits,234,255,275.0,275.0,,
263,FIDF21,FROD22,9.145,0.0,OHL,0.021,0.3366,2.8484,1316.0,1213.0,1104.0,1213.0,nget_circuits,234,253,275.0,275.0,,
264,FIDF21,RAIN21,7.963,0.0,OHL,0.0183,0.2678,2.7299,1316.0,1213.0,1104.0,1213.0,nget_circuits,234,561,275.0,275.0,,
265,FIDF21,RAIN21,7.963,0.0,OHL,0.0183,0.2678,2.7299,1316.0,1213.0,1104.0,1213.0,nget_circuits,234,561,275.0,275.0,,
266,FLEE41,LOVE41,41.095,0.0,OHL,0.064,0.7885,24.661,3140.0,3086.0,2999.0,3086.0,nget_circuits,239,418,400.0,400.0,,
267,FLEE41,LOVE41,41.095,0.0,OHL,0.064,0.7885,24.661,3048.0,3048.0,2999.0,3048.0,nget_circuits,239,418,400.0,400.0,,
268,FOUR21,HARK24,55.711,0.0,OHL,0.3289,2.3608,15.2112,854.0,795.0,700.0,795.0,nget_circuits,245,289,275.0,275.0,,
269,FOUR21,STEW21,27.731,0.0,OHL,0.1637,1.1751,7.5717,854.0,795.0,700.0,795.0,nget_circuits,245,665,275.0,275.0,,
270,FROD41,ROCK41,1.197,0.0,OHL,0.0022,0.0238,0.6917,1100.0,1100.0,1100.0,1100.0,nget_circuits,256,582,400.0,400.0,,
271,GART4A,HUMR41,37.372,0.0,OHL,0.0413,0.7015,23.0779,3156.0,3032.0,2823.0,3032.0,nget_circuits,258,317,400.0,400.0,,
272,GART4A,KEAD43,5.711,0.0,OHL,0.0062,0.0993,3.7642,3180.0,3000.0,2692.0,3000.0,nget_circuits,258,355,400.0,400.0,,
273,GART4B,KEAD41,5.689,0.0,OHL,0.0062,0.0989,3.7497,3180.0,3000.0,2692.0,3000.0,nget_circuits,257,351,400.0,400.0,,
274,GART4B,KILL41,34.462,0.0,OHL,0.038,0.6467,21.2883,3156.0,3032.0,2823.0,3032.0,nget_circuits,257,367,400.0,400.0,,
275,GRAI41,GRAI41,0.0,0.0,Series Reactor,0.0027,2.3091,0.0,2002.0,2002.0,2002.0,2002.0,nget_circuits,259,259,400.0,400.0,,
276,GRAI41,GRAI41,0.0,0.0,Zero Length,0.0,0.0,0.0,3326.0,3160.0,2971.0,3160.0,nget_circuits,259,259,400.0,400.0,,
277,GRAI41,GRAI41,0.0,0.0,Zero Length,0.0,0.0,0.0,3326.0,3160.0,2971.0,3160.0,nget_circuits,259,259,400.0,400.0,,
278,GRAI41,GRAI41,0.0,0.0,Zero Length,0.0,0.0,0.0,3326.0,3160.0,2971.0,3160.0,nget_circuits,259,259,400.0,400.0,,
279,GRAI41,KEMS41,7.992,1.93,Composite,0.0106,0.1512,34.7588,2643.0,2570.0,2397.0,2570.0,nget_circuits,259,362,400.0,400.0,,
280,GRAI41,KEMS41,7.992,1.93,Composite,0.0106,0.1512,34.7588,2643.0,2570.0,2397.0,2570.0,nget_circuits,259,362,400.0,400.0,,
281,GRAI41,MEDW41,2.5,0.0,OHL,0.0054,0.0513,1.3945,1390.0,1390.0,1390.0,1390.0,nget_circuits,259,433,400.0,400.0,,
282,GREN41,MARH4A,28.74,0.0,OHL,0.0522,0.5717,16.6594,2514.0,2439.0,2314.0,2439.0,nget_circuits,267,429,400.0,400.0,,
283,GREN41,MARH4B,28.56,0.0,OHL,0.052,0.5682,16.5517,2009.0,1911.0,1746.0,1911.0,nget_circuits,267,430,400.0,400.0,,
284,GREN41,MILL4A,26.0,0.0,OHL,0.0473,0.5173,15.0681,2009.0,1911.0,1746.0,1911.0,nget_circuits,267,442,400.0,400.0,,
285,GREN41,MILL4B,26.0,0.0,OHL,0.0473,0.5173,15.0681,2009.0,1911.0,1746.0,1911.0,nget_circuits,267,440,400.0,400.0,,
286,GRIW41,KEAD41,49.379,0.0,OHL,0.047,0.873,32.3362,3075.0,2876.0,2663.0,2876.0,nget_circuits,273,351,400.0,400.0,,
287,GRIW41,SHBA41,12.673,0.0,OHL,0.0127,0.2284,8.1498,2860.0,2720.0,2484.0,2720.0,nget_circuits,273,635,400.0,400.0,,
288,GRSA21,LACK2A,1.016,0.15,Composite,0.0049,0.0466,1.8737,1175.0,1119.0,1023.0,1119.0,nget_circuits,271,381,275.0,275.0,,
289,GRSA21,LACK2B,1.016,0.15,Composite,0.0049,0.0466,1.8737,1129.0,1119.0,1000.0,1000.0,nget_circuits,271,380,275.0,275.0,,
290,GRSA21,WILT2A,0.0,1.0,Cable,0.0,0.011,0.0,207.0,196.0,183.0,196.0,nget_circuits,271,827,275.0,275.0,,
291,GRSA21,WILT2B,0.0,1.0,Cable,0.0,0.011,0.0,207.0,198.0,185.0,198.0,nget_circuits,271,829,275.0,275.0,,
292,GRSB21,LACK2B,0.63,0.15,Composite,0.0031,0.0298,1.7716,1129.0,1119.0,1000.0,1000.0,nget_circuits,272,380,275.0,275.0,,
293,GRSB21,LACK2C,0.63,0.15,Composite,0.0031,0.0298,1.7716,1129.0,1119.0,1000.0,1000.0,nget_circuits,272,379,275.0,275.0,,
294,GRSB21,WILT2C,0.0,1.0,Cable,0.0,0.011,0.0,198.0,198.0,180.0,180.0,nget_circuits,272,826,275.0,275.0,,
295,GRSB21,WILT2D,0.0,1.0,Cable,0.0,0.011,0.0,206.0,204.0,190.0,204.0,nget_circuits,272,828,275.0,275.0,,
296,HACK41,HIBU41,0.0,6.858,Cable,0.0043,0.0827,72.4072,1770.0,1730.0,1600.0,1730.0,nget_circuits,279,313,400.0,400.0,,
297,HACK41,HIBU41,0.0,6.858,Cable,0.0043,0.0827,72.4072,1770.0,1730.0,1600.0,1730.0,nget_circuits,279,313,400.0,400.0,,
298,HACK41,WHAM41,0.0,6.148,Cable,0.0049,0.0904,101.6264,1857.0,1729.0,1587.0,1729.0,nget_circuits,279,798,400.0,400.0,,
299,HACK41,WHAM41,0.0,6.148,Cable,0.0049,0.0904,101.6264,1857.0,1729.0,1587.0,1729.0,nget_circuits,279,798,400.0,400.0,,
300,HAMB4A,HEYS41,25.85,0.0,OHL,0.0229,0.444,17.3733,3326.0,3299.0,3098.0,3299.0,nget_circuits,284,309,400.0,400.0,,
301,HAMB4A,PEWO41,19.698,0.752,parallel Composite,0.0308,0.3917,24.9792,2473.0,2473.0,2189.0,2189.0,nget_circuits,284,543,400.0,400.0,,
302,HAMB4A,STAH4A,3.926,0.0,OHL,0.0085,0.0806,2.1967,240.0,240.0,240.0,240.0,nget_circuits,284,657,400.0,400.0,,
303,HAMB4B,HEYS41,26.02,0.0,OHL,0.0231,0.4469,17.4871,3326.0,3326.0,3111.0,3326.0,nget_circuits,283,309,400.0,400.0,,
304,HAMB4B,PEWO41,19.698,0.592,parallel Composite,0.0308,0.3911,20.9006,2473.0,2473.0,2189.0,2189.0,nget_circuits,283,543,400.0,400.0,,
305,HAMB4B,STAH4B,3.926,0.0,OHL,0.0085,0.0806,2.1967,240.0,240.0,240.0,240.0,nget_circuits,283,656,400.0,400.0,,
306,HAMH1A,LEMR11,0.0,1.0,Cable,0.016,0.098,1.942,30.0,30.0,30.0,30.0,nget_circuits,285,392,132.0,132.0,,
307,HAMH1B,LEMR11,0.0,1.0,Cable,0.027,0.129,0.42400099999999996,30.0,30.0,30.0,30.0,nget_circuits,286,392,132.0,132.0,,
308,HAMH2A,NECH21,10.439,0.0,OHL,0.0239,0.3843,3.2511,1362.0,1285.0,1202.0,1285.0,nget_circuits,288,461,275.0,275.0,,
309,HAMH41,WILE41,84.14,0.7,Composite,0.1206,1.5777,77.2944,2009.0,1912.0,1746.0,1912.0,nget_circuits,287,825,400.0,400.0,,
310,HARK23,STEW21,83.682,0.117,Composite,0.4944,3.549,23.7211,774.0,774.0,676.0,676.0,nget_circuits,295,665,275.0,275.0,,
311,HARM21,HATL21,13.983,0.0,OHL,0.0472,0.5702,3.9648,1093.0,1031.0,925.0,1031.0,nget_circuits,299,298,275.0,275.0,,
312,HARM21,HAWP21,17.287,0.0,OHL,0.0584,0.7033,4.9126,1204.0,1115.0,1018.0,1115.0,nget_circuits,299,305,275.0,275.0,,
313,HATL21,HAWP2A,31.443,0.0,OHL,0.1066,1.2811,8.9228,1093.0,1031.0,926.0,1031.0,nget_circuits,298,302,275.0,275.0,,
314,HATL21,SALH21,7.794,0.0,OHL,0.0327,0.3353,2.0878,1382.0,1279.0,1157.0,1279.0,nget_circuits,298,602,275.0,275.0,,
315,HATL21,TODP21,18.433,0.0,OHL,0.0713,0.7756,5.0465,1381.0,1279.0,1157.0,1279.0,nget_circuits,298,719,275.0,275.0,,
316,HATL21,WBOL21,49.164,0.0,OHL,0.1929,2.0384,13.6728,1093.0,1031.0,926.0,1031.0,nget_circuits,298,773,275.0,275.0,,
317,HAWP2A,WBOL21,17.721,0.0,OHL,0.0705,0.7355,4.9196,1180.0,1120.0,1020.0,1120.0,nget_circuits,302,773,275.0,275.0,,
318,HAWP4A,NORT41,30.157,0.0,OHL,0.0335,0.531,19.6771,2545.0,2421.0,2211.0,2421.0,nget_circuits,301,486,400.0,400.0,,
319,HEDO21,SAES21,0.605,0.0,OHL,0.0017,0.0226,0.1876,1749.0,1664.0,1520.0,1664.0,nget_circuits,306,601,275.0,275.0,,
320,HEYS41,MIDL41,0.9,0.0,OHL,0.0008,0.0155,0.6049,3326.0,3160.0,2971.0,3160.0,nget_circuits,309,438,400.0,400.0,,
321,HEYS41,QUER4B,9.604,0.0,OHL,0.0085,0.165,6.4553,3326.0,3299.0,3098.0,3299.0,nget_circuits,309,557,400.0,400.0,,
322,HIBU41,SJOW41,0.0,5.814,Cable,0.0037,0.0701,61.3846,1770.0,1730.0,1600.0,1730.0,nget_circuits,313,650,400.0,400.0,,
323,HIBU41,SJOW41,0.0,5.814,Cable,0.0037,0.0701,61.3846,1770.0,1730.0,1600.0,1730.0,nget_circuits,313,650,400.0,400.0,,
324,HIGM21,THUR2A,46.867,0.0,OHL,0.492,1.9585,12.7959,626.0,591.0,535.0,591.0,nget_circuits,311,700,275.0,275.0,,
325,HIGM41,WBUR41,14.852,0.229,Composite,0.0254,0.2958,13.2571,2212.0,2125.0,1979.0,2125.0,nget_circuits,310,775,400.0,400.0,,
326,HIGM4A,STOB41,39.671,0.0,OHL,0.0722,0.7893,22.9886,2147.0,2056.0,1904.0,2056.0,nget_circuits,312,669,400.0,400.0,,
327,HINP41,SHUR41,1.2,0.0,OHL,0.002,0.0238,0.6985,3100.0,3050.0,2960.0,3050.0,nget_circuits,314,626,400.0,400.0,,
328,HINP41,TAUN42,26.613,0.0,OHL,0.0484,0.5295,15.421,2212.0,2125.0,1979.0,2125.0,nget_circuits,314,687,400.0,400.0,,
329,HUMR41,KILL41,2.879,0.0,OHL,0.0032,0.0543,1.7706,2771.0,2771.0,2771.0,2771.0,nget_circuits,317,367,400.0,400.0,,
330,HUTT41,HUTT42,0.0,0.0,Series Capacitor,0.0,0.5114,0.0,2771.0,2771.0,2771.0,2771.0,nget_circuits,327,324,400.0,400.0,,
331,HUTT41,HUTT43,0.0,0.0,Series Capacitor,0.0,0.5114,0.0,2771.0,2771.0,2771.0,2771.0,nget_circuits,327,326,400.0,400.0,,
332,HUTT41,QUER4A,34.42,0.0,OHL,0.0536,0.6617,20.6138,3102.0,3048.0,2958.0,3048.0,nget_circuits,327,558,400.0,400.0,,
333,HUTT41,QUER4B,34.42,0.0,OHL,0.0536,0.6617,20.6138,3102.0,3048.0,2958.0,3048.0,nget_circuits,327,557,400.0,400.0,,
334,IMPP41,MELK41,78.775,3.913,Composite,0.0882,1.4129,130.2038,1424.0,1424.0,1424.0,1424.0,nget_circuits,329,434,400.0,400.0,,
335,INDQ41,LAND41,49.565,0.0,OHL,0.107,0.9921,28.4764,2199.0,2092.0,1911.0,2092.0,nget_circuits,331,389,400.0,400.0,,
336,INDQ41,LAND42,49.565,0.0,OHL,0.107,0.9921,28.4764,1389.0,1284.0,1108.0,1284.0,nget_circuits,331,390,400.0,400.0,,
337,IROA11,OLDS12,1.0,0.0,OHL,0.298,2.366,3.453,452.0,423.0,365.0,372.0,nget_circuits,336,510,132.0,132.0,,
338,IROA12,OLDS12,1.0,0.0,OHL,0.297,2.3609999999999998,2.693,457.0,424.0,366.0,372.0,nget_circuits,333,510,132.0,132.0,,
339,IROA21,MELK2A,33.683,0.38,Composite,0.1862,1.7591,10.7703,581.0,581.0,524.0,524.0,nget_circuits,335,435,275.0,275.0,,
340,IROA21,MELK2B,33.683,0.951,Composite,0.1877,1.7704,15.6295,581.0,581.0,524.0,524.0,nget_circuits,335,436,275.0,275.0,,
341,IROA21,WHSO2A,34.621,0.0,OHL,0.2033,1.4667,9.4554,750.0,750.0,715.0,750.0,nget_circuits,335,805,275.0,275.0,,
342,IROA21,WHSO2B,34.555,0.0,OHL,0.2034,1.4638,9.4375,750.0,750.0,715.0,750.0,nget_circuits,335,810,275.0,275.0,,
343,IRON41,LEGA4B,62.073,0.0,OHL,0.0991,1.1937,37.3273,2002.0,2002.0,2002.0,2002.0,nget_circuits,338,394,400.0,400.0,,
344,IRON41,PENN4A,27.761,0.0,OHL,0.0574,0.5549,15.9851,1389.0,1284.0,1108.0,1284.0,nget_circuits,338,532,400.0,400.0,,
345,IRON41,PENN4B,24.617,0.0,OHL,0.0488,0.491,14.2132,1590.0,1500.0,1346.0,1500.0,nget_circuits,338,531,400.0,400.0,,
346,IRON41,RUGE41,58.681,0.0,OHL,0.1135,1.1701,33.9045,1389.0,1284.0,1108.0,1284.0,nget_circuits,338,588,400.0,400.0,,
347,IRON41,SHRE4A,15.129,0.0,OHL,0.0242,0.2909,9.0977,2397.0,2302.0,2144.0,2302.0,nget_circuits,338,623,400.0,400.0,,
348,IVER21,NHYD2A,0.0,13.63,Cable,0.06,0.3489,91.1847,419.0,419.0,381.0,381.0,nget_circuits,347,483,275.0,275.0,,
349,IVER21,WWEY22,25.652,0.342,Composite,0.0975,1.059,10.9579,960.0,960.0,839.0,839.0,nget_circuits,347,795,275.0,275.0,,
350,IVER22,NHYD2B,0.0,13.63,Cable,0.06,0.3489,91.1847,419.0,419.0,381.0,381.0,nget_circuits,348,482,275.0,275.0,,
351,IVER22,WATS21,13.881,0.483,Composite,0.0643,0.601,9.0158,776.0,776.0,631.0,631.0,nget_circuits,348,770,275.0,275.0,,
352,IVER22,WATS22,13.881,0.436,Composite,0.0642,0.5997,8.5049,776.0,776.0,631.0,631.0,nget_circuits,348,771,275.0,275.0,,
353,IVER2A,LALE21,17.186,0.402,Composite,0.0656,0.7143,9.2206,841.0,841.0,665.0,665.0,nget_circuits,346,386,275.0,275.0,,
354,JORD21,NORL2B,0.0,2.843,Cable,0.0109,0.0719,20.1177,419.0,419.0,381.0,381.0,nget_circuits,350,487,275.0,275.0,,
355,KEAD43,KILL41,41.067,0.0,OHL,0.0403,0.7345,26.6033,3060.0,2931.0,2715.0,2931.0,nget_circuits,355,367,400.0,400.0,,
356,KEAD43,WBUR41,28.266,0.0,OHL,0.0307,0.4916,18.6331,3326.0,3160.0,2971.0,3160.0,nget_circuits,355,775,400.0,400.0,,
357,KEAR21,WHGA21,14.509,0.241,Composite,0.0667,0.6208,6.5558,835.0,835.0,665.0,665.0,nget_circuits,361,803,275.0,275.0,,
358,KEAR21,WHGA21,14.509,0.129,Composite,0.0665,0.6177,5.3384,213.0,213.0,289.0,289.0,nget_circuits,361,803,275.0,275.0,,
359,KEAR41,PADI41,39.101,0.0,OHL,0.0567,0.7296,24.2055,2169.0,2084.0,1940.0,2084.0,nget_circuits,359,517,400.0,400.0,,
360,KEMS41,LOFI4A,38.035,0.0,OHL,0.0623,0.726,23.0007,3102.0,2935.0,2765.0,2935.0,nget_circuits,362,415,400.0,400.0,,
361,KEMS41,LOFI4B,37.572,0.0,OHL,0.0617,0.7176,22.7061,3102.0,2935.0,2765.0,2935.0,nget_circuits,362,414,400.0,400.0,,
362,KENG41,SJOW41,0.0,4.769,Cable,0.0032,0.0564,52.0546,1327.0,1298.0,1200.0,1298.0,nget_circuits,366,650,400.0,400.0,,
363,KENG41,SJOW41,0.0,4.756,Cable,0.0032,0.0562,51.9127,1327.0,1298.0,1200.0,1298.0,nget_circuits,366,650,400.0,400.0,,
364,KENG41,WIMB41,0.0,12.329,Cable,0.0085,0.1557,134.5735,1770.0,1730.0,1600.0,1730.0,nget_circuits,366,832,400.0,400.0,,
365,KENG41,WIMB41,0.0,12.2,Cable,0.0084,0.1541,133.1654,1770.0,1730.0,1600.0,1730.0,nget_circuits,366,832,400.0,400.0,,
366,KENG41,WISD41,0.0,2.939,Cable,0.002,0.0347,32.0798,1770.0,1730.0,1600.0,1730.0,nget_circuits,366,819,400.0,400.0,,
367,KENG41,WISD42,0.0,2.989,Cable,0.002,0.0353,32.6255,1770.0,1730.0,1600.0,1730.0,nget_circuits,366,816,400.0,400.0,,
368,KIBY21,LISD21,0.0,10.239,Cable,0.0173,0.2966,60.8154,762.0,762.0,698.0,698.0,nget_circuits,371,401,275.0,275.0,,
369,KIBY21,LISD21,0.0,9.518,Cable,0.0228,0.2008,86.3283,762.0,762.0,619.0,619.0,nget_circuits,371,401,275.0,275.0,,
370,KIBY21,RAIN21,11.236,0.0,OHL,0.0258,0.3778,3.8519,1416.0,1339.0,1258.0,1339.0,nget_circuits,371,561,275.0,275.0,,
371,KIBY21,RAIN21,11.236,0.0,OHL,0.0258,0.3778,3.8519,1416.0,1339.0,1258.0,1339.0,nget_circuits,371,561,275.0,275.0,,
372,KIBY21,WASF2A,10.945,0.0,OHL,0.0414,0.4478,3.0891,1521.0,1461.0,1360.0,1461.0,nget_circuits,371,767,275.0,275.0,,
373,KIBY21,WASF2B,10.978,0.0,OHL,0.0415,0.4491,3.0984,1521.0,1461.0,1360.0,1461.0,nget_circuits,371,766,275.0,275.0,,
374,KILL41,KILL41,0.0,0.0,Series Reactor,0.0,1.0,0.0,2750.0,2750.0,2750.0,2750.0,nget_circuits,367,367,400.0,400.0,,
375,KILL41,SHBA41,17.05,0.0,OHL,0.0179,0.3134,10.7556,2860.0,2720.0,2484.0,2720.0,nget_circuits,367,635,400.0,400.0,,
376,KINO41,KINO41,0.0,0.0,Series Reactor,0.0027,2.0,0.0,2002.0,2002.0,2002.0,2002.0,nget_circuits,369,369,400.0,400.0,,
377,KINO41,KINO41,0.0,0.0,Series Reactor,0.0027,2.0,0.0,2002.0,2002.0,2002.0,2002.0,nget_circuits,369,369,400.0,400.0,,
378,KINO41,NFLE41,23.626,0.0,OHL,0.0284,0.4216,15.2234,3102.0,2935.0,2692.0,2935.0,nget_circuits,369,481,400.0,400.0,,
379,KINO41,SING41,17.685,0.0,OHL,0.0192,0.3076,11.6582,2889.0,2748.0,2510.0,2748.0,nget_circuits,369,627,400.0,400.0,,
380,KIRK2A,SKLG21,0.0,8.608,Cable,0.0146,0.2402,93.5689,762.0,762.0,619.0,619.0,nget_circuits,373,634,275.0,275.0,,
381,KITW21,OCKH21,13.738,0.222,Composite,0.0525,0.5743,6.2479,772.0,772.0,619.0,619.0,nget_circuits,375,501,275.0,275.0,,
382,KITW21,OLDB21,7.704,0.597,Composite,0.0301,0.3318,8.6639,667.0,667.0,619.0,619.0,nget_circuits,375,508,275.0,275.0,,
383,KNAR21,MONF21,38.531,0.141,Composite,0.2716,1.7712,11.0429,551.0,513.0,443.0,513.0,nget_circuits,378,457,275.0,275.0,,
384,LACK21,TODP21,5.965,0.0,OHL,0.0212,0.2477,1.654,1408.0,1332.0,1251.0,1332.0,nget_circuits,383,719,275.0,275.0,,
385,LACK41,SALH41,10.237,0.25,Composite,0.0184,0.2024,10.54,1831.0,1739.0,1588.0,1739.0,nget_circuits,384,603,400.0,400.0,,
386,LACK41,THTO41,92.075,5.7,Composite,0.1057,1.6537,264.9969,2418.0,2418.0,2030.0,2030.0,nget_circuits,384,693,400.0,400.0,,
387,LACK41,THTO42,92.075,5.7,Composite,0.1057,1.6537,264.9969,2418.0,2418.0,2030.0,2030.0,nget_circuits,384,692,400.0,400.0,,
388,LAGA41,LAND41,21.224,0.0,OHL,0.0339,0.4081,12.7628,2423.0,2327.0,2168.0,2327.0,nget_circuits,391,389,400.0,400.0,,
389,LAGA41,LAND42,21.355,0.0,OHL,0.0341,0.4108,12.8376,1389.0,1284.0,1108.0,1284.0,nget_circuits,391,390,400.0,400.0,,
390,LALE21,WWEY2A,8.395,0.0,OHL,0.0317,0.3434,2.3695,1316.0,1213.0,1104.0,1213.0,nget_circuits,386,791,275.0,275.0,,
391,LEGA41,TREU4A,12.119,0.0,OHL,0.0135,0.2316,7.3388,2860.0,2720.0,2484.0,2720.0,nget_circuits,393,734,400.0,400.0,,
392,LEGA41,TREU4B,12.119,0.0,OHL,0.0135,0.2316,7.3388,2860.0,2720.0,2484.0,2720.0,nget_circuits,393,733,400.0,400.0,,
393,LEGA4A,SHRE4A,46.944,0.0,OHL,0.075,0.9028,28.2295,2002.0,2002.0,2002.0,2002.0,nget_circuits,395,623,400.0,400.0,,
394,LEIB4A,SUND42,13.455,0.0,OHL,0.0119,0.2311,9.0472,2779.0,2568.0,2217.0,2568.0,nget_circuits,398,671,400.0,400.0,,
395,LEIB4B,SUND41,13.455,0.0,OHL,0.0119,0.2311,9.0472,2779.0,2568.0,2217.0,2568.0,nget_circuits,397,673,400.0,400.0,,
396,LEIS11,SIZE11,0.0,2.149,Cable,0.0196,0.2155,4.8028,301.0,301.0,243.0,243.0,nget_circuits,400,629,132.0,132.0,,
397,LEIS11,SIZE12,0.0,2.148,Cable,0.0195,0.2154,4.8006,301.0,301.0,243.0,243.0,nget_circuits,400,631,132.0,132.0,,
398,LEIS11,SIZE1A,0.0,1.65,Cable,0.015,0.1655,3.6876,301.0,301.0,243.0,243.0,nget_circuits,400,632,132.0,132.0,,
399,LEIS11,SIZE1B,0.0,1.65,Cable,0.015,0.1655,3.6876,301.0,301.0,243.0,243.0,nget_circuits,400,628,132.0,132.0,,
400,LEIS4A,SIZE41,0.81,0.0,OHL,0.0009,0.0141,0.534,2779.0,2569.0,2217.0,2569.0,nget_circuits,399,630,400.0,400.0,,
401,LISD21,LISD2A,0.0,0.0,Series Reactor,0.0173,1.387,0.0,750.0,750.0,740.0,740.0,nget_circuits,401,403,275.0,275.0,,
402,LITT41,LITT41,0.0,1.0,Cable,0.0007,0.0118,10.9152,2063.0,2063.0,2063.0,2063.0,nget_circuits,410,410,400.0,400.0,,
403,LITT41,LOFI4A,8.152,0.0,OHL,0.0127,0.157,4.8712,3103.0,3048.0,2959.0,3048.0,nget_circuits,410,415,400.0,400.0,,
404,LITT41,LOFI4B,8.152,0.0,OHL,0.0127,0.157,4.8712,3055.0,3048.0,2959.0,3048.0,nget_circuits,410,414,400.0,400.0,,
405,LITT41,WTHU4E,1.847,1.853,Composite,0.0041,0.0575,21.3295,1936.0,1883.0,1666.0,1815.0,nget_circuits,410,785,400.0,400.0,,
406,LITT41,WTHU4F,1.847,1.853,Composite,0.0041,0.0575,21.3295,1936.0,1883.0,1666.0,1815.0,nget_circuits,410,788,400.0,400.0,,
407,LOFI4A,ROWD4A,26.714,0.0,OHL,0.0576,0.5347,15.3479,1590.0,1500.0,1346.0,1500.0,nget_circuits,415,586,400.0,400.0,,
408,LOFI4B,ROWD4B,26.714,0.0,OHL,0.0576,0.5347,15.3479,1590.0,1500.0,1346.0,1500.0,nget_circuits,414,584,400.0,400.0,,
409,LOVE41,NURS41,36.477,0.0,OHL,0.0396,0.6344,24.0461,2771.0,2568.0,2217.0,2568.0,nget_circuits,418,498,400.0,400.0,,
410,LOVE41,NURS4A,36.477,0.0,OHL,0.0396,0.6344,24.0461,2779.0,2568.0,2217.0,2568.0,nget_circuits,418,499,400.0,400.0,,
411,MACC41,STAL4B,31.196,0.0,OHL,0.062,0.617,18.1761,1710.0,1627.0,1488.0,1627.0,nget_circuits,422,653,400.0,400.0,,
412,MAGA21,PYLE21,6.238,0.0,OHL,0.0211,0.2537,1.7667,1204.0,1115.0,1018.0,1115.0,nget_circuits,426,556,275.0,275.0,,
413,MANN41,MANN41,0.0,0.0,Zero Length,0.0,0.0,0.0,3326.0,3160.0,2971.0,3160.0,nget_circuits,424,424,400.0,400.0,,
414,MANN41,MANN41,0.0,0.0,Zero Length,0.0,0.0,0.0,3326.0,3160.0,2971.0,3160.0,nget_circuits,424,424,400.0,400.0,,
415,MANN41,NURS4A,36.411,3.412,Composite,0.0416,0.6467,62.4474,2779.0,2568.0,2217.0,2568.0,nget_circuits,424,499,400.0,400.0,,
416,MARH41,MARH4A,0.0,0.0,Zero Length,0.0,0.0,0.0,2860.0,2860.0,2860.0,2860.0,nget_circuits,428,429,400.0,400.0,,
417,MARH42,MARH4B,0.0,0.0,Zero Length,0.0,0.0,0.0,2860.0,2860.0,2860.0,2860.0,nget_circuits,427,430,400.0,400.0,,
418,MAWO41,NURS41,7.441,0.0,OHL,0.0093,0.1281,5.0417,2423.0,2327.0,2167.0,2327.0,nget_circuits,425,498,400.0,400.0,,
419,MEDB4A,STEW41,7.0,0.0,OHL,0.0062,0.1202,4.705,3326.0,3326.0,3326.0,3326.0,nget_circuits,432,666,400.0,400.0,,
420,MEDB4B,STEW41,7.0,0.0,OHL,0.0062,0.1202,4.705,3326.0,3326.0,3326.0,3326.0,nget_circuits,431,666,400.0,400.0,,
421,MELK41,MITY41,28.101,0.0,OHL,0.0511,0.5591,16.2853,2105.0,2016.0,1867.0,2016.0,nget_circuits,434,451,400.0,400.0,,
422,MELK41,MITY41,28.052,0.0,OHL,0.051,0.5581,16.257,2105.0,2016.0,1867.0,2016.0,nget_circuits,434,451,400.0,400.0,,
423,MELK41,SEAB41,53.558,0.0,OHL,0.0598,0.9451,34.8897,2545.0,2421.0,2211.0,2421.0,nget_circuits,434,608,400.0,400.0,,
424,MIDL41,QUER4A,9.704,0.0,OHL,0.0086,0.1667,6.5225,3326.0,3160.0,2971.0,3160.0,nget_circuits,438,558,400.0,400.0,,
425,MILL42,MILL4B,0.34,0.0,OHL,0.0006,0.0068,0.197,352.0,352.0,352.0,352.0,nget_circuits,439,440,400.0,400.0,,
426,MILL4A,SUND41,13.75,0.0,OHL,0.025,0.2736,7.9687,2009.0,1911.0,1746.0,1911.0,nget_circuits,442,673,400.0,400.0,,
427,MILL4B,SUND42,13.955,1.0,Composite,0.0254,0.2777,8.0872,2009.0,1911.0,1746.0,1911.0,nget_circuits,440,671,400.0,400.0,,
428,MONF22,POPP21,37.84,0.0,OHL,0.208,2.0034,8.337,682.0,629.0,538.0,629.0,nget_circuits,452,551,275.0,275.0,,
429,MONF41,PADI41,87.848,0.0,OHL,0.1064,1.6286,54.7416,2518.0,2395.0,2188.0,2395.0,nget_circuits,458,517,400.0,400.0,,
430,NECT41,NECT4A,0.0,0.0,Zero Length,0.0,0.0,0.0,1364.0,1364.0,1250.0,1250.0,nget_circuits,464,463,400.0,400.0,,
431,NECT41,NECT4B,0.0,0.0,Zero Length,0.0,0.0,0.0,3326.0,3323.0,3100.0,3323.0,nget_circuits,464,462,400.0,400.0,,
432,NECT4A,NORM41,37.492,0.0,OHL,0.0332,0.644,25.1993,3326.0,3326.0,3317.0,3326.0,nget_circuits,463,494,400.0,400.0,,
433,NECT4A,WALP41,41.619,0.0,OHL,0.0369,0.7148,27.9739,3326.0,3299.0,3078.0,3299.0,nget_circuits,463,753,400.0,400.0,,
434,NECT4B,NORM41,37.492,0.0,OHL,0.0332,0.644,25.1993,3326.0,3258.0,3060.0,3258.0,nget_circuits,462,494,400.0,400.0,,
435,NECT4B,WALP41,41.619,0.0,OHL,0.0369,0.7148,27.9739,3326.0,3160.0,2971.0,3160.0,nget_circuits,462,753,400.0,400.0,,
436,NEEP21,PITS21,0.851,3.975,Composite,0.0214,0.1378,26.8236,419.0,419.0,381.0,381.0,nget_circuits,466,549,275.0,275.0,,
437,NEEP21,SHEC21,0.851,4.428,Composite,0.0234,0.1494,29.8542,419.0,419.0,381.0,381.0,nget_circuits,466,622,275.0,275.0,,
438,NEEP4A,STSB4B,12.801,0.0,OHL,0.0276,0.2627,7.1402,2779.0,2568.0,2217.0,2568.0,nget_circuits,465,667,400.0,400.0,,
439,NFLE41,SING41,5.941,0.0,OHL,0.0093,0.114,3.5652,2889.0,2748.0,2510.0,2748.0,nget_circuits,481,627,400.0,400.0,,
440,NFLE41,WTHU4A,7.511,0.0,OHL,0.0137,0.1494,4.3529,2004.0,1907.0,1746.0,1907.0,nget_circuits,481,783,400.0,400.0,,
441,NFLE41,WTHU4B,7.511,0.0,OHL,0.0137,0.1494,4.3529,2004.0,1907.0,1746.0,1907.0,nget_circuits,481,784,400.0,400.0,,
442,NORL2A,SHEC21,0.0,4.372,Cable,0.0192,0.1119,29.2487,419.0,419.0,381.0,381.0,nget_circuits,489,622,275.0,275.0,,
443,NORL2B,PITS21,0.0,10.751,Cable,0.0473,0.2752,71.9242,419.0,419.0,381.0,381.0,nget_circuits,487,549,275.0,275.0,,
444,NORM11,NOTR11,0.0,1.0,Cable,0.23600000000000002,0.7780020000000001,0.315,352.0,265.0,290.0,290.0,nget_circuits,491,495,132.0,132.0,,
445,NORM12,NOTR12,0.0,1.0,Cable,0.2362,0.7780020000000001,0.3149,324.0,299.0,324.0,299.0,nget_circuits,492,496,132.0,132.0,,
446,NORT21,SALH21,12.178,0.0,OHL,0.0464,0.526,3.2482,1381.0,1293.0,1197.0,1293.0,nget_circuits,485,602,275.0,275.0,,
447,NORT41,SALH42,12.206,0.0,OHL,0.022,0.2492,6.888,1831.0,1739.0,1588.0,1739.0,nget_circuits,486,604,400.0,400.0,,
448,NORT41,SPEN41,21.134,2.0,Composite,0.0276,0.4062,12.7287,2545.0,2421.0,2211.0,2421.0,nget_circuits,486,644,400.0,400.0,,
449,NORT41,SPEN42,21.134,2.0,Composite,0.0276,0.4062,12.7287,2545.0,2421.0,2211.0,2421.0,nget_circuits,486,645,400.0,400.0,,
450,OCKH21,WIEN2A,4.623,0.283,Composite,0.0216,0.202,4.2819,672.0,672.0,599.0,599.0,nget_circuits,501,813,275.0,275.0,,
451,OCKH2A,WIEN2B,4.67,0.0,OHL,0.0213,0.1977,1.2665,760.0,760.0,760.0,760.0,nget_circuits,502,815,275.0,275.0,,
452,OSBA41,THTO43,16.79,0.0,OHL,0.0182,0.292,11.0682,2779.0,2568.0,2217.0,2568.0,nget_circuits,513,694,400.0,400.0,,
453,OSBA42,THTO41,16.79,0.0,OHL,0.0182,0.292,11.0682,2771.0,2568.0,2217.0,2568.0,nget_circuits,512,693,400.0,400.0,,
454,PADI41,PEWO4B,37.608,0.0,OHL,0.0556,0.7049,23.1779,2169.0,2084.0,1940.0,2084.0,nget_circuits,517,539,400.0,400.0,,
455,PELH41,RYEH4A,23.015,0.0,OHL,0.025,0.4003,15.1704,2779.0,2568.0,2217.0,2568.0,nget_circuits,522,589,400.0,400.0,,
456,PELH41,RYEH4B,23.439,0.0,OHL,0.0254,0.4077,15.4489,2779.0,2569.0,2217.0,2569.0,nget_circuits,522,590,400.0,400.0,,
457,PELH41,SUND42,45.13,0.0,OHL,0.0487,0.752,31.2185,3180.0,3000.0,2692.0,3000.0,nget_circuits,522,671,400.0,400.0,,
458,PELH41,WYMO41,26.856,0.0,OHL,0.029,0.4469,18.6034,2771.0,2771.0,2692.0,2771.0,nget_circuits,522,840,400.0,400.0,,
459,PEMB41,SWAN41,83.975,0.0,OHL,0.0911,1.4606,55.3574,2779.0,2568.0,2217.0,2568.0,nget_circuits,527,681,400.0,400.0,,
460,PEMB41,SWAN42,84.57,0.0,OHL,0.0918,1.4709,55.7496,2779.0,2568.0,2217.0,2568.0,nget_circuits,527,677,400.0,400.0,,
461,PENM4A,PENT41,49.211,0.0,OHL,0.0645,0.9572,29.2535,2779.0,2568.0,2217.0,2568.0,nget_circuits,537,535,400.0,400.0,,
462,PENM4B,PENT41,49.211,0.0,OHL,0.0645,0.9572,29.2535,2779.0,2568.0,2217.0,2568.0,nget_circuits,536,535,400.0,400.0,,
463,PENT41,TRAW41,45.1,6.308,Composite,0.0633,0.9555,131.5497,1135.0,1135.0,992.0,992.0,nget_circuits,535,730,400.0,400.0,,
464,PENT41,WYLF41,35.24,0.0,OHL,0.0382,0.6129,23.2307,2779.0,2568.0,2217.0,2568.0,nget_circuits,535,838,400.0,400.0,,
465,PENT41,WYLF41,35.24,0.0,OHL,0.0382,0.6129,23.2307,2779.0,2568.0,2217.0,2568.0,nget_circuits,535,838,400.0,400.0,,
466,PERH11,WYLF11,19.94,0.0,OHL,0.475,4.232,1.0947,330.0,330.0,300.0,300.0,nget_circuits,533,837,132.0,132.0,,
467,PERH11,WYLF11,19.94,0.0,OHL,0.475,4.232,1.0947,333.0,331.0,304.0,307.0,nget_circuits,533,837,132.0,132.0,,
468,PEWO2A,PEWO2C,0.0,0.0,SSSC,0.0,0.476,0.0,1524.0,1524.0,1524.0,1524.0,nget_circuits,542,544,275.0,275.0,,
469,PEWO2B,PEWO2D,0.0,0.0,SSSC,0.0,0.476,0.0,1524.0,1524.0,1524.0,1524.0,nget_circuits,541,538,275.0,275.0,,
470,PEWO2C,WASF2A,23.481,0.0,OHL,0.0887,0.9606,6.6274,1521.0,1461.0,1360.0,1461.0,nget_circuits,544,767,275.0,275.0,,
471,PEWO2D,WASF2B,23.521,0.0,OHL,0.0889,0.9623,6.6386,1521.0,1461.0,1360.0,1461.0,nget_circuits,538,766,275.0,275.0,,
472,PEWO41,QUER4A,31.939,0.0,OHL,0.0498,0.6128,19.1665,3102.0,3048.0,2853.0,3048.0,nget_circuits,543,558,400.0,400.0,,
473,PEWO41,QUER4B,32.087,0.0,OHL,0.05,0.6156,19.2551,3102.0,3048.0,2853.0,3048.0,nget_circuits,543,557,400.0,400.0,,
474,PITS21,TEMP21,0.0,6.69,Cable,0.0294,0.1713,44.7561,419.0,419.0,381.0,381.0,nget_circuits,549,688,275.0,275.0,,
475,PITS21,WIBA21,0.0,2.324,Cable,0.0077,0.0581,17.337,439.0,439.0,381.0,381.0,nget_circuits,549,836,275.0,275.0,,
476,PUDM41,WHAM4A,0.0,2.17,Cable,0.002,0.0178,39.06,1282.0,1136.0,984.0,1136.0,nget_circuits,554,800,400.0,400.0,,
477,PYLE21,PYLE21,0.0,0.25,Cable,0.0004,0.0063,1.69,1204.0,1115.0,1018.0,1115.0,nget_circuits,556,556,275.0,275.0,,
478,RASS41,WALH41,72.788,5.269,parallel Composite,0.0799,1.2847,109.6583,2779.0,2568.0,2217.0,2568.0,nget_circuits,562,752,400.0,400.0,,
479,RATS41,STAY4A,43.614,0.0,OHL,0.0793,0.8678,25.2757,2147.0,2056.0,1904.0,2056.0,nget_circuits,564,659,400.0,400.0,,
480,RATS41,STOB41,26.72,0.179,Composite,0.0487,0.5326,21.4031,2147.0,2056.0,1904.0,2056.0,nget_circuits,564,669,400.0,400.0,,
481,RATS41,WILE41,21.748,0.216,Composite,0.0397,0.435,16.174,1309.0,1309.0,1067.0,1067.0,nget_circuits,564,825,400.0,400.0,,
482,RATS41,WILE41,21.684,0.0,OHL,0.0394,0.4314,12.5666,2009.0,1911.0,1746.0,1911.0,nget_circuits,564,825,400.0,400.0,,
483,RAYL41,TILB4A,20.499,0.0,OHL,0.0319,0.3933,12.3014,2213.0,2126.0,1980.0,2126.0,nget_circuits,568,709,400.0,400.0,,
484,REBR21,TOTT23,3.305,9.678,parallel Composite,0.0166,0.2027,106.1327,1205.0,1127.0,1044.0,1127.0,nget_circuits,573,721,275.0,275.0,,
485,REBR22,TOTT24,3.305,11.448,parallel Composite,0.0174,0.2151,125.3726,1205.0,1127.0,1044.0,1127.0,nget_circuits,572,724,275.0,275.0,,
486,RHIG41,SWAN41,34.34,0.0,OHL,0.0373,0.5973,22.6374,2779.0,2568.0,2217.0,2568.0,nget_circuits,574,681,400.0,400.0,,
487,ROCH21,STAL21,31.256,0.0,OHL,0.1235,1.3183,8.54,1324.0,1260.0,1151.0,1260.0,nget_circuits,577,654,275.0,275.0,,
488,ROCH21,WHGA21,11.489,0.257,Composite,0.053,0.4934,5.9105,841.0,841.0,665.0,665.0,nget_circuits,577,803,275.0,275.0,,
489,ROCH21,WHGA21,11.489,0.238,Composite,0.0529,0.4929,5.7039,419.0,419.0,404.0,404.0,nget_circuits,577,803,275.0,275.0,,
490,RYEH41,RYEH4B,0.137,0.0,OHL,0.0001,0.0024,0.0903,2779.0,2569.0,2217.0,2569.0,nget_circuits,596,590,400.0,400.0,,
491,RYEH41,WALX4A,5.324,0.0,OHL,0.0058,0.0926,3.5096,2779.0,2568.0,2217.0,2568.0,nget_circuits,596,758,400.0,400.0,,
492,RYEH4A,RYEH43,0.264,0.0,OHL,0.0004,0.0051,0.1585,2779.0,2569.0,2217.0,2569.0,nget_circuits,589,594,400.0,400.0,,
493,RYEH4A,WALX4B,5.461,0.0,OHL,0.0059,0.095,3.6,2779.0,2568.0,2217.0,2568.0,nget_circuits,589,756,400.0,400.0,,
494,RYEH4B,RYEH42,0.215,0.0,OHL,0.0003,0.0041,0.1291,2779.0,2569.0,2217.0,2569.0,nget_circuits,590,593,400.0,400.0,,
495,SAEN21,SAES21,0.484,0.0,OHL,0.0013,0.018,0.1501,1749.0,1664.0,1520.0,1664.0,nget_circuits,599,601,275.0,275.0,,
496,SALH41,SALH42,0.0,0.0,SSSC,0.0,0.125,0.0,2217.0,2217.0,2217.0,2217.0,nget_circuits,603,604,400.0,400.0,,
497,SEAB41,WHSO4A,30.426,3.89,Composite,0.0374,0.5858,97.4265,1424.0,1424.0,1424.0,1424.0,nget_circuits,608,806,400.0,400.0,,
498,SELL4A,SELL4A,0.0,0.0,Series Reactor,0.0125,1.0,0.0,1860.0,1860.0,1860.0,1860.0,nget_circuits,618,618,400.0,400.0,,
499,SELL4A,SELL4C,0.0,0.257,Cable,0.0001,0.0013,9.9716,2369.0,2369.0,1642.0,1642.0,nget_circuits,618,613,400.0,400.0,,
500,SELL4A,SELL4D,0.0,0.257,Cable,0.0001,0.0013,9.9716,2369.0,2369.0,1642.0,1642.0,nget_circuits,618,615,400.0,400.0,,
501,SELL4A,SELL4E,0.0,0.415,Cable,0.0002,0.0022,14.94,2369.0,2369.0,1642.0,1642.0,nget_circuits,618,616,400.0,400.0,,
502,SELL4A,SELL4F,0.0,0.415,Cable,0.0002,0.0022,14.94,2369.0,2369.0,1642.0,1642.0,nget_circuits,618,617,400.0,400.0,,
503,SELL4B,SELL4C,0.257,0.0,OHL,0.0004,0.0049,0.1542,3326.0,3326.0,3326.0,3326.0,nget_circuits,619,613,400.0,400.0,,
504,SELL4B,SELL4D,0.257,0.0,OHL,0.0004,0.0049,0.1542,3326.0,3326.0,3326.0,3326.0,nget_circuits,619,615,400.0,400.0,,
505,SELL4B,SELL4E,0.39,0.0,OHL,0.0006,0.0075,0.234,3326.0,3326.0,3326.0,3326.0,nget_circuits,619,616,400.0,400.0,,
506,SELL4B,SELL4F,0.39,0.0,OHL,0.0006,0.0075,0.234,3326.0,3326.0,3326.0,3326.0,nget_circuits,619,617,400.0,400.0,,
507,SHRE4A,SHRE4B,0.054,0.0,OHL,0.0001,0.001,0.0324,240.0,240.0,240.0,240.0,nget_circuits,623,625,400.0,400.0,,
508,SHUR41,TAUN41,27.0,0.0,OHL,0.0487,0.5369,15.6552,3100.0,3050.0,2960.0,3050.0,nget_circuits,626,686,400.0,400.0,,
509,SPEN41,STEW41,37.795,0.126,Composite,0.0498,0.7386,24.4993,2470.0,2350.0,2146.0,2350.0,nget_circuits,644,666,400.0,400.0,,
510,SPEN42,STEW41,37.795,0.0,OHL,0.0497,0.7368,22.4165,2470.0,2350.0,2146.0,2350.0,nget_circuits,645,666,400.0,400.0,,
511,SPLN41,WALP41,29.234,0.0,OHL,0.0272,0.5117,19.3195,3189.0,3063.0,2853.0,3063.0,nget_circuits,642,753,400.0,400.0,,
512,SSHI22,TYNE2A,7.028,0.0,OHL,0.031,0.2985,1.9072,1236.0,1176.0,1065.0,1176.0,nget_circuits,640,742,275.0,275.0,,
513,SSHI22,WBOL21,4.366,0.0,OHL,0.02,0.1848,1.1845,1175.0,1120.0,1025.0,1120.0,nget_circuits,640,773,275.0,275.0,,
514,STAL4A,THOM41,69.271,6.952,Composite,0.0793,1.2727,151.2452,1330.0,1171.0,1001.0,1171.0,nget_circuits,652,696,400.0,400.0,,
515,STAL4B,STSB4A,26.581,7.031,Composite,0.0345,0.532,124.2199,1649.0,1528.0,1399.0,1528.0,nget_circuits,653,668,400.0,400.0,,
516,STAY41,MARH4A,73.027,0.0,OHL,0.1328,1.4529,42.3252,2514.0,2439.0,2314.0,2439.0,nget_circuits,660,429,400.0,400.0,,
517,STEN11,STES11,1.0,0.0,OHL,0.026600000000000002,0.1193,0.1077,198.0,198.0,181.0,181.0,nget_circuits,663,664,132.0,132.0,,
518,SUND41,WYMO41,18.156,0.0,OHL,0.0196,0.302,12.5826,3048.0,3000.0,2692.0,3000.0,nget_circuits,673,840,400.0,400.0,,
519,SWAN41,SWAN4B,0.64,0.0,OHL,0.0014,0.0128,0.3677,3048.0,3048.0,2971.0,3048.0,nget_circuits,681,680,400.0,400.0,,
520,SWAN42,SWAN4A,0.64,0.0,OHL,0.0014,0.0128,0.3677,1389.0,1284.0,1108.0,1284.0,nget_circuits,677,675,400.0,400.0,,
521,TEMP22,WIBA21,0.0,3.607,Cable,0.0159,0.0923,24.1308,421.0,421.0,381.0,381.0,nget_circuits,690,836,275.0,275.0,,
522,THOM21,WMEL21,23.791,0.947,Composite,0.1105,1.0548,15.8849,764.0,764.0,698.0,698.0,nget_circuits,697,780,275.0,275.0,,
523,THOM2A,WMEL21,24.413,0.8,Composite,0.1126,1.0793,10.588,955.0,882.0,762.0,882.0,nget_circuits,698,780,275.0,275.0,,
524,THUR21,THUR2A,4.653,0.0,OHL,0.0488,0.1944,1.2745,551.0,512.0,442.0,512.0,nget_circuits,701,700,275.0,275.0,,
525,THUR2A,WMEL21,16.348,0.0,OHL,0.0746,0.7099,4.3235,955.0,882.0,762.0,882.0,nget_circuits,700,780,275.0,275.0,,
526,TILB21,WARL21,13.065,0.0,OHL,0.0597,0.553,3.5441,1175.0,1119.0,1023.0,1119.0,nget_circuits,705,762,275.0,275.0,,
527,TILB21,WARL21,12.897,0.0,OHL,0.059,0.5459,3.4987,1120.0,1060.0,990.0,1060.0,nget_circuits,705,762,275.0,275.0,,
528,TILB41,TILB4A,0.058,0.0,OHL,0.0001,0.0012,0.033,3102.0,3048.0,2958.0,3048.0,nget_circuits,708,709,400.0,400.0,,
529,TILB41,TILB4B,0.059,0.0,OHL,0.0001,0.0011,0.0353,3102.0,3048.0,2853.0,3048.0,nget_circuits,708,706,400.0,400.0,,
530,TOTT2A,TOTT22,0.0,0.0,Zero Length,0.0,0.0,0.0,904.0,904.0,904.0,904.0,nget_circuits,722,726,275.0,275.0,,
531,TOTT2A,TOTT24,0.0,0.0,Zero Length,0.0,0.0,0.0,950.0,950.0,830.0,830.0,nget_circuits,722,724,275.0,275.0,,
532,TOTT2B,TOTT21,0.0,0.0,Zero Length,0.0,0.0,0.0,904.0,904.0,904.0,904.0,nget_circuits,727,720,275.0,275.0,,
533,TOTT2B,TOTT23,0.0,0.0,Zero Length,0.0,0.0,0.0,950.0,950.0,830.0,830.0,nget_circuits,727,721,275.0,275.0,,
534,TRAW41,TREU4A,64.278,0.0,OHL,0.1002,1.2333,38.5731,3102.0,3048.0,2958.0,3048.0,nget_circuits,730,734,400.0,400.0,,
535,TRAW41,TREU4B,64.278,0.0,OHL,0.1002,1.2333,38.5731,3102.0,3048.0,2958.0,3048.0,nget_circuits,730,733,400.0,400.0,,
536,TREM21,USKM2A,15.048,0.0,OHL,0.0854,0.7095,3.7487,695.0,641.0,548.0,641.0,nget_circuits,732,750,275.0,275.0,,
537,TYNE21,WBOL21,11.399,0.0,OHL,0.051,0.4835,3.093,1180.0,1120.0,1020.0,1120.0,nget_circuits,740,773,275.0,275.0,,
538,USKM11,USKM12,0.0,0.0,Series Reactor,0.25,20.0,0.0,90.0,90.0,90.0,90.0,nget_circuits,748,749,132.0,132.0,,
539,USKM21,USKM2A,0.692,0.0,OHL,0.0038,0.036,0.1546,695.0,642.0,548.0,642.0,nget_circuits,751,750,275.0,275.0,,
540,USKM21,USKM2B,0.391,0.0,OHL,0.0039,0.0167,0.1052,682.0,629.0,538.0,629.0,nget_circuits,751,747,275.0,275.0,,
541,USKM21,WHSO21,5.841,0.0,OHL,0.0345,0.2401,1.6394,1005.0,956.0,874.0,956.0,nget_circuits,751,811,275.0,275.0,,
542,USKM21,WHSO22,5.849,0.0,OHL,0.0345,0.2405,1.6417,1005.0,956.0,873.0,956.0,nget_circuits,751,812,275.0,275.0,,
543,USKM2A,WHSO21,5.562,0.0,OHL,0.0306,0.289,1.2455,695.0,641.0,548.0,641.0,nget_circuits,750,811,275.0,275.0,,
544,USKM2B,WHSO22,5.851,0.0,OHL,0.0322,0.304,1.3103,682.0,629.0,538.0,629.0,nget_circuits,747,812,275.0,275.0,,
545,WBUR41,WBUR42,0.0,0.0,Series Reactor,0.0026,2.3169,0.0,1500.0,1500.0,1500.0,1500.0,nget_circuits,775,776,400.0,400.0,,
546,WHSO41,WHSO4A,0.077,0.0,OHL,0.0001,0.0013,0.0506,992.0,916.0,783.0,916.0,nget_circuits,808,806,400.0,400.0,,
547,WTHU4C,WTHU4E,0.0,0.0,Series Reactor,0.0,1.0,0.0,2400.0,2400.0,2400.0,2400.0,nget_circuits,782,785,400.0,400.0,,
548,WTHU4D,WTHU4F,0.0,0.0,Series Reactor,0.0,1.0,0.0,2400.0,2400.0,2400.0,2400.0,nget_circuits,786,788,400.0,400.0,,
549,BOLN41,LHOR4A,28.1,0.0,OHL,0.0305,0.4887,18.5239,3102.0,2935.0,2765.0,2935.0,nget_circuit_changes,56,407,400.0,400.0,2023.0,Addition
550,BRFO41,DISS4A,31.4,0.1,Composite,0.0279,0.5404,23.1059,3326.0,3326.0,3320.0,3320.0,nget_circuit_changes,69,180,400.0,400.0,2023.0,Addition
551,BRFO41,DISS4B,31.4,0.1,Composite,0.0279,0.5404,23.1059,3326.0,3326.0,3320.0,3320.0,nget_circuit_changes,69,181,400.0,400.0,2023.0,Addition
552,CELL41,DRAK41,45.012,0.0,OHL,0.0719,0.8656,27.0675,2420.0,2330.0,2170.0,2330.0,nget_circuit_changes,130,184,400.0,400.0,2023.0,Change
553,CELL41,DRAK41,45.712,0.0,OHL,0.073,0.8791,27.4871,2420.0,2330.0,2170.0,2330.0,nget_circuit_changes,130,184,400.0,400.0,2023.0,Change
554,DISS4A,NORM41,29.7,0.0,OHL,0.0263,0.5101,19.9633,3326.0,3326.0,3320.0,3320.0,nget_circuit_changes,180,494,400.0,400.0,2023.0,Addition
555,DISS4B,NORM41,29.7,0.0,OHL,0.0263,0.5101,19.9633,3326.0,3326.0,3320.0,3320.0,nget_circuit_changes,181,494,400.0,400.0,2023.0,Addition
556,HINP41,SHUR41,1.213,0.0,OHL,0.002,0.024,0.707,3100.0,3050.0,2960.0,3050.0,nget_circuit_changes,314,626,400.0,400.0,2023.0,Addition
557,LHOR4B,NINF41,23.2,0.0,OHL,0.0252,0.4035,15.2937,3102.0,2935.0,2765.0,2935.0,nget_circuit_changes,405,475,400.0,400.0,2023.0,Addition
558,SHUR41,SHUR41,0.0,0.0,Series Reactor,0,2,0,2400.0,2400.0,2400.0,2400.0,nget_circuit_changes,626,626,400.0,400.0,2023.0,Addition
559,SHUR41,TAUN42,27.0,0.0,OHL,0.0487,0.5369,15.6574,3100.0,3050.0,2960.0,3050.0,nget_circuit_changes,626,687,400.0,400.0,2023.0,Addition
560,BLYT21,BLYT22,0.0,0.0,SSSC,0,2.6446,0,1524.0,1524.0,1524.0,1524.0,nget_circuit_changes,51,50,275.0,275.0,2024.0,Addition
561,BLYT21,BLYT23,0.0,0.0,SSSC,0,2.6446,0,1524.0,1524.0,1524.0,1524.0,nget_circuit_changes,51,52,275.0,275.0,2024.0,Addition
562,BRAI4A,BULL41,12.343,0.0,OHL,0.0121,0.2133,8.2261,3100.0,3100.0,3100.0,3100.0,nget_circuit_changes,66,99,400.0,400.0,2024.0,Change
563,BRAI4B,RAYL41,33.03,0.0,OHL,0.0325,0.5709,22.0036,2779.0,2568.0,2217.0,2568.0,nget_circuit_changes,65,568,400.0,400.0,2024.0,Change
564,BRFO41,FRIS4A,35.557,0.0,OHL,0.0386,0.6184,23.4396,2779.0,2568.0,2217.0,2568.0,nget_circuit_changes,69,249,400.0,400.0,2024.0,Addition
565,BRFO41,FRIS4B,35.557,0.0,OHL,0.0386,0.6184,23.4396,2779.0,2568.0,2217.0,2568.0,nget_circuit_changes,69,250,400.0,400.0,2024.0,Addition
566,BRFO41,FRIS4C,35.557,0.0,OHL,0.0386,0.6184,23.4396,2779.0,2569.0,2217.0,2569.0,nget_circuit_changes,69,247,400.0,400.0,2024.0,Addition
567,BRFO41,FRIS4D,35.557,0.0,OHL,0.0386,0.6184,23.4396,2779.0,2568.0,2217.0,2568.0,nget_circuit_changes,69,248,400.0,400.0,2024.0,Addition
568,BRLE41,MELK41,82.134,0.0,OHL,0.1769,1.6438,47.1939,1630.0,1630.0,1490.0,1630.0,nget_circuit_changes,78,434,400.0,400.0,2024.0,Change
569,BRLE41,MELK41,81.569,0.0,OHL,0.176,1.6326,46.8641,1630.0,1630.0,1490.0,1630.0,nget_circuit_changes,78,434,400.0,400.0,2024.0,Change
570,BRWA4A,BRWA4C,4.371,0.0,OHL,0.0079,0.087,2.5326,2030.0,1930.0,1770.0,1930.0,nget_circuit_changes,83,87,400.0,400.0,2024.0,Change
571,BRWA4B,BRWA4D,4.0,0.462,Composite,0.0076,0.085,7.3611,2030.0,1930.0,1770.0,1930.0,nget_circuit_changes,81,88,400.0,400.0,2024.0,Addition
572,BRWA4C,MELK41,77.004,0.0,OHL,0.1368,1.5195,45.0234,2009.0,1911.0,1746.0,1911.0,nget_circuit_changes,87,434,400.0,400.0,2024.0,Addition
573,BRWA4C,SHUR41,14.02,0.0,OHL,0.0218,0.269,8.4136,2030.0,1930.0,1770.0,1930.0,nget_circuit_changes,87,626,400.0,400.0,2024.0,Change
574,BRWA4D,MELK41,76.264,0.0,OHL,0.1356,1.5048,44.5918,2009.0,2009.0,2009.0,2009.0,nget_circuit_changes,88,434,400.0,400.0,2024.0,Addition
575,BRWA4D,SHUR41,14.02,0.0,OHL,0.0218,0.269,8.4136,3100.0,3050.0,2960.0,3050.0,nget_circuit_changes,88,626,400.0,400.0,2024.0,Addition
576,BULL41,RAYL41,20.646,0.0,OHL,0.0203,0.3568,13.7565,3100.0,3100.0,3100.0,3100.0,nget_circuit_changes,99,568,400.0,400.0,2024.0,Change
577,ELST4A,SUND41,34.834,0.0,OHL,0.0556,0.6699,20.9635,2400.0,2300.0,2140.0,2300.0,nget_circuit_changes,208,673,400.0,400.0,2024.0,Change
578,ELST4B,SUND42,34.706,0.0,OHL,0.0554,0.6674,20.8867,1590.0,1500.0,1346.0,1500.0,nget_circuit_changes,207,671,400.0,400.0,2024.0,Change
579,FRIN4A,FRIS41,0.0,0.3,Cable,0.0002,0.0035,3.2746,2779.0,2779.0,2779.0,2779.0,nget_circuit_changes,251,246,400.0,400.0,2024.0,Addition
580,FRIN4B,FRIS4C,0.0,0.1,Cable,0,0,0,2780.0,2780.0,2780.0,2780.0,nget_circuit_changes,252,247,400.0,400.0,2024.0,Addition
581,FRIS4A,FRIS41,0.0,0.2,Cable,0.0001,0.0024,2.183,2779.0,2779.0,2779.0,2779.0,nget_circuit_changes,249,246,400.0,400.0,2024.0,Addition
582,FRIS4A,SIZE41,7.61,0.0,OHL,0.0083,0.1324,5.0166,2779.0,2568.0,2217.0,2568.0,nget_circuit_changes,249,630,400.0,400.0,2024.0,Addition
583,FRIS4B,FRIS41,0.0,0.15,Cable,0.0001,0.0018,1.6373,2779.0,2779.0,2779.0,2779.0,nget_circuit_changes,250,246,400.0,400.0,2024.0,Addition
584,FRIS4B,SIZE41,7.61,0.0,OHL,0.0083,0.1324,5.0166,2779.0,2568.0,2217.0,2568.0,nget_circuit_changes,250,630,400.0,400.0,2024.0,Addition
585,FRIS4C,LEIS4A,6.8,0.0,OHL,0.0074,0.1183,4.4826,2779.0,2569.0,2217.0,2569.0,nget_circuit_changes,247,399,400.0,400.0,2024.0,Addition
586,FRIS4D,FRIS41,0.0,0.2,Cable,0,0,0,2779.0,2779.0,2779.0,2779.0,nget_circuit_changes,248,246,400.0,400.0,2024.0,Addition
587,FRIS4D,SIZE41,7.61,0.0,OHL,0.0083,0.1324,5.0166,2779.0,2568.0,2217.0,2568.0,nget_circuit_changes,248,630,400.0,400.0,2024.0,Addition
588,GRAW4A,GRAW41,0.0,0.2,Cable,0.0001,0.0025,2.5133,3326.0,3160.0,2633.0,2813.0,nget_circuit_changes,262,261,400.0,400.0,2024.0,Addition
589,GRAW4B,GRAW42,0.0,0.2,Cable,0.0001,0.0025,2.5133,3326.0,3160.0,2633.0,2813.0,nget_circuit_changes,263,264,400.0,400.0,2024.0,Addition
590,GRAW4B,TILB42,24.942,1.805,Composite,0.0283,0.4536,52.5445,2003.0,2003.0,1939.0,2003.0,nget_circuit_changes,263,704,400.0,400.0,2024.0,Addition
591,HINP41,SAFO41,26.58,8.94,Composite,0.0421,0.5573,218.3267,2009.0,1911.0,1746.0,1911.0,nget_circuit_changes,314,606,400.0,400.0,2024.0,Addition
592,HINP41,SEAB41,57.813,8.99,Composite,0.0765,1.1045,239.9146,2009.0,1911.0,1746.0,1911.0,nget_circuit_changes,314,608,400.0,400.0,2024.0,Addition
593,HURS21,LITT2A,5.164,2.938,Composite,0.0279,0.3019,12.6277,1027.0,1002.0,807.0,1002.0,nget_circuit_changes,320,408,275.0,275.0,2024.0,Change
594,HURS21,LITT2B,5.14,2.863,Composite,0.0277,0.2987,12.3347,1027.0,1002.0,807.0,1002.0,nget_circuit_changes,320,411,275.0,275.0,2024.0,Change
595,KEAD42,WBUR42,28.425,0.0,OHL,0.0308,0.4944,18.7376,3420.0,3260.0,2980.0,3260.0,nget_circuit_changes,352,776,400.0,400.0,2024.0,Change
596,KEAD43,KEAD44,0.0,0.0,SSSC,0,1.25,0,2217.0,2217.0,2217.0,2217.0,nget_circuit_changes,355,357,400.0,400.0,2024.0,Addition
597,SAFO41,SEAB4A,31.219,0.0,OHL,0.0344,0.5467,20.4492,3190.0,3060.0,2850.0,3060.0,nget_circuit_changes,606,609,400.0,400.0,2024.0,Addition
598,TILB41,TILB42,0.0,0.0,SSSC,0,1.25,0,2217.0,2217.0,2217.0,2217.0,nget_circuit_changes,708,704,400.0,400.0,2024.0,Addition
599,TILB41,TILB43,0.0,0.0,SSSC,0,1.25,0,2217.0,2217.0,2217.0,2217.0,nget_circuit_changes,708,712,400.0,400.0,2024.0,Addition
600,TILB41,TILB44,0.0,0.0,SSSC,0,1.25,0,2217.0,2217.0,2217.0,2217.0,nget_circuit_changes,708,710,400.0,400.0,2024.0,Addition
601,BENR41,NEWX4A,0.0,4.272,Cable,0.0029,0.0571,34.5413,749.0,917.0,917.0,917.0,nget_circuit_changes,38,471,400.0,400.0,2026.0,Addition
602,BENR41,WIMB41,0.0,8.429,Cable,0.0058,0.1128,68.1528,1036.0,1091.0,1091.0,1091.0,nget_circuit_changes,38,832,400.0,400.0,2026.0,Addition
603,COTT41,KEAD4C,34.479,0.0,OHL,0.0538,0.6702,20.3774,3100.0,3050.0,2960.0,3050.0,nget_circuit_changes,158,354,400.0,400.0,2026.0,Change
604,COTT41,KEAD4D,34.628,0.0,OHL,0.054,0.673,20.467,3100.0,3050.0,2960.0,3050.0,nget_circuit_changes,158,356,400.0,400.0,2026.0,Change
605,CREB41,CREB42,0.0,0.0,Zero Length,0,0,0,1386.0,1386.0,1386.0,1386.0,nget_circuit_changes,167,174,400.0,400.0,2026.0,Addition
606,CREB41,CREB42,0.0,0.0,Zero Length,0,0,0,1386.0,1386.0,1386.0,1386.0,nget_circuit_changes,167,174,400.0,400.0,2026.0,Addition
607,CREB41,CREB42,14.835,0.0,OHL,0.0131,0.2548,9.9719,3075.0,3075.0,3075.0,3075.0,nget_circuit_changes,167,174,400.0,400.0,2026.0,Addition
608,CREB41,CREB42,14.904,0.0,OHL,0.0132,0.256,10.0181,3075.0,3075.0,3075.0,3075.0,nget_circuit_changes,167,174,400.0,400.0,2026.0,Addition
609,CREB42,THTO41,14.835,0.0,OHL,0.0131,0.2548,9.9719,3075.0,3075.0,3075.0,3075.0,nget_circuit_changes,174,693,400.0,400.0,2026.0,Addition
610,CREB42,THTO42,14.904,0.0,OHL,0.0132,0.256,10.0181,3075.0,3075.0,3075.0,3075.0,nget_circuit_changes,174,692,400.0,400.0,2026.0,Addition
611,CREB42,THTO44,29.671,0.0,OHL,0.0263,0.5096,19.9438,3075.0,2876.0,2663.0,2876.0,nget_circuit_changes,174,691,400.0,400.0,2026.0,Addition
612,HARG41,HUTT41,81.544,0.0,OHL,0.127,1.5659,48.8916,2771.0,2771.0,2771.0,2771.0,nget_circuit_changes,297,327,400.0,400.0,2026.0,Addition
613,HURS21,NEWX21,0.0,18.504,Cable,0.027,0.5237,70.7162,1058.0,1031.0,863.0,1031.0,nget_circuit_changes,320,473,275.0,275.0,2026.0,Change
614,HURS21,NEWX21,0.0,18.442,Cable,0.0269,0.5219,70.4793,1178.0,1138.0,970.0,1138.0,nget_circuit_changes,320,473,275.0,275.0,2026.0,Change
615,MILL41,MILL4A,0.34,0.0,OHL,0.0006,0.0068,0.197,2009.0,2009.0,2009.0,2009.0,nget_circuit_changes,441,442,400.0,400.0,2026.0,Change
616,NEWX4B,WIMB41,0.0,12.688,Cable,0.0087,0.1697,102.5891,942.0,1033.0,1033.0,1033.0,nget_circuit_changes,470,832,400.0,400.0,2026.0,Addition
617,PEMB41,POAB41,74.6,0.0,OHL,0.081,1.2975,49.1773,2779.0,2568.0,2217.0,2568.0,nget_circuit_changes,527,550,400.0,400.0,2026.0,Addition
618,PEMB41,SWAN41,83.854,0.0,OHL,0.091,1.4585,55.2774,2779.0,2568.0,2217.0,2568.0,nget_circuit_changes,527,681,400.0,400.0,2026.0,Change
619,POAB41,SWAN41,9.25,0.0,OHL,0.01,0.1609,6.0977,2779.0,2568.0,2217.0,2568.0,nget_circuit_changes,550,681,400.0,400.0,2026.0,Addition
620,SWAN41,WALH41,133.752,5.468,parallel Composite,0.146,2.3458,152.0578,2779.0,2568.0,2217.0,2568.0,nget_circuit_changes,681,752,400.0,400.0,2026.0,Addition
621,BLYT21,TYNE2A,16.866,0.0,OHL,0.0744,0.7164,4.5772,1360.0,1307.0,1217.0,1307.0,nget_circuit_changes,51,742,275.0,275.0,2028.0,Change
622,BRAI4A,BRFO41,41.0,8.0,Composite,0.0441,0.8075,127.9671,3326.0,3326.0,3320.0,3326.0,nget_circuit_changes,66,69,400.0,400.0,2028.0,Addition
623,BRAI4B,BRFO41,41.0,8.0,Composite,0.0442,0.8076,127.9635,3326.0,3326.0,3320.0,3326.0,nget_circuit_changes,65,69,400.0,400.0,2028.0,Addition
624,BRFO41,TWIN4A,28.419,0.0,OHL,0.0252,0.4881,19.1016,3820.0,3630.0,3320.0,3630.0,nget_circuit_changes,69,738,400.0,400.0,2028.0,Addition
625,BRFO41,TWIN4B ,28.419,0.0,OHL,0.0252,0.4881,19.1016,3820.0,3630.0,3320.0,3630.0,nget_circuit_changes,69,735,400.0,400.0,2028.0,Addition
626,BRIM4C,HACK41,13.209,0.527,Composite,0.0209,0.2597,13.6792,3100.0,3100.0,3100.0,3100.0,nget_circuit_changes,93,279,400.0,400.0,2028.0,Addition
627,BRIM4C,WALX41,5.97,0.0,OHL,0.0093,0.1145,3.5827,3100.0,3100.0,3100.0,3100.0,nget_circuit_changes,93,755,400.0,400.0,2028.0,Addition
628,BRIM4D,HACK41,13.209,0.676,Composite,0.021,0.2614,15.3056,3100.0,3100.0,3100.0,3100.0,nget_circuit_changes,91,279,400.0,400.0,2028.0,Addition
629,BRIM4D,WALX41,5.97,0.0,OHL,0.0093,0.1145,3.5827,3100.0,3100.0,3100.0,3100.0,nget_circuit_changes,91,755,400.0,400.0,2028.0,Addition
630,CARR41,DAIN41,3.352,0.0,OHL,0.0059,0.0653,1.9776,3102.0,3048.0,2958.0,3048.0,nget_circuit_changes,123,176,400.0,400.0,2028.0,Change
631,CARR41,DAIN41,2.545,0.0,OHL,0.0043,0.0496,1.5076,2169.0,2084.0,1940.0,2084.0,nget_circuit_changes,123,176,400.0,400.0,2028.0,Change
632,EGGB41,MONF42,10.37,0.0,OHL,0.0091,0.1781,6.9831,3070.0,2830.0,2420.0,2830.0,nget_circuit_changes,202,455,400.0,400.0,2028.0,Addition
633,EGGB42,MONF42,10.37,0.0,OHL,0.0091,0.1781,6.9831,3070.0,2830.0,2420.0,2830.0,nget_circuit_changes,201,455,400.0,400.0,2028.0,Addition
634,GRAI41,GRAW4A,1.845,0.0,OHL,0.0016,0.0317,1.2424,3326.0,3160.0,2633.0,2813.0,nget_circuit_changes,259,262,400.0,400.0,2028.0,Change
635,GRAI41,GRAW4B,1.845,0.244,Composite,0.0019,0.0345,3.5775,2003.0,2003.0,1939.0,2003.0,nget_circuit_changes,259,263,400.0,400.0,2028.0,Change
636,GRAW4A,KINO41,9.807,0.8,parallel Composite,0.0088,0.171,17.5792,3326.0,3160.0,2633.0,2813.0,nget_circuit_changes,262,369,400.0,400.0,2028.0,Change
637,HARG41,HUTT43,81.544,0.0,OHL,0.127,1.5659,48.8916,2771.0,2771.0,2771.0,2771.0,nget_circuit_changes,297,326,400.0,400.0,2028.0,Addition
638,HAWP21,OFFE21,9.514,0.0,OHL,0.0379,0.3948,2.6412,1093.0,1031.0,925.0,1031.0,nget_circuit_changes,305,503,275.0,275.0,2028.0,Change
639,HAWP41,NORT41,30.157,0.0,OHL,0.0327,0.5245,19.8799,2780.0,2780.0,2780.0,2780.0,nget_circuit_changes,304,486,400.0,400.0,2028.0,Addition
640,KINO41,TILB41,15.478,1.835,Composite,0.0149,0.2859,47.1231,2950.0,2950.0,2950.0,2950.0,nget_circuit_changes,369,708,400.0,400.0,2028.0,Change
641,KNAR21,TADT2A,25.0,0.0,OHL,0.1224,1.0976,6.5267,1500.0,1500.0,1300.0,1300.0,nget_circuit_changes,378,683,275.0,275.0,2028.0,Addition
642,KNAR21,TADT2B,25.0,0.0,OHL,0.1224,1.0976,6.5267,1500.0,1500.0,1300.0,1500.0,nget_circuit_changes,378,684,275.0,275.0,2028.0,Addition
643,MONF2A,TADT2A,14.18,0.0,OHL,0.0694,0.6225,3.7019,1500.0,1500.0,1300.0,1500.0,nget_circuit_changes,453,683,275.0,275.0,2028.0,Addition
644,MONF2B,TADT2B,14.18,0.6,Composite,0.0705,0.6359,10.1219,1500.0,1500.0,1300.0,1500.0,nget_circuit_changes,454,684,275.0,275.0,2028.0,Addition
645,MONF41,MONF42,0.0,0.1,Cable,0,0,0,1500.0,1500.0,1500.0,1500.0,nget_circuit_changes,458,455,400.0,400.0,2028.0,Addition
646,NORT41,OBST4A,70.35,0.0,OHL,0.1279,1.4458,39.4518,2010.0,1910.0,1750.0,1910.0,nget_circuit_changes,486,515,400.0,400.0,2028.0,Addition
647,NORT41,OBST4B,70.35,0.0,OHL,0.1279,1.4458,39.4518,2009.0,1911.0,1746.0,1911.0,nget_circuit_changes,486,514,400.0,400.0,2028.0,Addition
648,OBST4A,YORK4A,2.8,0.0,OHL,0.0051,0.0575,1.5702,1500.0,1500.0,1300.0,1300.0,nget_circuit_changes,515,842,400.0,400.0,2028.0,Addition
649,OBST4B,YORK4B,2.8,0.0,OHL,0.0051,0.0575,1.5702,1300.0,1300.0,1300.0,1300.0,nget_circuit_changes,514,841,400.0,400.0,2028.0,Addition
650,OFFE21,WBOL21,8.207,0.0,OHL,0.0327,0.3406,2.2784,1093.0,1031.0,925.0,1031.0,nget_circuit_changes,503,773,275.0,275.0,2028.0,Change
651,OSBA41,OBST4A,13.35,0.0,OHL,0.0243,0.2744,7.4866,2009.0,1911.0,1746.0,1911.0,nget_circuit_changes,513,515,400.0,400.0,2028.0,Addition
652,OSBA42,OBST4B,13.35,0.0,OHL,0.0243,0.2744,7.4866,2009.0,1911.0,1746.0,1911.0,nget_circuit_changes,512,514,400.0,400.0,2028.0,Addition
653,OVER21,POPP21,4.729,0.0,OHL,0.0257,0.2475,1.0505,680.0,630.0,540.0,630.0,nget_circuit_changes,516,551,275.0,275.0,2028.0,Addition
654,OVER21,POPP21,4.634,0.0,OHL,0.0254,0.2439,1.0211,550.0,630.0,440.0,630.0,nget_circuit_changes,516,551,275.0,275.0,2028.0,Addition
655,OVER21,TADT2A,20.176,0.0,OHL,0.0988,0.8858,5.2674,1500.0,1500.0,1300.0,1500.0,nget_circuit_changes,516,683,275.0,275.0,2028.0,Addition
656,OVER21,TADT2B,20.176,0.0,OHL,0.0988,0.8858,5.2673,1500.0,1500.0,1300.0,1500.0,nget_circuit_changes,516,684,275.0,275.0,2028.0,Addition
657,PELH41,TWIN4A ,40.882,0.0,OHL,0.0362,0.7022,27.4783,3100.0,3100.0,3100.0,3100.0,nget_circuit_changes,522,737,400.0,400.0,2028.0,Addition
658,PELH41,TWIN4B ,40.823,0.0,OHL,0.0362,0.7012,27.4387,3820.0,3630.0,3320.0,3630.0,nget_circuit_changes,522,735,400.0,400.0,2028.0,Addition
