,Node 1,Node 2,R (% on 100MVA),X (% on 100MVA),B (% on 100MVA),Winter Rating (MVA),Dataframe,Node 1 bus_id,Node 2 bus_id,Voltage (kV) Node 1,Voltage (kV) Node 2,Year,Status
0,ABHA4A,ABHA11,0.1658,8.4025,-1.5604,275,nget_tx,6,5,400,132,,
1,ABHA4B,ABHA12,0.1658,8.4025,-1.5604,264,nget_tx,7,4,400,132,,
2,ABTH21,ABTH11,0.1366,8.0648,-0.0471,279,nget_tx,2,0,275,132,,
3,ABTH21,ABTH12,0.1646,8.0383,-0.1808,211,nget_tx,2,3,275,132,,
4,ABTH21,ABTH13,0.0977,8.1994,-1.7127,212,nget_tx,2,1,275,132,,
5,ALDW21,ALDW31,0.4848,24.6692,-0.018,135,nget_tx,9,10,275,33,,
6,ALDW21,ALDW31,0.3543,25.4142,-0.4983,135,nget_tx,9,10,275,33,,
7,ALDW21,ALDW31,0.7076,26.5771,-0.0784,83,nget_tx,9,10,275,33,,
8,ALDW21,ALDW32,0.656,25.925,-0.297,98,nget_tx,9,8,275,33,,
9,ALDW21,ALDW32,0.656,25.925,-0.297,98,nget_tx,9,8,275,33,,
10,ALVE4A,ALVE11,0.1118,8.3874,-0.0906,278,nget_tx,14,15,400,132,,
11,ALVE4B,ALVE11,0.1621,8.0984,-0.0747,275,nget_tx,13,15,400,132,,
12,AMEM4A,AMEM11,0.1471,8.4008,-0.1719,270,nget_tx,18,16,400,132,,
13,AMEM4B,AMEM11,0.1471,8.4008,-0.1719,255,nget_tx,17,16,400,132,,
14,AXMI41,AXMI11,0.148,7.4973,-0.3849,278,nget_tx,19,20,400,132,,
15,AXMI41,AXMI11,0.148,7.4973,-0.3849,277,nget_tx,19,20,400,132,,
16,BARK21,BARK11,0.1264,8.6657,-0.0342,278,nget_tx,23,25,275,132,,
17,BARK21,BARK11,0.1264,8.6657,-0.0342,275,nget_tx,23,25,275,132,,
18,BARK21,BARW31,0.618,29.2635,-0.2527,109,nget_tx,23,27,275,33,,
19,BARK21,BARW32,0.618,29.2635,-0.2527,110,nget_tx,23,26,275,33,,
20,BARK22,BARK11,0.1646,8.0383,-0.1808,211,nget_tx,24,25,275,132,,
21,BARK22,BARW31,0.618,29.2635,-0.2527,110,nget_tx,24,27,275,33,,
22,BARK22,BARW32,0.618,29.2635,-0.2527,109,nget_tx,24,26,275,33,,
23,BARK22,BARW32,0.492,19.4438,-0.4018,100,nget_tx,24,26,275,33,,
24,BARK41,BARK21,0.0268,2.7989,-0.3188,817,nget_tx,22,23,400,275,,
25,BARK41,BARK22,0.0268,2.7989,-0.3188,817,nget_tx,22,24,400,275,,
26,BEDD21,BEDD11,0.167,7.9774,-0.2092,258,nget_tx,28,29,275,132,,
27,BEDD21,BEDD12,0.1067,8.0868,-0.034,240,nget_tx,28,33,275,132,,
28,BEDD21,BEDT1A,0.1007,8.1333,-0.2371,126,nget_tx,28,35,275,132,,
29,BEDD22,BEDD12,0.1067,8.0868,-0.034,240,nget_tx,30,33,275,132,,
30,BEDD23,BEDD11,0.167,7.9774,-0.2092,240,nget_tx,34,29,275,132,,
31,BEDD23,BEDT1B,0.2264,12.2479,-0.6062,126,nget_tx,34,36,275,132,,
32,BEDD4A,BEDD21,0.0258,2.6799,-1.2431,797,nget_tx,32,28,400,275,,
33,BEDD4A,BEDD23,0.0258,2.6799,-1.2431,797,nget_tx,32,34,400,275,,
34,BEDD4B,BEDD21,0.0258,2.6799,-1.2431,800,nget_tx,31,28,400,275,,
35,BEDD4B,BEDD22,0.0258,2.6805,-1.2431,950,nget_tx,31,30,400,275,,
36,BESW21,BESW11,0.1004,8.1994,-0.2371,240,nget_tx,40,39,275,132,,
37,BESW21,BESW11,0.1411,8.6331,-0.2264,273,nget_tx,40,39,275,132,,
38,BESW21,BESW12,0.1411,8.6331,-0.2264,267,nget_tx,40,41,275,132,,
39,BESW21,BESW12,0.1411,8.6331,-0.2264,267,nget_tx,40,41,275,132,,
40,BICF41,BICF11,0.1307,7.9515,-0.1098,278,nget_tx,42,43,400,132,,
41,BICF41,BICF11,0.1307,7.9515,-0.1098,274,nget_tx,42,43,400,132,,
42,BIRK21,BIRK11,0.1594,8.6081,-0.2215,261,nget_tx,44,45,275,132,,
43,BIRK21,BIRK11,0.1594,8.6081,-0.2215,261,nget_tx,44,45,275,132,,
44,BIRK21,BIRK11,0.1594,8.6081,-0.2215,261,nget_tx,44,45,275,132,,
45,BISW21,BISW11,0.1623,8.097,-1.5978,279,nget_tx,46,47,275,132,,
46,BISW21,BISW11,0.1623,8.097,-1.5978,279,nget_tx,46,47,275,132,,
47,BISW21,BISW11,0.0918,8.7537,-0.0575,278,nget_tx,46,47,275,132,,
48,BISW21,BISW11,0.1623,8.097,-1.5978,240,nget_tx,46,47,275,132,,
49,BLYT21,BLYT1A,0.1666,8.378,-0.1047,278,nget_tx,52,51,275,132,,
50,BLYT21,BLYT1B,0.1666,8.378,-0.1047,278,nget_tx,52,54,275,132,,
51,BLYT21,BLYT61,0.2275,10.8456,-0.0697,209,nget_tx,52,49,275,66,,
52,BLYT21,BLYT61,0.45,16.8273,-1.3475,138,nget_tx,52,49,275,66,,
53,BLYT21,BLYT61,0.45,16.8273,-1.3475,138,nget_tx,52,49,275,66,,
54,BLYT41,BLYT21,0.0152,1.6463,-0.1118,1148,nget_tx,53,52,400,275,,
55,BLYT41,BLYT21,0.0152,1.6463,-0.1118,1100,nget_tx,53,52,400,275,,
56,BODE41,SASA11,0.1311,7.9055,-0.1016,240,nget_tx,55,650,400,132,,
57,BOLN41,BOLN11,0.137,7.9818,-0.1471,310,nget_tx,57,58,400,132,,
58,BOLN41,BOLN11,0.137,7.9818,-0.1471,309,nget_tx,57,58,400,132,,
59,BOLN41,BOLN12,0.137,7.9818,-0.1471,309,nget_tx,57,56,400,132,,
60,BOLN41,BOLN12,0.137,7.9818,-0.1471,277,nget_tx,57,56,400,132,,
61,BOLN41,BOLN12,0.137,7.9818,-0.1471,276,nget_tx,57,56,400,132,,
62,BOTW41,BOTW11,0.1139,8.1036,-2.059,278,nget_tx,60,59,400,132,,
63,BOTW41,BOTW11,0.1139,8.1036,-2.059,278,nget_tx,60,59,400,132,,
64,BRAI4A,BRAI11,0.1373,8.1976,-0.1719,240,nget_tx,66,67,400,132,,
65,BRAI4B,BRAI11,0.1307,7.9515,-0.1098,278,nget_tx,65,67,400,132,,
66,BRAW21,BRAW11,0.1719,8.2312,-0.9928,279,nget_tx,62,64,275,132,,
67,BRAW21,BRAW11,0.1719,8.2312,-0.9928,279,nget_tx,62,64,275,132,,
68,BRAW21,BRAW12,0.1719,8.2312,-0.9928,279,nget_tx,62,63,275,132,,
69,BRAW21,BRAW12,0.1719,8.2312,-0.9928,279,nget_tx,62,63,275,132,,
70,BRAW4A,BRAW21,0.0175,1.5879,-4.0069,1094,nget_tx,61,62,400,275,,
71,BRED21,BRED11,0.1266,8.6449,-1.9406,278,nget_tx,80,79,275,132,,
72,BRED21,BRED11,0.1266,8.6449,-1.9406,278,nget_tx,80,79,275,132,,
73,BRED21,BRED11,0.1266,8.6449,-1.9406,278,nget_tx,80,79,275,132,,
74,BRFO41,BRFO11,0.1658,8.4025,-1.5604,272,nget_tx,68,70,400,132,,
75,BRFO41,BRFO11,0.1658,8.4025,-1.5604,271,nget_tx,68,70,400,132,,
76,BRFO41,BRFO11,0.1307,7.9515,-0.1098,240,nget_tx,68,70,400,132,,
77,BRFO41,BRFO12,0.1658,8.4025,-1.5604,267,nget_tx,68,71,400,132,,
78,BRFO41,BRFO12,0.1658,8.4025,-1.5604,267,nget_tx,68,71,400,132,,
79,BRIM2A,BRIM11,0.1688,8.3316,-1.1711,263,nget_tx,92,89,275,132,,
80,BRIM2B,BRIM11,0.1266,8.6449,-1.9406,274,nget_tx,95,89,275,132,,
81,BRIN41,BRIN21,0.0146,1.609,-1.8746,1117,nget_tx,97,96,400,275,,
82,BRLE41,BRLE11,0.103,7.9231,-0.0638,275,nget_tx,73,76,400,132,,
83,BRLE41,BRLE12,0.1471,8.4008,-0.1719,253,nget_tx,73,72,400,132,,
84,BRLE41,BRLE13,0.1471,8.4008,-0.1719,253,nget_tx,73,78,400,132,,
85,BRLE41,BRLE14,0.103,7.9231,-0.0638,270,nget_tx,73,74,400,132,,
86,BRLE41,BRLE1A,0.1303,7.8698,-0.4285,263,nget_tx,73,75,400,132,,
87,BRLE41,BRLE1B,0.1303,7.8698,-0.4285,263,nget_tx,73,77,400,132,,
88,BURW41,BURW11,0.1059,8.3327,-0.671,240,nget_tx,101,100,400,132,,
89,BURW41,BURW11,0.1056,8.2208,-0.6711,240,nget_tx,101,100,400,132,,
90,BURW41,BURW11,0.1347,7.9905,-0.1259,240,nget_tx,101,100,400,132,,
91,BUSH21,BUSH11,0.1221,8.0467,-0.0391,279,nget_tx,102,103,275,132,,
92,BUSH21,BUSH11,0.1221,8.0467,-0.0391,279,nget_tx,102,103,275,132,,
93,BUSH21,BUSH11,0.1048,8.8443,-0.0335,240,nget_tx,102,103,275,132,,
94,BUST21,BUST11,0.1688,8.3316,-1.1711,279,nget_tx,107,105,275,132,,
95,BUST21,BUST11,0.1719,8.2312,-0.9928,279,nget_tx,107,105,275,132,,
96,BUST21,BUST11,0.1719,8.2312,-0.9928,278,nget_tx,107,105,275,132,,
97,BUST21,BUST11,0.1688,8.3316,-1.1711,265,nget_tx,107,105,275,132,,
98,BUST4A,BUST21,0.018,1.6146,-1.5533,1100,nget_tx,106,107,400,275,,
99,BUST4B,BUST21,0.018,1.6146,-1.5533,1100,nget_tx,104,107,400,275,,
100,CANT41,CANT13,0.1509,8.2849,-0.3279,264,nget_tx,112,113,400,132,,
101,CANT41,CANT14,0.1658,8.426,-0.2939,264,nget_tx,112,111,400,132,,
102,CAPE21,CAPE11,0.1927,8.5256,-0.5357,211,nget_tx,119,117,275,132,,
103,CAPE21,CAPE11,0.1927,8.5256,-0.5357,211,nget_tx,119,117,275,132,,
104,CAPE21,CAPE11,0.196,8.3446,-0.7059,198,nget_tx,119,117,275,132,,
105,CAPE21,CAPE1A,0.1366,8.0648,-0.0471,279,nget_tx,119,114,275,132,,
106,CAPE21,CAPE1B,0.171,8.8392,-0.0268,180,nget_tx,119,116,275,132,,
107,CAPE4A,CAPE21,0.0178,1.5995,-1.2431,845,nget_tx,118,119,400,275,,
108,CAPE4B,CAPE21,0.0185,1.614,-0.5638,886,nget_tx,115,119,400,275,,
109,CARE21,CARE11,0.0918,8.7537,-0.0575,278,nget_tx,120,121,275,132,,
110,CARE21,CARE11,0.0918,8.7537,-0.0575,278,nget_tx,120,121,275,132,,
111,CARR21,CARR11,0.1927,8.5256,-0.5357,211,nget_tx,124,127,275,132,,
112,CARR21,CARR11,0.1681,8.3396,-1.4878,201,nget_tx,124,127,275,132,,
113,CARR21,CARR12,0.1927,8.5256,-0.5357,211,nget_tx,124,128,275,132,,
114,CARR21,CARR12,0.2264,12.2479,-0.6062,129,nget_tx,124,128,275,132,,
115,CARR21,CARR12,0.2847,12.2467,-1.4346,120,nget_tx,124,128,275,132,,
116,CARR41,CARR11,0.1372,8.0197,-0.1238,272,nget_tx,125,127,400,132,,
117,CARR4A,CARR21,0.0185,1.614,-0.5638,886,nget_tx,122,124,400,275,,
118,CARR4B,CARR21,0.0185,1.614,-0.5638,886,nget_tx,126,124,400,275,,
119,CELL41,CELL11,0.1658,8.4025,-1.5604,280,nget_tx,131,130,400,132,,
120,CELL41,CELL11,0.1307,7.9515,-0.1098,278,nget_tx,131,130,400,132,,
121,CELL41,CELL11,0.1658,8.4025,-1.5604,240,nget_tx,131,130,400,132,,
122,CELL41,CELL12,0.1373,8.1976,-0.1719,278,nget_tx,131,129,400,132,,
123,CELL41,CELL12,0.1658,8.4025,-1.5604,278,nget_tx,131,129,400,132,,
124,CHIC41,CHIC11,0.1471,8.4008,-0.1719,254,nget_tx,143,144,400,132,,
125,CHIC41,CHIC11,0.1471,8.4008,-0.1719,253,nget_tx,143,144,400,132,,
126,CHSI21,CHSI11,0.167,7.9774,-0.2092,255,nget_tx,135,137,275,132,,
127,CHSI21,CHSI11,0.1411,8.6331,-0.2264,249,nget_tx,135,137,275,132,,
128,CHSI21,CHSI1A,0.2264,12.2479,-0.6062,153,nget_tx,135,134,275,132,,
129,CHSI21,CHSI1B,0.2264,12.2479,-0.6062,126,nget_tx,135,136,275,132,,
130,CILF41,CILF2A,0.017,1.6132,-5.1203,750,nget_tx,148,146,400,275,,
131,CILF41,CILF2B,0.017,1.6132,-5.1203,750,nget_tx,148,147,400,275,,
132,CITR41,CITR11,0.1373,8.1976,-0.1719,278,nget_tx,151,150,400,132,,
133,CITR41,CITR11,0.1229,8.3873,-0.1147,269,nget_tx,151,150,400,132,,
134,CITR41,CITR12,0.0997,8.0088,-0.093,266,nget_tx,151,149,400,132,,
135,CONQ41,CONQ11,0.1044,7.8701,-0.103,261,nget_tx,153,154,400,132,,
136,CONQ41,CONQ11,0.1036,7.8606,-0.1003,259,nget_tx,153,154,400,132,,
137,CONQ41,CONQ12,0.1045,7.8806,-0.0998,240,nget_tx,153,156,400,132,,
138,CONQ41,CONQ13,0.1057,7.9352,-0.339,240,nget_tx,153,155,400,132,,
139,COVE21,COVE11,0.1623,8.097,-1.5978,273,nget_tx,162,160,275,132,,
140,COVE21,COVE11,0.1623,8.097,-1.5978,272,nget_tx,162,160,275,132,,
141,COVE21,COVE12,0.1623,8.097,-1.5978,266,nget_tx,162,161,275,132,,
142,COWL41,COWL11,0.1307,7.9515,-0.1098,278,nget_tx,166,165,400,132,,
143,COWL41,COWL11,0.1847,8.1296,-0.2979,269,nget_tx,166,165,400,132,,
144,COWL41,COWL11,0.1847,8.1296,-0.2979,269,nget_tx,166,165,400,132,,
145,COWL41,COWL12,0.1847,8.1296,-0.2979,269,nget_tx,166,164,400,132,,
146,COWL41,COWL12,0.1847,8.1296,-0.2979,269,nget_tx,166,164,400,132,,
147,CREB41,CREB11,0.1621,8.0984,-0.0747,253,nget_tx,171,174,400,132,,
148,CREB41,CREB11,0.1621,8.0984,-0.0747,240,nget_tx,171,174,400,132,,
149,CREB41,CREB12,0.1621,8.0984,-0.0747,253,nget_tx,171,169,400,132,,
150,CREB41,CREB12,0.1621,8.0984,-0.0747,253,nget_tx,171,169,400,132,,
151,CREB41,CREB21,0.0176,1.5826,-0.1148,750,nget_tx,171,170,400,275,,
152,CREB41,CREB21,0.0176,1.5826,-0.1148,750,nget_tx,171,170,400,275,,
153,CREB41,CREB22,0.0176,1.5826,-0.1148,750,nget_tx,171,167,400,275,,
154,CREB41,CREB22,0.0176,1.5826,-0.1148,750,nget_tx,171,167,400,275,,
155,DIDC41,MILP31,0.20873333333333333,15.2319,-0.2971,150,nget_tx,178,452,400,33,,
156,DIDC41,MILP31,0.20993333333333333,15.2986,-0.2971,150,nget_tx,178,452,400,33,,
157,DRAK41,DRAK11,0.1303,7.8698,-0.4285,278,nget_tx,184,182,400,132,,
158,DRAK41,DRAK11,0.1044,7.881,-0.0832,240,nget_tx,184,182,400,132,,
159,DRAK41,DRAK21,0.0178,1.5995,-1.2431,849,nget_tx,184,183,400,275,,
160,DRAX41,DRAX11,0.1658,8.4025,-1.5604,277,nget_tx,186,187,400,132,,
161,DRAX41,DRAX11,0.1658,8.4025,-1.5604,274,nget_tx,186,187,400,132,,
162,DRAX42,CAML61,0.2216,14.1082,-0.1552,180,nget_tx,185,108,400,66,,
163,DRAX42,CAML61,0.2216,14.1082,-0.1552,180,nget_tx,185,108,400,66,,
164,DUNG41,DUNG21,0.017,1.6132,-5.1203,750,nget_tx,189,188,400,275,,
165,DUNG41,DUNG21,0.017,1.6132,-5.1203,750,nget_tx,189,188,400,275,,
166,EALI21,EALI61,0.3062,11.0235,-0.4552,134,nget_tx,191,190,275,66,,
167,EALI21,EALI61,0.3062,11.0235,-0.4552,134,nget_tx,191,190,275,66,,
168,EALI21,EALI61,0.3062,11.0235,-0.4552,126,nget_tx,191,190,275,66,,
169,EALI21,EALI61,0.3062,11.0235,-0.4552,126,nget_tx,191,190,275,66,,
170,EASO41,EASO12,0.103,7.9231,-0.0638,263,nget_tx,199,197,400,132,,
171,EASO41,LITB11,0.1018,7.841,-0.432,240,nget_tx,199,408,400,132,,
172,EASO4A,EASO11,0.103,7.9231,-0.0638,263,nget_tx,200,198,400,132,,
173,ECLA41,ECLA11,0.1175,8.6648,-0.4173,264,nget_tx,193,194,400,132,,
174,ECLA41,ECLA11,0.1175,8.6648,-0.4173,263,nget_tx,193,194,400,132,,
175,ECLA41,ECLA12,0.1139,8.1036,-2.059,278,nget_tx,193,195,400,132,,
176,ECLA41,ECLA12,0.0997,8.0088,-0.093,264,nget_tx,193,195,400,132,,
177,ELLA21,ELLA11,0.1221,8.0467,-0.0391,272,nget_tx,204,203,275,132,,
178,ELLA21,ELLA11,0.1681,8.3396,-1.4878,198,nget_tx,204,203,275,132,,
179,ELLA21,ELLA12,0.1221,8.0467,-0.0391,279,nget_tx,204,205,275,132,,
180,ELLA21,ELLA12,0.1722,8.4551,-0.2968,211,nget_tx,204,205,275,132,,
181,ELST21,ELST12,0.1221,8.0467,-0.0391,240,nget_tx,209,207,275,132,,
182,ELST21,ELST13,0.1985,8.1167,-0.4624,189,nget_tx,209,206,275,132,,
183,ELST21,ELST13,0.1954,8.0796,-0.2295,180,nget_tx,209,206,275,132,,
184,ELST22,ELST11,0.1031,8.1045,-0.0494,212,nget_tx,210,212,275,132,,
185,ELST22,ELST11,0.1923,8.081,-1.4418,187,nget_tx,210,212,275,132,,
186,ELST41,ELST12,0.1039,7.8456,-0.9345,240,nget_tx,213,207,400,132,,
187,ELST41,ELST22,0.0181,1.5835,-3.6502,1100,nget_tx,213,210,400,275,,
188,ELST4B,ELST21,0.0176,1.5828,-0.1018,1137,nget_tx,211,209,400,275,,
189,ENDE41,ENDE11,0.1303,7.8698,-0.4285,278,nget_tx,215,214,400,132,,
190,ENDE41,ENDE11,0.1118,8.3874,-0.0906,278,nget_tx,215,214,400,132,,
191,ENDE41,ENDE11,0.1658,8.4025,-1.5604,274,nget_tx,215,214,400,132,,
192,ENDE41,ENDE11,0.1658,8.4025,-1.5604,273,nget_tx,215,214,400,132,,
193,EXET41,EXET11,0.1307,7.9515,-0.1098,278,nget_tx,216,217,400,132,,
194,EXET41,EXET11,0.1509,8.2849,-0.3279,278,nget_tx,216,217,400,132,,
195,EXET41,EXET11,0.1509,8.2849,-0.3279,269,nget_tx,216,217,400,132,,
196,FAWL41,FAWL11,0.1509,7.9231,-0.5982,268,nget_tx,219,218,400,132,,
197,FAWL41,FAWL11,0.1509,7.9231,-0.5982,268,nget_tx,219,218,400,132,,
198,FAWL41,FAWL11,0.1509,7.9231,-0.5982,268,nget_tx,219,218,400,132,,
199,FECK21,FECK61,0.3142,15.7855,-1.1826,139,nget_tx,222,221,275,66,,
200,FECK41,FECK21,0.0151,1.6372,-0.0621,1100,nget_tx,220,222,400,275,,
201,FECK41,FECK61,0.1832,14.0317,-0.1803,199,nget_tx,220,221,400,66,,
202,FECK41,FECK61,0.1867,13.8218,-0.1803,194,nget_tx,220,221,400,66,,
203,FECK41,FECK61,0.1867,13.8218,-0.1803,194,nget_tx,220,221,400,66,,
204,FERR21,FERR11,0.1147,8.673,-0.0358,278,nget_tx,231,224,275,132,,
205,FERR21,FERR61,0.237,10.8633,-0.263,204,nget_tx,231,229,275,66,,
206,FERR23,FERR11,0.1147,8.673,-0.0358,278,nget_tx,230,224,275,132,,
207,FERR23,FERR61,0.237,10.8633,-0.263,180,nget_tx,230,229,275,66,,
208,FERR2A,FERR11,0.0918,8.7537,-0.0575,278,nget_tx,225,224,275,132,,
209,FERR4A,FERR22,0.0133,1.5936,-1.2059,1100,nget_tx,228,226,400,275,,
210,FERR4A,FERR23,0.0186,1.5729,-7.729,1113,nget_tx,228,230,400,275,,
211,FIDF21,FIDF11,0.1392,8.4361,-0.781,271,nget_tx,235,236,275,132,,
212,FIDF21,FIDF12,0.1594,8.6081,-0.2215,261,nget_tx,235,234,275,132,,
213,FLEE41,FLEE11,0.1557,8.3736,-0.4146,279,nget_tx,237,239,400,132,,
214,FLEE41,FLEE11,0.1368,8.5406,-0.262,240,nget_tx,237,239,400,132,,
215,FLEE41,FLEE11,0.1372,8.0197,-0.1238,240,nget_tx,237,239,400,132,,
216,FLEE41,FLEE11,0.1557,8.3736,-0.4146,240,nget_tx,237,239,400,132,,
217,FLEE41,FLEE12,0.1557,8.3736,-0.4146,300,nget_tx,237,238,400,132,,
218,FLEE41,FLEE12,0.1557,8.3736,-0.4146,279,nget_tx,237,238,400,132,,
219,FLEE41,FLEE12,0.1557,8.3736,-0.4146,279,nget_tx,237,238,400,132,,
220,FOUR21,FOUR31,0.306,19.9977,-0.5499,100,nget_tx,244,245,275,33,,
221,FROD21,FROD11,0.1927,8.5256,-0.5357,211,nget_tx,253,256,275,132,,
222,FROD22,FROD11,0.1392,8.4361,-0.781,269,nget_tx,255,256,275,132,,
223,FROD41,FROD11,0.054,4.8906,-0.1253,499,nget_tx,254,256,400,132,,
224,FROD41,FROD21,0.0176,1.5828,-0.1018,1000,nget_tx,254,253,400,275,,
225,FROD41,FROD22,0.0132,1.6756,-0.4337,1063,nget_tx,254,255,400,275,,
226,FROD41,WEAV71,0.0032,0.0205,-0.1224,80,nget_tx,254,778,400,25,,
227,FROD41,WEAV71,0.0032,0.0205,-0.1224,80,nget_tx,254,778,400,25,,
228,GRAI41,GRAI11,0.1307,7.9515,-0.1098,263,nget_tx,260,259,400,132,,
229,GRAI41,GRAI11,0.1307,7.9515,-0.1098,263,nget_tx,260,259,400,132,,
230,GREN41,GREN11,0.1557,8.3736,-0.4146,279,nget_tx,269,268,400,132,,
231,GREN41,GREN11,0.1312,7.9156,-0.537,278,nget_tx,269,268,400,132,,
232,GREN41,GREN11,0.1557,8.3736,-0.4146,278,nget_tx,269,268,400,132,,
233,GREN41,GREN12,0.1557,8.3736,-0.4146,279,nget_tx,269,267,400,132,,
234,GREN41,GREN12,0.1035,7.8472,-0.0758,240,nget_tx,269,267,400,132,,
235,GRIW41,GRIW11,0.1658,8.4025,-1.5604,273,nget_tx,273,274,400,132,,
236,GRIW41,GRIW12,0.1658,8.4025,-1.5604,268,nget_tx,273,275,400,132,,
237,HACK2A,HACK61,0.2793,13.3304,-0.6737,191,nget_tx,279,281,275,66,,
238,HACK2B,HACK61,0.2793,13.3304,-0.6737,191,nget_tx,280,281,275,66,,
239,HACK41,HACK11,0.1303,7.8698,-0.4285,278,nget_tx,282,278,400,132,,
240,HACK41,HACK11,0.1303,7.8698,-0.4285,278,nget_tx,282,278,400,132,,
241,HACK41,HACK11,0.1303,7.8698,-0.4285,278,nget_tx,282,278,400,132,,
242,HACK41,HACK2A,0.0182,1.5763,-0.0904,1210,nget_tx,282,279,400,275,,
243,HACK41,HACK2B,0.0182,1.5763,-0.0904,1210,nget_tx,282,280,400,275,,
244,HAMH41,HAMH2A,0.0175,1.5879,-4.0069,1147,nget_tx,286,287,400,275,,
245,HAMH41,LEMR11,0.1094,8.5335,-0.0989,278,nget_tx,286,396,400,132,,
246,HAMH41,LEMR11,0.1118,8.3874,-0.0906,263,nget_tx,286,396,400,132,,
247,HAMH41,LEMR11,0.1118,8.3874,-0.0906,263,nget_tx,286,396,400,132,,
248,HAMH41,LEMR11,0.1094,8.5335,-0.0989,263,nget_tx,286,396,400,132,,
249,HARM21,HARM61,0.3726,16.7215,-0.6945,127,nget_tx,303,302,275,66,,
250,HARM21,HARM61,0.3726,16.7215,-0.6945,127,nget_tx,303,302,275,66,,
251,HAWP21,HAWP61,0.2793,13.3304,-0.6737,192,nget_tx,308,306,275,66,,
252,HAWP21,HAWP61,0.2793,13.3304,-0.6737,191,nget_tx,308,306,275,66,,
253,HAWP4A,HAWP21,0.0132,1.6756,-0.4337,1063,nget_tx,307,308,400,275,,
254,HEYS41,HEYS11,0.122,8.1963,-0.2446,277,nget_tx,312,311,400,132,,
255,HEYS41,HEYS11,0.1658,8.4025,-1.5604,275,nget_tx,312,311,400,132,,
256,HEYS41,HEYS11,0.1372,8.0197,-0.1238,240,nget_tx,312,311,400,132,,
257,HIBU41,ISLI11,0.1264,8.4534,-0.357,240,nget_tx,316,344,400,132,,
258,HIBU41,ISLI11,0.1264,8.4534,-0.357,240,nget_tx,316,344,400,132,,
259,HIBU41,ISLI11,0.1264,8.4534,-0.357,240,nget_tx,316,344,400,132,,
260,HIGM41,HIGM21,0.0186,1.5729,-7.729,1044,nget_tx,314,313,400,275,,
261,HIGM41,HIGM4A,0.0002,0.2873,0.0,2750,nget_tx,314,315,400,400,,
262,HINP41,HINP21,0.0363,2.4397,-2.1073,539,nget_tx,317,318,400,275,,
263,HINP41,HINP22,0.0376,2.3797,-3.9009,507,nget_tx,317,319,400,275,,
264,HUMR41,HUMR31,0.6667,22.467,-0.1612,90,nget_tx,321,320,400,33,,
265,HUMR41,HUMR31,0.6667,22.256,-0.1612,90,nget_tx,321,320,400,33,,
266,HURS21,HURS1B,0.1221,8.0467,-0.0391,279,nget_tx,322,325,275,132,,
267,HURS21,HURS1C,0.1382,8.1742,-0.1786,279,nget_tx,322,323,275,132,,
268,HURS21,HURS1D,0.1392,8.4361,-0.781,279,nget_tx,322,324,275,132,,
269,HUTT41,HUTT11,0.1621,8.0984,-0.0747,265,nget_tx,326,328,400,132,,
270,HUTT41,HUTT11,0.1621,8.0984,-0.0747,264,nget_tx,326,328,400,132,,
271,HUTT41,HUTT71,0.0032,0.0208,0.0,80,nget_tx,326,330,400,25,,
272,HUTT41,HUTT71,0.0032,0.0208,0.0,80,nget_tx,326,330,400,25,,
273,IMPP41,IMPP31,0.2262,15.019,-0.0538,143,nget_tx,332,331,400,33,,
274,IMPP41,IMPP31,0.2262,15.019,-0.0538,143,nget_tx,332,331,400,33,,
275,INDQ41,INDQ11,0.1302,8.4532,-10.3672,278,nget_tx,335,334,400,132,,
276,INDQ41,INDQ11,0.1303,7.8698,-0.4285,278,nget_tx,335,334,400,132,,
277,INDQ41,INDQ11,0.1278,8.0061,-0.2276,256,nget_tx,335,334,400,132,,
278,INDQ41,INDQ11,0.1471,8.4008,-0.1719,254,nget_tx,335,334,400,132,,
279,IROA21,IROA11,0.1221,8.0467,-0.0391,279,nget_tx,336,339,275,132,,
280,IROA21,IROA11,0.1366,8.0648,-0.0471,279,nget_tx,336,339,275,132,,
281,IROA21,IROA12,0.1053,8.0652,-0.0304,217,nget_tx,336,337,275,132,,
282,IROA21,IROA12,0.1685,7.8148,-1.385,210,nget_tx,336,337,275,132,,
283,IROA21,IROA13,0.1266,8.6449,-1.9406,250,nget_tx,336,338,275,132,,
284,IROA21,IROA13,0.1685,7.8148,-1.385,210,nget_tx,336,338,275,132,,
285,IRON41,IRON11,0.1557,8.3736,-0.4146,278,nget_tx,342,341,400,132,,
286,IRON41,IRON12,0.1557,8.3736,-0.4146,277,nget_tx,342,340,400,132,,
287,IRON41,IRON13,0.1372,8.0197,-0.1238,278,nget_tx,342,343,400,132,,
288,IVER21,IVER11,0.1366,8.0648,-0.0471,279,nget_tx,349,347,275,132,,
289,IVER21,IVER11,0.1221,8.0467,-0.0391,279,nget_tx,349,347,275,132,,
290,IVER21,IVER11,0.1366,8.0648,-0.0471,265,nget_tx,349,347,275,132,,
291,IVER21,IVER61,0.2856,11.1999,-2.5672,153,nget_tx,349,345,275,66,,
292,IVER21,IVER61,0.3931,16.4953,-2.1281,125,nget_tx,349,345,275,66,,
293,IVER21,IVER61,0.3931,16.4953,-2.1281,125,nget_tx,349,345,275,66,,
294,IVER22,IVER11,0.1366,8.0648,-0.0471,279,nget_tx,350,347,275,132,,
295,IVER22,IVER61,0.2856,11.1999,-2.5672,153,nget_tx,350,345,275,66,,
296,IVER4A,IVER21,0.0176,1.5828,-0.1018,1135,nget_tx,346,349,400,275,,
297,IVER4B,IVER21,0.0326,2.3798,-3.9003,500,nget_tx,348,349,400,275,,
298,IVER4B,IVER2A,0.0132,1.4627,-2.0624,841,nget_tx,348,351,400,275,,
299,JORD21,JORD31,0.593,20.7915,-0.122,110,nget_tx,353,352,275,33,,
300,JORD21,JORD31,0.593,20.7915,-0.122,110,nget_tx,353,352,275,33,,
301,KEAD41,KEAD11,0.1621,8.0984,-0.0747,256,nget_tx,355,360,400,132,,
302,KEAD41,KEAD11,0.1302,8.4532,-10.3672,240,nget_tx,355,360,400,132,,
303,KEAD42,KEAD11,0.1118,8.3874,-0.0906,278,nget_tx,361,360,400,132,,
304,KEAD4C,KEAD41,0.0002,0.4178,0.0,2750,nget_tx,356,355,400,400,,
305,KEAD4D,KEAD41,0.0002,0.2873,0.0,2750,nget_tx,358,355,400,400,,
306,KEAR21,KEAR11,0.1266,8.6449,-1.9406,278,nget_tx,363,365,275,132,,
307,KEAR21,KEAR11,0.1266,8.6449,-1.9406,278,nget_tx,363,365,275,132,,
308,KEAR21,KEAR11,0.1266,8.6449,-1.9406,278,nget_tx,363,365,275,132,,
309,KEAR21,KEAR11,0.1041,8.1035,-0.0269,257,nget_tx,363,365,275,132,,
310,KEAR21,KEAR31,0.4848,24.6692,-0.018,96,nget_tx,363,362,275,33,,
311,KEAR21,KEAR31,0.4848,24.6692,-0.018,96,nget_tx,363,362,275,33,,
312,KEAR41,KEAR21,0.0117,1.591,-4.4806,1098,nget_tx,364,363,400,275,,
313,KEAR41,KEAR21,0.0175,1.5879,-4.0069,1000,nget_tx,364,363,400,275,,
314,KEMS41,KEMS11,0.1658,8.426,-0.2939,268,nget_tx,368,369,400,132,,
315,KEMS41,KEMS11,0.1139,8.1036,-2.059,264,nget_tx,368,369,400,132,,
316,KEMS41,KEMS4A,0.0071,0.2875,0.0,2750,nget_tx,368,367,400,400,,
317,KEMS41,KEMS4B,0.0071,0.2875,0.0,2750,nget_tx,368,366,400,400,,
318,KEMS41,SHEE11,0.1621,8.0984,-0.0747,236,nget_tx,368,624,400,132,,
319,KIBY21,KIBY11,0.1221,8.0467,-0.0391,279,nget_tx,375,374,275,132,,
320,KIBY21,KIBY11,0.1221,8.0467,-0.0391,279,nget_tx,375,374,275,132,,
321,KIBY21,KIBY11,0.1392,8.4361,-0.781,279,nget_tx,375,374,275,132,,
322,KIBY21,KIBY11,0.1594,8.6081,-0.2215,261,nget_tx,375,374,275,132,,
323,KIBY21,KIBY11,0.1681,8.3396,-1.4878,211,nget_tx,375,374,275,132,,
324,KINO41,KINO11,0.1301,7.8864,-0.5157,278,nget_tx,373,372,400,132,,
325,KINO41,KINO11,0.1758,8.1226,-0.2746,269,nget_tx,373,372,400,132,,
326,KIRK21,KIRK11,0.1366,8.0648,-0.0471,279,nget_tx,377,376,275,132,,
327,KIRK21,KIRK11,0.1575,8.0988,-0.027,266,nget_tx,377,376,275,132,,
328,KIRK21,KIRK11,0.1147,8.673,-0.0358,264,nget_tx,377,376,275,132,,
329,KIRK21,KIRK2A,0.002,0.9802,0.0,760,nget_tx,377,378,275,275,,
330,KITW21,KITW11,0.1688,8.3316,-1.1711,279,nget_tx,380,379,275,132,,
331,KITW21,KITW11,0.1688,8.3316,-1.1711,279,nget_tx,380,379,275,132,,
332,KITW21,KITW11,0.1688,8.3316,-1.1711,279,nget_tx,380,379,275,132,,
333,KITW21,KITW11,0.1688,8.3316,-1.1711,279,nget_tx,380,379,275,132,,
334,KNAR21,KNAR11,0.1441,8.6238,-0.2707,240,nget_tx,381,382,275,132,,
335,KNAR21,KNAR11,0.1441,8.6238,-0.2707,240,nget_tx,381,382,275,132,,
336,LACK21,GRTO61,0.262,16.5813,-0.4096,133,nget_tx,387,266,275,66,,
337,LACK21,GRTO61,0.262,16.5813,-0.4096,133,nget_tx,387,266,275,66,,
338,LACK21,LACK61,0.3726,16.7215,-0.6945,128,nget_tx,387,383,275,66,,
339,LACK21,LACK61,0.4736,16.5344,-0.54,126,nget_tx,387,383,275,66,,
340,LACK21,LACK61,0.3726,16.7215,-0.6945,126,nget_tx,387,383,275,66,,
341,LACK41,LACK21,0.0174,1.598,-0.1503,1154,nget_tx,386,387,400,275,,
342,LACK41,LACK21,0.0175,1.5879,-4.0069,1100,nget_tx,386,387,400,275,,
343,LACK41,LACK2A,0.0152,1.6463,-0.1118,1185,nget_tx,386,388,400,275,,
344,LACK41,LACK2B,0.0182,1.5763,-0.0904,1210,nget_tx,386,384,400,275,,
345,LALE21,LALE11,0.1266,8.6449,-1.9406,278,nget_tx,389,390,275,132,,
346,LALE21,LALE11,0.1266,8.6449,-1.9406,278,nget_tx,389,390,275,132,,
347,LALE21,LALE11,0.1954,8.0796,-0.2295,201,nget_tx,389,390,275,132,,
348,LALE21,LALE11,0.196,8.3446,-0.7059,200,nget_tx,389,390,275,132,,
349,LAND41,LAND11,0.1372,8.0197,-0.1238,278,nget_tx,392,393,400,132,,
350,LAND41,LAND11,0.148,7.4973,-0.3849,278,nget_tx,392,393,400,132,,
351,LAND42,LAND11,0.1057,7.9352,-0.339,263,nget_tx,394,393,400,132,,
352,LEGA41,LEGA11,0.1372,8.0197,-0.1238,278,nget_tx,397,399,400,132,,
353,LEGA41,LEGA11,0.1372,8.0197,-0.1238,278,nget_tx,397,399,400,132,,
354,LEGA41,LEGA11,0.1175,8.6648,-0.4173,263,nget_tx,397,399,400,132,,
355,LEGA41,LEGA11,0.1303,7.8698,-0.4285,240,nget_tx,397,399,400,132,,
356,LEGA4A,LEGA41,0.001,0.35,0.0,2002,nget_tx,400,397,400,400,,
357,LEGA4B,LEGA41,0.001,0.35,0.0,2002,nget_tx,398,397,400,400,,
358,LEIS4A,LEIS11,0.1057,7.8601,-0.432,272,nget_tx,404,403,400,132,,
359,LISD21,LISD11,0.1221,8.0467,-0.0391,279,nget_tx,406,405,275,132,,
360,LISD21,LISD11,0.1441,8.6238,-0.2707,266,nget_tx,406,405,275,132,,
361,LISD21,LISD11,0.1441,8.6238,-0.2707,266,nget_tx,406,405,275,132,,
362,LISD21,LISD11,0.1266,8.6449,-1.9406,262,nget_tx,406,405,275,132,,
363,LITT41,LITT11,0.0997,8.0088,-0.093,267,nget_tx,412,413,400,132,,
364,LITT41,LITT11,0.1621,8.0984,-0.0747,253,nget_tx,412,413,400,132,,
365,LITT41,LITT11,0.103,7.9231,-0.0638,240,nget_tx,412,413,400,132,,
366,LITT41,LITT2A,0.014,2.6567,-0.1528,1028,nget_tx,412,414,400,275,,
367,LITT41,LITT2B,0.014,2.6567,-0.1528,1028,nget_tx,412,415,400,275,,
368,LOVE41,LOVE11,0.1303,7.8698,-0.4285,278,nget_tx,421,422,400,132,,
369,LOVE41,LOVE11,0.1042,7.831,0.0,240,nget_tx,421,422,400,132,,
370,LOVE41,LOVE12,0.1758,8.1226,-0.2746,274,nget_tx,421,420,400,132,,
371,LOVE41,LOVE12,0.1847,8.1296,-0.2979,269,nget_tx,421,420,400,132,,
372,MACC21,MACC31,0.688,24.5904,-0.1031,113,nget_tx,424,426,275,33,,
373,MACC21,MACC31,0.688,24.5904,-0.1031,113,nget_tx,424,426,275,33,,
374,MACC41,MACC21,0.018,1.6146,-1.5533,884,nget_tx,425,424,400,275,,
375,MAGA21,GRAN61,0.1642,10.921,-0.0326,207,nget_tx,430,265,275,66,,
376,MAGA21,GRAN61,0.1757,10.5541,-0.0326,205,nget_tx,430,265,275,66,,
377,MANN41,MANN11,0.1759,7.9134,-0.267,279,nget_tx,428,427,400,132,,
378,MANN41,MANN11,0.1758,8.1226,-0.2746,272,nget_tx,428,427,400,132,,
379,MANN41,MANN11,0.1758,8.1226,-0.2746,272,nget_tx,428,427,400,132,,
380,MANN41,MANN11,0.1326,8.774,-0.7141,259,nget_tx,428,427,400,132,,
381,MANN41,MANN11,0.1303,7.8698,-0.4285,278,nget_tx,428,427,400,132,,
382,MELK41,MELK11,0.1184,8.3643,-0.0435,278,nget_tx,438,441,400,132,,
383,MELK41,MELK11,0.1184,8.3643,-0.0435,278,nget_tx,438,441,400,132,,
384,MELK41,MELK11,0.1184,8.3643,-0.0435,278,nget_tx,438,441,400,132,,
385,MELK41,MELK11,0.1041,7.8535,-0.0851,240,nget_tx,438,441,400,132,,
386,MELK41,MELK2A,0.017,1.6132,-5.1203,750,nget_tx,438,439,400,275,,
387,MELK41,MELK2B,0.0,1.692,0.0,886,nget_tx,438,440,400,275,,
388,MILH2A,MILH11,0.1266,8.6449,-1.9406,264,nget_tx,447,449,275,132,,
389,MILH2A,MILH11,0.179,8.3648,-4.7616,211,nget_tx,447,449,275,132,,
390,MILH2B,MILH12,0.179,8.3648,-4.7616,199,nget_tx,450,448,275,132,,
391,MITY41,MITY11,0.1139,8.1036,-2.059,263,nget_tx,454,455,400,132,,
392,MITY41,MITY11,0.122,8.1963,-0.2446,240,nget_tx,454,455,400,132,,
393,MITY41,MITY12,0.1057,7.9352,-0.339,263,nget_tx,454,453,400,132,,
394,MITY41,MITY12,0.137,7.9818,-0.1471,240,nget_tx,454,453,400,132,,
395,MONF41,MONF21,0.0181,1.6409,-0.1418,1100,nget_tx,456,461,400,275,,
396,MONF41,MONF22,0.0181,1.6409,-0.1418,1100,nget_tx,456,457,400,275,,
397,MONF4A,MONF21,0.0176,1.5828,-0.1018,1138,nget_tx,459,461,400,275,,
398,NECH21,NECH11,0.1411,8.6331,-0.2264,270,nget_tx,463,465,275,132,,
399,NECH21,NECH11,0.1411,8.6331,-0.2264,269,nget_tx,463,465,275,132,,
400,NECH21,NECH12,0.1411,8.6331,-0.2264,272,nget_tx,463,464,275,132,,
401,NECH21,NECH12,0.1411,8.6331,-0.2264,267,nget_tx,463,464,275,132,,
402,NEEP21,NEEP31,0.5083,24.0899,-0.1921,120,nget_tx,471,469,275,33,,
403,NEEP21,NEEP31,0.5083,24.0899,-0.1921,120,nget_tx,471,469,275,33,,
404,NEEP4A,NEEP21,0.021,1.669,-12.6082,1100,nget_tx,470,471,400,275,,
405,NEWX21,NEWX11,0.1338,8.0531,-0.1824,279,nget_tx,478,477,275,132,,
406,NEWX21,NEWX11,0.1338,8.0531,-0.1824,279,nget_tx,478,477,275,132,,
407,NEWX21,NEWX11,0.1053,8.0451,-0.0277,240,nget_tx,478,477,275,132,,
408,NEWX21,NEWX61,0.2188,10.8367,-0.1908,180,nget_tx,478,472,275,66,,
409,NEWX21,NEWX61,0.3204,14.3298,-0.2424,180,nget_tx,478,472,275,66,,
410,NEWX21,NEWX62,0.2972,12.4333,-0.1533,209,nget_tx,478,475,275,66,,
411,NEWX21,NEWX62,0.1868,10.9484,-0.0207,180,nget_tx,478,475,275,66,,
412,NFLE41,NFLE11,0.139,8.0987,-0.1363,268,nget_tx,485,483,400,132,,
413,NFLE41,NFLE11,0.139,8.0987,-0.1363,261,nget_tx,485,483,400,132,,
414,NFLE41,NFLE12,0.139,8.0987,-0.1363,269,nget_tx,485,484,400,132,,
415,NFLE41,NFLE12,0.139,8.0987,-0.1363,260,nget_tx,485,484,400,132,,
416,NHYD2A,NHYD61,0.3062,11.0235,-0.4552,187,nget_tx,487,482,275,66,,
417,NHYD2B,NHYD61,0.2364,13.3312,-0.1908,187,nget_tx,486,482,275,66,,
418,NHYD2B,NHYD61,0.3062,11.0235,-0.4552,180,nget_tx,486,482,275,66,,
419,NINF41,NINF11,0.1303,7.8698,-0.4285,278,nget_tx,480,479,400,132,,
420,NINF41,NINF11,0.1658,8.4025,-1.5604,273,nget_tx,480,479,400,132,,
421,NINF41,NINF12,0.1658,8.4025,-1.5604,273,nget_tx,480,481,400,132,,
422,NINF41,NINF12,0.1509,7.9378,-0.9251,253,nget_tx,480,481,400,132,,
423,NORL2A,NORL31,0.545,19.7925,-0.1407,114,nget_tx,491,493,275,33,,
424,NORL2B,NORL31,0.545,19.7925,-0.1407,114,nget_tx,492,493,275,33,,
425,NORM41,NORM11,0.1264,8.4534,-0.357,277,nget_tx,497,495,400,132,,
426,NORM41,NORM11,0.1307,7.9515,-0.1098,240,nget_tx,497,495,400,132,,
427,NORM41,NORM12,0.1118,8.3874,-0.0906,278,nget_tx,497,498,400,132,,
428,NORM41,NORM1A,0.1509,7.9378,-0.9251,253,nget_tx,497,494,400,132,,
429,NORM41,NORM1B,0.1509,7.9378,-0.9251,267,nget_tx,497,496,400,132,,
430,NORT21,NORT11,0.1748,8.3565,-0.2684,280,nget_tx,490,489,275,132,,
431,NORT21,NORT11,0.1594,8.6081,-0.2215,262,nget_tx,490,489,275,132,,
432,NORT21,NORT11,0.1594,8.6081,-0.2215,262,nget_tx,490,489,275,132,,
433,NORT21,NORT11,0.1748,8.3565,-0.2684,240,nget_tx,490,489,275,132,,
434,NORT41,NORT21,0.0186,1.5729,-7.729,1136,nget_tx,488,490,400,275,,
435,NORT41,NORT21,0.0117,1.591,-4.4806,1133,nget_tx,488,490,400,275,,
436,NURS41,NURS11,0.1471,8.4008,-0.1719,253,nget_tx,502,503,400,132,,
437,NURS41,NURS11,0.1471,8.4008,-0.1719,252,nget_tx,502,503,400,132,,
438,NURS4A,NURS11,0.103,7.9231,-0.0638,262,nget_tx,501,503,400,132,,
439,OCKH21,OCKH11,0.1221,8.0467,-0.0391,279,nget_tx,506,504,275,132,,
440,OCKH21,OCKH11,0.1221,8.0467,-0.0391,279,nget_tx,506,504,275,132,,
441,OCKH21,OCKH11,0.179,8.3648,-4.7616,202,nget_tx,506,504,275,132,,
442,OCKH21,OCKH2A,0.0104,0.867,-4.0354,760,nget_tx,506,505,275,275,,
443,OFFE21,OFFE31,0.5135,18.2228,-0.5477,100,nget_tx,508,507,275,33,,
444,OFFE21,OFFE32,0.5135,18.2228,-0.5477,115,nget_tx,508,509,275,33,,
445,OLDB21,OLDB11,0.1594,8.6081,-0.2215,261,nget_tx,511,512,275,132,,
446,OLDB21,OLDB11,0.1594,8.6081,-0.2215,261,nget_tx,511,512,275,132,,
447,OLDB4A,OLDB21,0.0146,1.609,-1.8746,1115,nget_tx,510,511,400,275,,
448,OSBA41,OSBA11,0.103,7.9231,-0.0638,269,nget_tx,517,515,400,132,,
449,OSBA41,OSBA11,0.103,7.9231,-0.0638,269,nget_tx,517,515,400,132,,
450,OSBA42,OSBA11,0.1372,8.0197,-0.1238,278,nget_tx,516,515,400,132,,
451,PADI41,PADI11,0.1373,8.1976,-0.1719,274,nget_tx,521,522,400,132,,
452,PADI41,PADI11,0.1051,7.8585,-0.0834,240,nget_tx,521,522,400,132,,
453,PELH41,PELH11,0.1175,8.6648,-0.4173,264,nget_tx,526,525,400,132,,
454,PELH41,PELH12,0.1175,8.6648,-0.4173,264,nget_tx,526,527,400,132,,
455,PEMB41,PEMB11,0.1658,8.4025,-1.5604,276,nget_tx,530,531,400,132,,
456,PEMB41,PEMB11,0.1471,8.4008,-0.1719,275,nget_tx,530,531,400,132,,
457,PENN21,PENN11,0.1623,8.097,-1.5978,266,nget_tx,536,534,275,132,,
458,PENN21,PENN11,0.1441,8.6238,-0.2707,266,nget_tx,536,534,275,132,,
459,PENN21,PENN11,0.1623,8.097,-1.5978,266,nget_tx,536,534,275,132,,
460,PENN21,PENN11,0.1623,8.097,-1.5978,266,nget_tx,536,534,275,132,,
461,PENN4A,PENN21,0.0176,1.5828,-0.1018,1138,nget_tx,535,536,400,275,,
462,PENN4B,PENN21,0.0132,1.6756,-0.4337,1063,nget_tx,533,536,400,275,,
463,PENT41,PENT11,0.1471,8.4008,-0.1719,257,nget_tx,539,538,400,132,,
464,PENT41,PENT11,0.1621,8.0984,-0.0747,255,nget_tx,539,538,400,132,,
465,PEWO2A,PENW11,0.1594,8.6081,-0.2215,261,nget_tx,544,550,275,132,,
466,PEWO2B,PENW11,0.1594,8.6081,-0.2215,261,nget_tx,547,550,275,132,,
467,PEWO41,PENE11,0.1372,8.0197,-0.1238,265,nget_tx,543,549,400,132,,
468,PEWO41,PENE11,0.1372,8.0197,-0.1238,265,nget_tx,543,549,400,132,,
469,PEWO41,PENE11,0.1372,8.0197,-0.1238,265,nget_tx,543,549,400,132,,
470,PEWO41,PENW11,0.1311,7.9055,-0.1016,278,nget_tx,543,550,400,132,,
471,PEWO41,PEWO2A,0.0189,1.6132,-0.7226,1129,nget_tx,543,544,400,275,,
472,PEWO41,PEWO2A,0.0178,1.5995,-1.2431,845,nget_tx,543,544,400,275,,
473,PEWO41,PEWO2B,0.0175,1.5879,-4.0069,1139,nget_tx,543,547,400,275,,
474,PEWO41,PEWO2B,0.021,1.669,-12.6082,876,nget_tx,543,547,400,275,,
475,PEWO41,PEWO4A,0.0046,0.2858,-16.2245,2750,nget_tx,543,546,400,400,,
476,PEWO41,PEWO4B,0.0071,0.2875,-16.2245,2750,nget_tx,543,548,400,400,,
477,PITS21,PITS31,0.4975,20.4439,-0.2606,110,nget_tx,551,552,275,33,,
478,PITS21,PITS31,0.4975,20.4439,-0.2606,110,nget_tx,551,552,275,33,,
479,PITS21,PITS32,0.2998,20.1311,-0.3705,120,nget_tx,551,553,275,33,,
480,PITS21,PITS32,0.2998,20.1311,-0.3705,120,nget_tx,551,553,275,33,,
481,POPP21,POPP31,0.4905,24.145,-0.1894,110,nget_tx,555,556,275,33,,
482,POPP21,POPP31,0.2731,30.5821,-0.0312,110,nget_tx,555,556,275,33,,
483,PYLE21,PYLE11,0.1366,8.0648,-0.0471,279,nget_tx,560,559,275,132,,
484,PYLE21,PYLE11,0.2009,8.1596,-0.5003,211,nget_tx,560,559,275,132,,
485,RAIN21,RAIN11,0.1927,8.5256,-0.5357,211,nget_tx,564,565,275,132,,
486,RAIN21,RAIN11,0.1927,8.5256,-0.5357,211,nget_tx,564,565,275,132,,
487,RAIN21,RAIN12,0.1927,8.5256,-0.5357,211,nget_tx,564,563,275,132,,
488,RAIN21,RAIN12,0.1927,8.5256,-0.5357,211,nget_tx,564,563,275,132,,
489,RASS41,RASS11,0.0996,8.0568,-1.1981,273,nget_tx,567,566,400,132,,
490,RASS41,RASS11,0.0996,8.0568,-1.1981,270,nget_tx,567,566,400,132,,
491,RATS41,RATS11,0.1042,7.841,-0.0895,240,nget_tx,571,569,400,132,,
492,RATS41,RATS11,0.1047,8.2285,-0.0886,240,nget_tx,571,569,400,132,,
493,RATS41,RATS12,0.1373,8.1976,-0.1719,278,nget_tx,571,568,400,132,,
494,RATS41,RATS12,0.1278,8.0061,-0.2276,277,nget_tx,571,568,400,132,,
495,RATS41,RATS2A,0.0146,1.609,-1.8746,1125,nget_tx,571,570,400,275,,
496,RAYL41,RAYM11,0.1303,7.8698,-0.4285,278,nget_tx,572,573,400,132,,
497,RAYL41,RAYM11,0.1309,7.8656,-0.4549,262,nget_tx,572,573,400,132,,
498,RAYL41,RAYM11,0.1045,7.8618,-0.0882,240,nget_tx,572,573,400,132,,
499,RAYL41,RAYM11,0.1759,7.9134,-0.267,240,nget_tx,572,573,400,132,,
500,REBR21,REBR32,0.665,28.1922,-0.151,111,nget_tx,575,574,275,33,,
501,REBR22,REBR31,0.3375,30.6481,-0.1769,132,nget_tx,577,576,275,33,,
502,REBR22,REBR31,0.665,28.1922,-0.151,112,nget_tx,577,576,275,33,,
503,RICH41,RICH11,0.1186,7.8741,-0.3958,240,nget_tx,580,579,400,132,,
504,RICH41,RICH11,0.1181,7.9033,-0.3958,240,nget_tx,580,579,400,132,,
505,ROCH21,ROCH11,0.1183,8.3927,-0.0783,278,nget_tx,581,584,275,132,,
506,ROCH21,ROCH11,0.1183,8.3927,-0.0783,240,nget_tx,581,584,275,132,,
507,ROCH21,ROCH11,0.1183,8.3927,-0.0783,240,nget_tx,581,584,275,132,,
508,ROCH21,ROCH12,0.1183,8.3927,-0.2368,240,nget_tx,581,583,275,132,,
509,ROCH4A,ROCH21,0.0098,1.5863,-0.0631,1100,nget_tx,582,581,400,275,,
510,ROCK41,ROCK1A,0.054,4.8906,-0.1253,460,nget_tx,586,585,400,132,,
511,RUGE41,RUGE11,0.1139,8.1036,-2.059,267,nget_tx,591,592,400,132,,
512,RUGE41,RUGE11,0.1139,8.1036,-2.059,267,nget_tx,591,592,400,132,,
513,RYEH41,RYEH13,0.1372,8.0197,-0.1238,253,nget_tx,593,594,400,132,,
514,RYEH42,RYEH12,0.1055,8.2414,-0.0848,260,nget_tx,596,595,400,132,,
515,RYEH43,RYEH11,0.1326,8.774,-0.7141,260,nget_tx,598,599,400,132,,
516,SAEN21,SAEN11,0.1531,8.6564,-0.0254,211,nget_tx,604,603,275,132,,
517,SAEN21,SAEN11,0.1531,8.6564,-0.0254,211,nget_tx,604,603,275,132,,
518,SALH21,SALH11,0.1392,8.4361,-0.781,240,nget_tx,609,607,275,132,,
519,SALH21,SALH11,0.1392,8.4361,-0.781,240,nget_tx,609,607,275,132,,
520,SEAB41,SEAB11,0.1303,7.8698,-0.4285,256,nget_tx,614,613,400,132,,
521,SEAB41,SEAB11,0.1303,7.8698,-0.4285,256,nget_tx,614,613,400,132,,
522,SELL4A,SELL11,0.0996,8.0568,-1.1981,275,nget_tx,620,619,400,132,,
523,SELL4A,SELL11,0.0996,8.0568,-1.1981,273,nget_tx,620,619,400,132,,
524,SELL4A,SELL12,0.103,7.9231,-0.0638,270,nget_tx,620,617,400,132,,
525,SELL4A,SELL13,0.1621,8.0984,-0.0747,256,nget_tx,620,616,400,132,,
526,SHEC21,SHEC31,0.593,20.7915,-0.122,115,nget_tx,625,626,275,33,,
527,SHEC21,SHEC31,0.593,20.7915,-0.122,114,nget_tx,625,626,275,33,,
528,SHRE4B,SHRE11,0.1057,7.9352,-0.339,240,nget_tx,628,629,400,132,,
529,SIZE41,SIZE11,0.103,7.9231,-0.0638,267,nget_tx,634,632,400,132,,
530,SIZE41,SIZE12,0.103,7.9231,-0.0638,268,nget_tx,634,633,400,132,,
531,SIZE41,SIZE1A,0.103,7.9231,-0.0638,268,nget_tx,634,636,400,132,,
532,SIZE41,SIZE1B,0.103,7.9231,-0.0638,269,nget_tx,634,635,400,132,,
533,SJOW21,LODR61,0.3062,11.0235,-0.4552,198,nget_tx,652,417,275,66,,
534,SJOW21,SJOW13,0.167,7.9774,-0.2092,249,nget_tx,652,653,275,132,,
535,SJOW41,LODR61,0.1529,12.1324,-0.0623,273,nget_tx,651,417,400,66,,
536,SJOW41,LODR61,0.1403,12.3367,-0.6356,240,nget_tx,651,417,400,66,,
537,SJOW41,LODR62,0.1307,7.9515,-0.1098,240,nget_tx,651,416,400,66,,
538,SJOW41,LODR62,0.1455,13.3242,-0.0759,240,nget_tx,651,416,400,66,,
539,SJOW41,SJOW11,0.1229,8.3873,-0.1147,270,nget_tx,651,655,400,132,,
540,SJOW41,SJOW11,0.1229,8.3873,-0.1147,240,nget_tx,651,655,400,132,,
541,SJOW41,SJOW12,0.1229,8.3873,-0.1147,240,nget_tx,651,654,400,132,,
542,SJOW41,SJOW12,0.1229,8.3873,-0.1147,240,nget_tx,651,654,400,132,,
543,SJOW41,SJOW13,0.1055,8.1881,-0.0865,240,nget_tx,651,653,400,132,,
544,SJOW41,SJOW21,0.0224,2.5703,-0.5831,804,nget_tx,651,652,400,275,,
545,SKLG21,SKLG11,0.1264,8.6657,-0.0342,278,nget_tx,638,637,275,132,,
546,SKLG21,SKLG11,0.1264,8.6657,-0.0342,270,nget_tx,638,637,275,132,,
547,SKLG21,SKLG11,0.1147,8.673,-0.0358,264,nget_tx,638,637,275,132,,
548,SKLG21,SKLG11,0.1147,8.673,-0.0358,264,nget_tx,638,637,275,132,,
549,SMAN21,SMAN11,0.1052,8.2077,-0.6621,279,nget_tx,642,641,275,132,,
550,SMAN21,SMAN11,0.1441,8.6238,-0.2707,266,nget_tx,642,641,275,132,,
551,SMAN21,SMAN12,0.1221,8.0467,-0.0391,279,nget_tx,642,640,275,132,,
552,SMAN21,SMAN12,0.1441,8.6238,-0.2707,266,nget_tx,642,640,275,132,,
553,SPEN41,SPEN11,0.1293,7.8614,-0.537,278,nget_tx,648,649,400,132,,
554,SPEN41,SPEN11,0.1305,7.8823,-0.5369,278,nget_tx,648,649,400,132,,
555,SPEN42,SPEN11,0.1315,7.8822,-0.5369,278,nget_tx,647,649,400,132,,
556,SSHI22,SSHI31,0.4975,20.4439,-0.2606,110,nget_tx,644,643,275,33,,
557,SSHI22,SSHI31,0.4975,20.4439,-0.2606,110,nget_tx,644,643,275,33,,
558,STAH4A,STAH11,0.122,8.1963,-0.2446,240,nget_tx,660,661,400,132,,
559,STAH4B,STAH11,0.1046,7.8493,-0.0881,240,nget_tx,662,661,400,132,,
560,STAL21,STAL11,0.2188,8.097,-1.9861,280,nget_tx,659,656,275,132,,
561,STAL21,STAL11,0.1221,8.0467,-0.0391,279,nget_tx,659,656,275,132,,
562,STAL21,STAL11,0.1681,8.3396,-1.4878,198,nget_tx,659,656,275,132,,
563,STAL21,STAL11,0.1954,8.0796,-0.2295,189,nget_tx,659,656,275,132,,
564,STAL4A,STAL21,0.0146,1.609,-1.8746,1117,nget_tx,657,659,400,275,,
565,STAY41,STAY4A,0.0002,0.4178,-13.831,2750,nget_tx,663,664,400,400,,
566,STAY41,STYC11,0.103,7.9231,-0.0638,266,nget_tx,663,666,400,132,,
567,STAY41,STYC12,0.1046,7.8493,-0.0881,271,nget_tx,663,665,400,132,,
568,STEW21,STEN11,0.3392,11.9012,-0.7294,179,nget_tx,670,667,275,132,,
569,STEW21,STEN11,0.3328,11.6619,-0.9523,138,nget_tx,670,667,275,132,,
570,STEW21,STEN11,0.3328,11.6619,-0.9523,137,nget_tx,670,667,275,132,,
571,STEW21,STES11,0.1366,8.0648,-0.0471,274,nget_tx,670,668,275,132,,
572,STEW21,STES11,0.3328,11.6619,-0.9523,137,nget_tx,670,668,275,132,,
573,STEW21,STES11,0.3328,11.6619,-0.9523,137,nget_tx,670,668,275,132,,
574,STEW41,STEW21,0.0211,1.6463,-14.2471,1172,nget_tx,669,670,400,275,,
575,STEW41,STEW21,0.0107,1.5596,-0.0734,1165,nget_tx,669,670,400,275,,
576,STOB41,STOB11,0.1307,7.9515,-0.1098,240,nget_tx,675,676,400,132,,
577,STOB41,STOB11,0.1307,7.9515,-0.1098,240,nget_tx,675,676,400,132,,
578,STSB4B,STSB4A,0.0003,0.1825,0.0,1999,nget_tx,673,674,400,400,,
579,SUND41,SUND11,0.1303,7.8698,-0.4285,278,nget_tx,678,679,400,132,,
580,SUND41,SUND11,0.1675,8.2453,-0.6567,252,nget_tx,678,679,400,132,,
581,SUND41,SUND31,0.2262,15.019,-0.0538,150,nget_tx,678,677,400,33,,
582,SUND42,SUND11,0.1675,8.2453,-0.6567,254,nget_tx,680,679,400,132,,
583,SUND42,SUND11,0.1675,8.2453,-0.6567,250,nget_tx,680,679,400,132,,
584,SWAN22,SWAN11,0.1646,8.0383,-0.1808,211,nget_tx,684,688,275,132,,
585,SWAN22,SWAN11,0.1923,8.2361,-0.4425,211,nget_tx,684,688,275,132,,
586,SWAN41,SWAN11,0.1303,7.8698,-0.4285,256,nget_tx,687,688,400,132,,
587,SWAN41,SWAN12,0.1303,7.8698,-0.4285,240,nget_tx,687,685,400,132,,
588,SWAN41,SWAN21,0.0182,1.5763,-0.0904,1210,nget_tx,687,681,400,275,,
589,SWAN4A,SWAN22,0.0178,1.5995,-1.2431,851,nget_tx,682,684,400,275,,
590,SWAN4B,SWAN12,0.1307,7.9515,-0.1098,240,nget_tx,683,685,400,132,,
591,TAUN41,TAUN11,0.1049,8.1792,-0.1104,240,nget_tx,691,693,400,132,,
592,TAUN42,TAUN11,0.1459,8.045,-0.2605,279,nget_tx,692,693,400,132,,
593,TEMP21,TEMP31,0.7076,26.5771,-0.0784,76,nget_tx,696,694,275,33,,
594,TEMP22,TEMP31,0.7076,26.5771,-0.0784,76,nget_tx,695,694,275,33,,
595,THOM21,THOM61,0.3985,16.203,-0.4431,122,nget_tx,703,704,275,66,,
596,THOM41,THOM21,0.0189,1.6132,-0.7226,879,nget_tx,701,703,400,275,,
597,THOM41,THOM21,0.0185,1.614,-0.5638,879,nget_tx,701,703,400,275,,
598,THOM42,THOM2A,0.0152,1.6463,-0.1118,1100,nget_tx,705,702,400,275,,
599,THOM42,THOM61,0.1844,13.1765,-0.0474,180,nget_tx,705,704,400,66,,
600,THUR21,THUR61,0.2288,10.3241,-0.0437,209,nget_tx,706,707,275,66,,
601,THUR21,THUR61,0.2288,10.3241,-0.0437,209,nget_tx,706,707,275,66,,
602,THUR21,THUR61,0.1699,10.8431,-0.0403,180,nget_tx,706,707,275,66,,
603,TILB21,TILB11,0.1004,8.1994,-0.2371,240,nget_tx,709,712,275,132,,
604,TILB21,TILB12,0.1,8.0952,-0.2374,240,nget_tx,709,718,275,132,,
605,TILB41,TILB13,0.1307,7.9515,-0.1098,240,nget_tx,713,715,400,132,,
606,TILB41,TILB14,0.1303,7.8698,-0.4285,278,nget_tx,713,719,400,132,,
607,TILB4A,TILB21,0.0376,2.1949,-10.6848,1153,nget_tx,710,709,400,275,,
608,TILB4B,TILB21,0.0117,1.591,-4.4806,1102,nget_tx,711,709,400,275,,
609,TINP21,TINP31,0.4758,20.0944,-0.4489,111,nget_tx,723,721,275,33,,
610,TINP21,TINP32,0.5083,24.0899,-0.1921,135,nget_tx,723,720,275,33,,
611,TINP22,TINP31,0.4758,20.0944,-0.4489,111,nget_tx,722,721,275,33,,
612,TINP22,TINP32,0.5083,24.0899,-0.1921,172,nget_tx,722,720,275,33,,
613,TODP21,TODP61,0.3931,16.4953,-2.1281,139,nget_tx,724,725,275,66,,
614,TODP21,TODP61,0.459,16.6187,-0.1963,101,nget_tx,724,725,275,66,,
615,TOTT21,TOTT11,0.1266,8.6449,-1.9406,265,nget_tx,727,730,275,132,,
616,TOTT22,TOTT11,0.1266,8.6449,-1.9406,265,nget_tx,731,730,275,132,,
617,TOTT23,TOTT12,0.1688,8.3316,-1.1711,265,nget_tx,729,728,275,132,,
618,TOTT24,TOTT12,0.179,8.3648,-4.7616,198,nget_tx,733,728,275,132,,
619,TRAW21,TRAW11,0.0937,8.437,-0.1095,150,nget_tx,735,734,275,132,,
620,TRAW41,TRAW21,0.0132,1.6756,-0.4337,966,nget_tx,736,735,400,275,,
621,TRAW41,TRAW21,0.021,1.669,-12.6082,888,nget_tx,736,735,400,275,,
622,TREM21,TREM31,0.4636,17.894,-0.1238,116,nget_tx,738,737,275,33,,
623,TREM21,TREM31,0.593,20.7915,-0.122,115,nget_tx,738,737,275,33,,
624,TYNE21,TYNE11,0.1221,8.0467,-0.0391,279,nget_tx,747,748,275,132,,
625,TYNE21,TYNE11,0.1411,8.6331,-0.2264,267,nget_tx,747,748,275,132,,
626,TYNE21,TYNE51,1.2306,53.1493,-0.0143,44,nget_tx,747,746,275,11,,
627,TYNE2A,TYNE51,1.2306,53.1493,-0.0143,44,nget_tx,745,746,275,11,,
628,UPPB21,UPPB31,0.5107,17.9527,-0.2251,105,nget_tx,751,750,275,33,,
629,UPPB21,UPPB31,0.4636,17.894,-0.1238,105,nget_tx,751,750,275,33,,
630,UPPB22,UPPB11,0.0979,8.4411,-0.0271,262,nget_tx,752,749,275,132,,
631,UPPB22,UPPB11,0.097,8.457,-0.0263,222,nget_tx,752,749,275,132,,
632,USKM21,ALST31,0.5135,18.2228,-0.5477,116,nget_tx,754,11,275,33,,
633,USKM21,ALST32,0.5107,17.9527,-0.2251,116,nget_tx,754,12,275,33,,
634,USKM21,USKM11,0.1221,8.0467,-0.0391,312,nget_tx,754,755,275,132,,
635,USKM21,USKM11,0.1221,8.0467,-0.0391,263,nget_tx,754,755,275,132,,
636,USKM21,USKM12,0.1221,8.0467,-0.0391,263,nget_tx,754,753,275,132,,
637,WALH41,PORH11,0.103,7.9231,-0.0638,266,nget_tx,758,557,400,132,,
638,WALH41,PORH11,0.1471,8.4008,-0.1719,253,nget_tx,758,557,400,132,,
639,WALH41,PORH11,0.1036,7.8597,-0.0784,240,nget_tx,758,557,400,132,,
640,WALH41,PORH11,0.1372,8.0197,-0.1238,240,nget_tx,758,557,400,132,,
641,WALP41,WALP11,0.1042,7.891,-0.4318,274,nget_tx,760,759,400,132,,
642,WALP41,WALP11,0.1304,7.9364,-0.479,278,nget_tx,760,759,400,132,,
643,WALP41,WALP11,0.1509,8.2849,-0.3279,275,nget_tx,760,759,400,132,,
644,WALP41,WALP11,0.1621,8.0984,-0.0747,275,nget_tx,760,759,400,132,,
645,WALP41,WALP11,0.1759,7.9134,-0.4285,274,nget_tx,760,759,400,132,,
646,WARL21,WARL11,0.1266,8.6449,-1.9406,278,nget_tx,769,768,275,132,,
647,WARL21,WARL11,0.1266,8.6449,-1.9406,278,nget_tx,769,768,275,132,,
648,WARL21,WARL11,0.1266,8.6449,-1.9406,264,nget_tx,769,768,275,132,,
649,WASF2A,WASF1A,0.197,7.9698,-0.2553,207,nget_tx,770,772,275,132,,
650,WASF2B,WASF1B,0.197,7.9698,-0.2553,207,nget_tx,773,771,275,132,,
651,WATS21,WATS11,0.1382,8.1742,-0.1786,279,nget_tx,776,777,275,132,,
652,WATS21,WATS12,0.3567,11.136,-0.7303,127,nget_tx,776,775,275,132,,
653,WATS21,WATS12,0.3567,11.136,-0.7303,126,nget_tx,776,775,275,132,,
654,WATS22,WATS11,0.1392,8.4361,-0.781,266,nget_tx,774,777,275,132,,
655,WATS22,WATS11,0.1923,8.081,-1.4418,189,nget_tx,774,777,275,132,,
656,WBOL21,WBOL61,0.1809,10.9763,-0.023,180,nget_tx,780,779,275,66,,
657,WBOL21,WBOL61,0.4736,16.5344,-0.54,134,nget_tx,780,779,275,66,,
658,WBOL21,WBOL61,0.3726,16.7215,-0.6945,127,nget_tx,780,779,275,66,,
659,WBOL21,WBOL61,0.3726,16.7215,-0.6945,127,nget_tx,780,779,275,66,,
660,WBUR42,WBUR11,0.1175,8.6648,-0.4173,263,nget_tx,783,782,400,132,,
661,WBUR42,WBUR12,0.1175,8.6648,-0.4173,265,nget_tx,783,784,400,132,,
662,WHAM41,WHAM11,0.103,7.9231,-0.0638,263,nget_tx,802,806,400,132,,
663,WHAM41,WHAM12,0.103,7.9231,-0.0638,271,nget_tx,802,803,400,132,,
664,WHAM41,WHAM12,0.1057,7.9352,-0.339,263,nget_tx,802,803,400,132,,
665,WHAM41,WHAM4A,0.001,0.35,0.0,2000,nget_tx,802,804,400,400,,
666,WHAM41,WHAM4B,0.001,0.35,0.0,2000,nget_tx,802,805,400,400,,
667,WHGA21,WHGA11,0.1623,8.097,-1.5978,279,nget_tx,809,810,275,132,,
668,WHGA21,WHGA11,0.1623,8.097,-1.5978,279,nget_tx,809,810,275,132,,
669,WHGA21,WHGA11,0.1623,8.097,-1.5978,279,nget_tx,809,810,275,132,,
670,WHSO21,WHSO2A,0.005,0.463,0.0,750,nget_tx,818,815,275,275,,
671,WHSO21,WHSO31,0.5913,19.1375,-0.4269,100,nget_tx,818,817,275,33,,
672,WHSO21,WHSO31,0.5913,19.1375,-0.4269,100,nget_tx,818,817,275,33,,
673,WHSO21,WHSO32,0.5913,19.1375,-0.4269,100,nget_tx,818,812,275,33,,
674,WHSO22,WHSO2B,0.005,0.463,0.0,750,nget_tx,811,813,275,275,,
675,WHSO22,WHSO32,0.5913,19.0842,-0.4269,100,nget_tx,811,812,275,33,,
676,WHSO41,WHSO22,0.0185,1.614,-0.5638,886,nget_tx,816,811,400,275,,
677,WIBA21,WIBA31,0.6006,25.9931,-0.0335,114,nget_tx,841,842,275,33,,
678,WIBA21,WIBA31,0.6006,25.9931,-0.0335,114,nget_tx,841,842,275,33,,
679,WIEN2A,WIEN11,0.1,8.1202,-0.2373,240,nget_tx,821,819,275,132,,
680,WIEN2B,WIEN11,0.1366,8.0648,-0.0471,296,nget_tx,820,819,275,132,,
681,WILE41,WILL11,0.1046,7.8493,-0.0881,271,nget_tx,831,829,400,132,,
682,WILE41,WILL11,0.1303,7.8698,-0.4285,269,nget_tx,831,829,400,132,,
683,WILE41,WILL12,0.1035,8.3458,-0.0962,278,nget_tx,831,830,400,132,,
684,WILE41,WILL21,0.0268,2.7989,-0.3188,686,nget_tx,831,828,400,275,,
685,WILL21,WILL11,0.2847,12.2467,-1.4346,140,nget_tx,828,829,275,132,,
686,WILL21,WILL12,0.2847,12.2467,-1.4346,140,nget_tx,828,830,275,132,,
687,WILT2A,GRST61,0.3151,12.4456,-0.1391,207,nget_tx,832,270,275,66,,
688,WILT2B,GRST61,0.3151,12.4456,-0.1391,207,nget_tx,833,270,275,66,,
689,WILT2C,GRST61,0.2275,10.8456,-0.0697,198,nget_tx,834,270,275,66,,
690,WILT2D,GRST61,0.2972,12.4333,-0.1533,206,nget_tx,835,270,275,66,,
691,WIMB41,WIMB11,0.1366,7.753,-0.4285,240,nget_tx,836,839,400,132,,
692,WIMB41,WIMB11,0.1303,7.8698,-0.4285,240,nget_tx,836,839,400,132,,
693,WIMB41,WIMB11,0.1303,7.8698,-0.4285,240,nget_tx,836,839,400,132,,
694,WIMB41,WIMB11,0.1354,7.753,-0.4285,240,nget_tx,836,839,400,132,,
695,WIMB41,WIMB11,0.1303,7.8698,-0.4285,240,nget_tx,836,839,400,132,,
696,WIMB41,WIMB21,0.014,2.6567,-0.1528,950,nget_tx,836,837,400,275,,
697,WISD21,WISD11,0.1845,7.8956,-0.1938,240,nget_tx,822,827,275,132,,
698,WISD21,WISD11,0.167,7.9774,-0.2092,257,nget_tx,822,827,275,132,,
699,WISD21,WISD11,0.167,7.9774,-0.2092,240,nget_tx,822,827,275,132,,
700,WISD21,WISD11,0.0723,8.433,-0.2375,240,nget_tx,822,827,275,132,,
701,WISD21,WISD2A,0.002,0.6673,0.0,750,nget_tx,822,824,275,275,,
702,WISD21,WISD61,0.3204,14.3298,-0.2424,201,nget_tx,822,826,275,66,,
703,WISD21,WISD61,0.3204,14.3298,-0.2424,200,nget_tx,822,826,275,66,,
704,WISD21,WISD61,0.3204,14.3298,-0.2424,200,nget_tx,822,826,275,66,,
705,WISD41,WISD21,0.0152,1.6463,-0.1118,949,nget_tx,825,822,400,275,,
706,WISD42,WISD21,0.0152,1.6463,-0.1118,949,nget_tx,823,822,400,275,,
707,WMEL21,WMEL11,0.2264,12.2479,-0.6062,130,nget_tx,785,787,275,132,,
708,WMEL21,WMEL11,0.2264,12.2479,-0.6062,130,nget_tx,785,787,275,132,,
709,WMEL21,WMEL11,0.2264,12.2479,-0.6062,129,nget_tx,785,787,275,132,,
710,WMEL21,WMEL11,0.2264,12.2479,-0.6062,129,nget_tx,785,787,275,132,,
711,WMEL21,WMEL12,0.1492,8.2209,-0.7333,199,nget_tx,785,786,275,132,,
712,WMEL21,WMEL12,0.1492,8.2209,-0.7333,199,nget_tx,785,786,275,132,,
713,WMEL21,WMEL12,0.1923,8.2361,-0.4425,197,nget_tx,785,786,275,132,,
714,WTHU4A,WTHU31,0.5201,31.2457,-0.1063,100,nget_tx,793,792,400,33,,
715,WTHU4B,WTHU31,0.5201,31.2457,-0.1063,100,nget_tx,791,792,400,33,,
716,WWEY21,WWEY11,0.2188,8.097,-1.9861,280,nget_tx,797,800,275,132,,
717,WWEY21,WWEY12,0.1382,8.4614,-0.1786,250,nget_tx,797,795,275,132,,
718,WWEY22,WWEY12,0.1382,8.4489,-0.1786,240,nget_tx,799,795,275,132,,
719,WWEY4A,WWEY21,0.017,1.6132,-5.1203,750,nget_tx,796,797,400,275,,
720,WWEY4A,WWEY22,0.0185,1.614,-0.5638,886,nget_tx,796,799,400,275,,
721,WWEY4B,WWEY21,0.0178,1.5995,-1.2431,845,nget_tx,798,797,400,275,,
722,WWEY4B,WWEY2A,0.0178,1.5995,-1.2431,845,nget_tx,798,801,400,275,,
723,WYLF41,WYLF11,0.1509,8.2849,-0.3279,276,nget_tx,843,844,400,132,,
724,WYLF41,WYLF11,0.1509,8.2849,-0.3279,276,nget_tx,843,844,400,132,,
725,WYLF41,WYLF11,0.1229,8.3873,-0.1147,269,nget_tx,843,844,400,132,,
726,WYMO41,WYMO11,0.1303,7.8698,-0.4285,273,nget_tx,846,845,400,132,,
727,WYMO41,WYMO11,0.1509,8.2849,-0.3279,273,nget_tx,846,845,400,132,,
728,WYMO41,WYMO11,0.1509,8.2849,-0.3279,273,nget_tx,846,845,400,132,,
729,WYMO41,WYMO11,0.1303,7.8698,-0.4285,273,nget_tx,846,845,400,132,,
730,BARK22,BARK11,0.1183,8.3927,-0.2368,240,nget_tx_changes,24,25,275,132,2023.0,Addition
731,BRIN41,BRIN22,0.0133,1.5936,-1.2059,1100,nget_tx_changes,97,98,400,275,2023.0,Addition
732,BRWA4A,BRWA11,0.1047,8.2285,-0.0886,240,nget_tx_changes,85,81,400,132,2023.0,Addition
733,CITR41,CITR12,0.1132,8.2492,-0.1115,278,nget_tx_changes,151,149,400,132,2023.0,Addition
734,IVER4A,IVER22,0.0133,1.5936,-1.2059,1100,nget_tx_changes,346,350,400,275,2023.0,Addition
735,LALE21,LALE31,0.4848,24.6692,-0.018,120,nget_tx_changes,389,391,275,33,2023.0,Addition
736,LALE21,LALE31,0.4848,24.6692,-0.018,120,nget_tx_changes,389,391,275,33,2023.0,Addition
737,LHOR4A,LHOR11,0.1373,8.1976,-0.1719,240,nget_tx_changes,409,411,400,132,2023.0,Addition
738,LHOR4B,LHOR11,0.1307,7.9515,-0.1098,240,nget_tx_changes,410,411,400,132,2023.0,Addition
739,OLDB2A,OLDB11,0.1594,8.6081,-0.2215,261,nget_tx_changes,513,512,275,132,2023.0,Addition
740,SAFO41,SAFO11,0.1054,8.1656,-0.1095,240,nget_tx_changes,611,610,400,132,2023.0,Addition
741,SAFO41,SAFO11,0.1054,8.1606,-0.1098,240,nget_tx_changes,611,610,400,132,2023.0,Addition
742,TRAW21,TRAW11,0.1004,8.1994,-0.2371,240,nget_tx_changes,735,734,275,132,2023.0,Addition
743,WHAM41,WHAM11,0.1057,7.9352,-0.339,264,nget_tx_changes,802,806,400,132,2023.0,Addition
744,WWEY22,WWEY11,0.1007,8.1333,-0.2371,240,nget_tx_changes,799,800,275,132,2023.0,Addition
745,BRWA41,BRWA11,0.1047,8.2285,-0.0886,240,nget_tx_changes,87,81,400,132,2024.0,Addition
746,CITR41,CITR12,0.1132,8.2492,-0.1115,278,nget_tx_changes,151,149,400,132,2024.0,Addition
747,COVE21,COVE12,0.1004,8.1994,-0.2371,240,nget_tx_changes,162,161,275,132,2024.0,Addition
748,MILH21,MILH11,0.1004,8.1994,-0.2371,240,nget_tx_changes,451,449,275,132,2024.0,Addition
749,WIMB41,WIMB11,0.1303,7.8698,-0.4285,240,nget_tx_changes,836,839,400,132,2024.0,Addition
750,WIMB41,WIMB21,0.014,2.6567,-0.1528,950,nget_tx_changes,836,837,400,275,2024.0,Addition
751,BENR41,BENR11,0.1303,7.8698,-0.4285,240,nget_tx_changes,37,38,400,132,2026.0,Addition
752,BENR41,BENR11,0.1303,7.8698,-0.4285,240,nget_tx_changes,37,38,400,132,2026.0,Addition
753,CITR41,CITR11,0.1132,8.2492,-0.1115,278,nget_tx_changes,151,150,400,132,2026.0,Addition
754,HARG41,HARG11,0.148,7.4973,-0.3849,240,nget_tx_changes,300,299,400,132,2026.0,Addition
755,HARG41,HARG11,0.148,7.4973,-0.3849,240,nget_tx_changes,300,299,400,132,2026.0,Addition
756,HARG41,HARG11,0.148,7.4973,-0.3849,240,nget_tx_changes,300,299,400,132,2026.0,Addition
757,HARG41,HARG11,0.148,7.4973,-0.3849,240,nget_tx_changes,300,299,400,132,2026.0,Addition
758,HARG41,HARG11,0.148,7.4973,-0.3849,240,nget_tx_changes,300,299,400,132,2026.0,Addition
759,HARG41,HARG11,0.148,7.4973,-0.3849,240,nget_tx_changes,300,299,400,132,2026.0,Addition
760,HARG41,HARK21,0.0152,1.6463,-0.1118,1100,nget_tx_changes,300,292,400,275,2026.0,Addition
761,HARG41,HARK21,0.0152,1.6463,-0.1118,1100,nget_tx_changes,300,292,400,275,2026.0,Addition
762,NEWX41,NEWX21,0.0132,1.4627,-2.0624,1100,nget_tx_changes,476,478,400,275,2026.0,Addition
763,NEWX4A,NEWX21,0.0132,1.4627,-2.0624,1100,nget_tx_changes,473,478,400,275,2026.0,Addition
764,BRIM4C,BRIM11,0.1264,7.974,-0.1303,262,nget_tx_changes,90,89,400,132,2028.0,Addition
765,BRIM4D,BRIM11,0.1264,7.974,-0.1303,262,nget_tx_changes,94,89,400,132,2028.0,Addition
766,HACK41,HACK61,0.1529,12.1324,-0.0623,278,nget_tx_changes,282,281,400,66,2028.0,Addition
767,HACK41,HACK61,0.1529,12.1324,-0.0623,278,nget_tx_changes,282,281,400,66,2028.0,Addition
768,HARG41,HARG11,0.0152,1.6463,-0.1118,1100,nget_tx_changes,300,299,400,132,2028.0,Addition
769,HAWP41,HAWP21,0.0132,1.6756,-0.4337,1000,nget_tx_changes,305,308,400,275,2028.0,Addition
770,MONF42,MONF22,0.0176,1.5828,-0.1018,1000,nget_tx_changes,460,457,400,275,2028.0,Addition
771,MONF42,MONF2A,0.0152,1.6463,-0.1118,1100,nget_tx_changes,460,458,400,275,2028.0,Addition
772,MONF42,MONF2A,0.0152,1.6463,-0.1118,1100,nget_tx_changes,460,458,400,275,2028.0,Addition
773,MONF42,MONF2B,0.0152,1.6463,-0.1118,1100,nget_tx_changes,460,462,400,275,2028.0,Addition
774,MONF42,MONF2B,0.0152,1.6463,-0.1118,1100,nget_tx_changes,460,462,400,275,2028.0,Addition
775,PELH41,PELH4A,0.0071,0.2875,0.0,2750,nget_tx_changes,526,528,400,400,2028.0,Addition
776,PELH41,PELH4B,0.0071,0.2875,0.0,2750,nget_tx_changes,526,529,400,400,2028.0,Addition
777,TWIN4A,TWIN11,0.1373,8.1976,-0.1719,278,nget_tx_changes,742,743,400,132,2028.0,Addition
778,TWIN4B ,TWIN11,0.1373,8.1976,-0.1719,278,nget_tx_changes,741,743,400,132,2028.0,Addition
779,WALX41,WALX2A,0.0176,1.5828,-0.1018,1136,nget_tx_changes,762,764,400,275,2028.0,Addition
780,WALX41,WALX2B,0.0176,1.5828,-0.1018,1136,nget_tx_changes,762,763,400,275,2028.0,Addition
781,YORK4A,OVER21,0.0152,1.6463,-0.1118,1100,nget_tx_changes,847,520,400,275,2028.0,Addition
782,YORK4A,OVER21,0.0152,1.6463,-0.1118,1100,nget_tx_changes,847,520,400,275,2028.0,Addition
783,YORK4B,OVER21,0.0152,1.6463,-0.1118,1100,nget_tx_changes,848,520,400,275,2028.0,Addition
784,YORK4B,OVER21,0.0152,1.6463,-0.1118,1100,nget_tx_changes,848,520,400,275,2028.0,Addition
