,Node 1,Node 2,OHL Length (km),Cable Length (km),Circuit Type,R (% on 100MVA),X (% on 100MVA),B (% on 100MVA),Winter Rating (MVA),Spring Rating (MVA),Summer Rating (MVA),Autumn Rating (MVA),Dataframe,Node 1 bus_id,Node 2 bus_id,Voltage (kV) Node 1,Voltage (kV) Node 2
0,ABHA4A,EXET41,48.785,0.0,OHL,0.0778,0.9831,27.9792,2078,2078.0,2078.0,2078.0,nget_circuits,4,217,400,400
1,ABHA4A,LAGA41,26.121,0.0,OHL,0.0417,0.5027,15.6941,2423,2327.0,2168.0,2327.0,nget_circuits,4,395,400,400
2,ABHA4B,EXET41,49.051,0.0,OHL,0.0783,0.9885,28.1313,1389,1284.0,1108.0,1284.0,nget_circuits,6,217,400,400
3,ABHA4B,LAGA41,26.121,0.0,OHL,0.0417,0.5027,15.6941,1389,1284.0,1108.0,1284.0,nget_circuits,6,395,400,400
4,ABTH21,COWT2A,13.318,0.0,OHL,0.0503,0.5449,3.758,932,879.0,790.0,879.0,nget_circuits,2,163,275,275
5,ABTH21,PYLE21,35.388,0.0,OHL,0.1819,1.4523,9.9528,932,879.0,790.0,879.0,nget_circuits,2,559,275,275
6,ABTH21,TREM21,46.451,0.0,OHL,0.2267,2.1393,11.8321,682,629.0,538.0,629.0,nget_circuits,2,737,275,275
7,ABTH21,UPPB21,26.996,0.0,OHL,0.1234,1.1426,7.3237,955,882.0,762.0,882.0,nget_circuits,2,751,275,275
8,ABTH21,UPPB22,27.035,0.547,Composite,0.1245,1.1595,13.2801,772,772.0,595.0,595.0,nget_circuits,2,752,275,275
9,ALDW21,BRIN21,17.961,0.0,OHL,0.1442,0.7628,4.8487,626,591.0,535.0,591.0,nget_circuits,9,96,275,275
10,ALDW21,WMEL21,8.96,0.0,OHL,0.0409,0.3891,2.3695,955,882.0,762.0,882.0,nget_circuits,9,785,275,275
11,ALVE4A,INDQ41,97.176,0.0,OHL,0.2121,1.9367,56.1415,1389,1284.0,1108.0,1284.0,nget_circuits,15,335,400,400
12,ALVE4A,TAUN41,73.293,0.0,OHL,0.117,1.477,42.0344,1389,1284.0,1108.0,1284.0,nget_circuits,15,693,400,400
13,ALVE4B,INDQ41,97.294,0.0,OHL,0.2123,1.9391,56.209,1389,1284.0,1108.0,1284.0,nget_circuits,13,335,400,400
14,ALVE4B,TAUN42,73.298,0.0,OHL,0.117,1.4771,42.0372,1389,1284.0,1108.0,1284.0,nget_circuits,13,691,400,400
15,AMEM4A,ECLA41,35.315,0.0,OHL,0.0642,0.7026,20.4666,2009,1911.0,1746.0,1911.0,nget_circuits,16,193,400,400
16,AMEM4A,IVER4A,20.256,0.0,OHL,0.0368,0.403,11.7392,2009,1911.0,1746.0,1911.0,nget_circuits,16,350,400,400
17,AMEM4B,ECLA41,35.315,0.0,OHL,0.0642,0.7026,20.4666,2032,1933.0,1766.0,1933.0,nget_circuits,18,193,400,400
18,AMEM4B,IVER4B,20.256,0.0,OHL,0.0368,0.403,11.7392,2032,1933.0,1766.0,1933.0,nget_circuits,18,347,400,400
19,AXMI41,CHIC4A,30.7,8.8,Composite,0.0379,0.6609,130.8219,2779,2568.0,2217.0,2568.0,nget_circuits,19,143,400,400
20,AXMI41,EXET41,36.184,0.0,OHL,0.0404,0.6915,21.9115,2779,2568.0,2217.0,2568.0,nget_circuits,19,217,400,400
21,BAGB21,MAGA21,12.629,1.389,parallel Composite,0.0435,0.5216,17.0509,1204,1115.0,1018.0,1115.0,nget_circuits,21,430,275,275
22,BAGB21,SWAN21,18.21,1.439,parallel Composite,0.0625,0.7488,19.1165,1548,1548.0,1431.0,1431.0,nget_circuits,21,683,275,275
23,BARK21,REBR22,10.879,0.0,OHL,0.0411,0.4451,3.0706,1129,1081.0,1000.0,1081.0,nget_circuits,24,574,275,275
24,BARK22,REBR21,10.854,0.0,OHL,0.041,0.4441,3.0636,1205,1127.0,1044.0,1127.0,nget_circuits,25,576,275,275
25,BARK41,CHUE4A,13.654,0.0,OHL,0.0213,0.2629,8.1589,3102,3048.0,2958.0,3048.0,nget_circuits,23,133,400,400
26,BARK41,CHUE4B,13.654,0.0,OHL,0.0213,0.2629,8.1589,3102,3048.0,2958.0,3048.0,nget_circuits,23,132,400,400
27,BARK41,WHAM41,9.662,0.124,Composite,0.0156,0.1915,10.4541,2009,1909.0,1710.0,1909.0,nget_circuits,23,804,400,400
28,BARK41,WHAM41,9.662,0.0,OHL,0.0155,0.191,5.6429,2009,1911.0,1746.0,1911.0,nget_circuits,23,804,400,400
29,BARK41,WTHU4A,15.872,0.0,OHL,0.0289,0.3158,9.1985,2009,1911.0,1746.0,1911.0,nget_circuits,23,788,400,400
30,BARK41,WTHU4B,15.872,0.0,OHL,0.0289,0.3158,9.1985,2009,1911.0,1746.0,1911.0,nget_circuits,23,790,400,400
31,BEDD21,CHSI21,17.836,0.286,Composite,0.068,0.7365,7.9729,944,882.0,762.0,835.0,nget_circuits,33,134,275,275
32,BEDD21,WIMB21,8.5,0.968,Composite,0.0409,0.3915,11.7005,859,827.0,623.0,694.0,nget_circuits,33,840,275,275
33,BEDD22,CHSI21,17.836,0.137,Composite,0.0677,0.7328,6.4221,762,762.0,662.0,662.0,nget_circuits,32,134,275,275
34,BEDD23,WIMB2A,8.5,0.582,Composite,0.0398,0.3821,8.4754,995,930.0,728.0,806.0,nget_circuits,34,838,275,275
35,BEDD4A,ROWD42,0.0,10.1,Cable,0.0071,0.1292,121.8435,1275,1213.0,1084.0,1213.0,nget_circuits,28,587,400,400
36,BEDD4B,ROWD41,0.0,10.1,Cable,0.0069,0.1275,124.3819,1275,1213.0,1084.0,1213.0,nget_circuits,31,590,400,400
37,BESW21,COVE21,18.668,0.0,OHL,0.0853,0.7901,5.0645,955,882.0,762.0,882.0,nget_circuits,40,160,275,275
38,BESW21,COVE21,18.668,0.0,OHL,0.0853,0.7901,5.0645,955,882.0,762.0,882.0,nget_circuits,40,160,275,275
39,BESW21,FECK21,35.814,0.0,OHL,0.1425,1.5095,9.7917,955,882.0,762.0,882.0,nget_circuits,40,221,275,275
40,BESW21,OCKH21,56.939,0.731,Composite,0.2318,2.4208,22.7971,819,819.0,638.0,638.0,nget_circuits,40,505,275,275
41,BICF41,SPLN41,20.109,0.0,OHL,0.0191,0.355,13.187,3156,3032.0,2823.0,3032.0,nget_circuits,43,646,400,400
42,BICF41,WALP41,37.775,0.0,OHL,0.0335,0.6488,25.3895,3189,3063.0,2853.0,3063.0,nget_circuits,43,759,400,400
43,BICF41,WBUR41,65.55,0.0,OHL,0.0581,1.1259,44.059,3326,3160.0,2971.0,3160.0,nget_circuits,43,782,400,400
44,BICF41,WBUR42,65.55,0.0,OHL,0.0581,1.1259,44.059,3326,3160.0,2971.0,3160.0,nget_circuits,43,783,400,400
45,BIRK21,CAPE21,15.448,0.0,OHL,0.0703,0.6839,4.0052,955,882.0,762.0,882.0,nget_circuits,45,114,275,275
46,BIRK21,CAPE21,15.448,0.0,OHL,0.0703,0.6839,4.0052,955,882.0,762.0,882.0,nget_circuits,45,114,275,275
47,BIRK21,LISD2A,0.0,12.891,Cable,0.0271,0.2978,125.0427,817,817.0,739.0,739.0,nget_circuits,45,406,275,275
48,BISW21,FECK21,22.83,0.0,OHL,0.0938,0.9633,6.2301,955,882.0,762.0,882.0,nget_circuits,47,221,275,275
49,BISW21,KITW21,27.111,0.0,OHL,0.1054,1.1236,7.5448,955,882.0,762.0,882.0,nget_circuits,47,379,275,275
50,BISW21,KITW21,24.226,0.0,OHL,0.0932,1.0024,6.7545,955,882.0,762.0,882.0,nget_circuits,47,379,275,275
51,BISW21,PENN21,30.172,0.0,OHL,0.1233,1.2726,8.2379,1040,1031.0,762.0,762.0,nget_circuits,47,535,275,275
52,BLYT21,STEW21,26.779,0.0,OHL,0.1472,1.3916,5.9965,682,629.0,538.0,629.0,nget_circuits,49,669,275,275
53,BLYT21,STEW21,26.711,0.0,OHL,0.1469,1.388,5.9813,682,629.0,538.0,629.0,nget_circuits,49,669,275,275
54,BLYT21,TYNE21,16.818,0.0,OHL,0.0742,0.7144,4.5642,1360,1310.0,1220.0,1310.0,nget_circuits,49,745,275,275
55,BLYT21,TYNE2A,16.866,0.0,OHL,0.0744,0.7164,4.5772,1360,1310.0,1220.0,1310.0,nget_circuits,49,747,275,275
56,BLYT41,MEDB4A,26.636,0.121,Composite,0.0426,0.514,18.0175,2199,2092.0,1911.0,2092.0,nget_circuits,53,435,400,400
57,BLYT41,MEDB4B,26.636,0.49,Composite,0.0429,0.5194,24.1171,2199,2092.0,1911.0,2092.0,nget_circuits,53,436,400,400
58,BODE41,PENM4A,0.0,0.8,Cable,0.0008,0.0094,7.6404,1056,1056.0,980.0,980.0,nget_circuits,55,540,400,400
59,BODE41,PENM4B,0.5,0.0,OHL,0.0005,0.0087,0.3284,2771,2695.0,2510.0,2695.0,nget_circuits,55,541,400,400
60,BOLN41,LOVE41,64.774,0.0,OHL,0.0703,1.1266,42.6998,3102,2935.0,2765.0,2935.0,nget_circuits,57,420,400,400
61,BOLN41,LOVE41,64.774,0.0,OHL,0.0703,1.1266,42.6998,2771,2771.0,2765.0,2771.0,nget_circuits,57,420,400,400
62,BOLN41,NINF41,51.404,0.0,OHL,0.0558,0.8941,33.8862,3102,2935.0,2765.0,2935.0,nget_circuits,57,479,400,400
63,BOLN41,NINF41,51.404,0.0,OHL,0.0558,0.8941,33.8862,3102,2935.0,2765.0,2935.0,nget_circuits,57,479,400,400
64,BOTW41,CHIL41,7.479,0.0,OHL,0.0066,0.1285,5.027,3341,3160.0,2971.0,3160.0,nget_circuits,59,145,400,400
65,BOTW41,LOVE41,14.672,0.0,OHL,0.013,0.252,9.8617,3341,3160.0,2971.0,3160.0,nget_circuits,59,420,400,400
66,BRAI4A,BRFO41,48.267,0.0,OHL,0.0451,0.8316,32.2964,2779,2568.0,2217.0,2568.0,nget_circuits,65,71,400,400
67,BRAI4A,BULL41,12.343,0.0,OHL,0.0134,0.2147,8.1357,2779,2569.0,2217.0,2569.0,nget_circuits,65,99,400,400
68,BRAI4B,PELH41,65.942,0.0,OHL,0.065,1.1398,43.92,2779,2568.0,2217.0,2568.0,nget_circuits,67,525,400,400
69,BRAI4B,RAYL41,33.03,0.0,OHL,0.0358,0.5745,21.7727,2779,2568.0,2217.0,2568.0,nget_circuits,67,572,400,400
70,BRAW21,ELLA21,16.802,0.081,Composite,0.0769,0.7134,5.4384,762,762.0,619.0,619.0,nget_circuits,63,205,275,275
71,BRAW21,KIRK21,17.279,4.547,Composite,0.0844,0.855,54.1379,762,762.0,619.0,619.0,nget_circuits,63,378,275,275
72,BRAW21,MONF21,51.155,0.0,OHL,0.1174,1.8824,15.9388,1204,1115.0,1018.0,1115.0,nget_circuits,63,460,275,275
73,BRAW4A,PADI41,59.3,0.0,OHL,0.0754,1.1321,35.9226,2470,2350.0,2146.0,2350.0,nget_circuits,62,522,400,400
74,BRED21,MACC21,19.612,0.0,OHL,0.0768,0.8127,5.4608,948,882.0,753.0,753.0,nget_circuits,79,425,275,275
75,BRED21,SMAN21,10.004,5.629,parallel Composite,0.0513,0.4604,46.762,865,865.0,749.0,749.0,nget_circuits,79,640,275,275
76,BRED21,STAL21,15.054,0.0,OHL,0.0665,0.6343,4.1113,1093,1031.0,925.0,1031.0,nget_circuits,79,658,275,275
77,BRFO41,LEIS4A,42.357,0.0,OHL,0.046,0.7367,27.9223,2779,2569.0,2217.0,2569.0,nget_circuits,71,403,400,400
78,BRFO41,NORM41,61.576,0.1,Composite,0.0983,1.242,37.3151,1590,1500.0,1346.0,1500.0,nget_circuits,71,498,400,400
79,BRFO41,NORM41,61.576,0.1,Composite,0.0983,1.242,37.3151,1590,1500.0,1346.0,1500.0,nget_circuits,71,498,400,400
80,BRFO41,PELH41,69.301,0.0,OHL,0.0655,1.1949,46.3271,3102,2935.0,2765.0,2935.0,nget_circuits,71,525,400,400
81,BRFO41,SIZE41,43.167,0.0,OHL,0.0468,0.7508,28.4562,2779,2568.0,2217.0,2568.0,nget_circuits,71,636,400,400
82,BRFO41,SIZE41,43.167,0.0,OHL,0.0468,0.7508,28.4562,2779,2568.0,2217.0,2568.0,nget_circuits,71,636,400,400
83,BRFO41,SIZE41,43.167,0.0,OHL,0.0468,0.7508,28.4562,2779,2568.0,2217.0,2568.0,nget_circuits,71,636,400,400
84,BRIM2A,TOTT23,7.437,0.311,Composite,0.0345,0.3234,5.3982,1085,1031.0,925.0,1031.0,nget_circuits,95,728,275,275
85,BRIM2A,WALX22,5.865,0.0,OHL,0.0268,0.2482,1.5911,1093,1031.0,925.0,1031.0,nget_circuits,95,762,275,275
86,BRIM2B,TOTT22,7.305,0.393,Composite,0.0341,0.3201,6.2537,1085,1031.0,925.0,1031.0,nget_circuits,92,732,275,275
87,BRIM2B,WALX22,5.997,0.0,OHL,0.0274,0.2538,1.6269,1093,1031.0,925.0,1031.0,nget_circuits,92,762,275,275
88,BRIM2C,TOTT24,7.455,0.235,Composite,0.0344,0.3223,4.5788,1085,1031.0,925.0,1031.0,nget_circuits,89,726,275,275
89,BRIM2C,WALX21,5.97,0.0,OHL,0.0273,0.2528,1.6211,1093,1031.0,925.0,1031.0,nget_circuits,89,763,275,275
90,BRIM2D,TOTT21,7.455,0.384,Composite,0.0347,0.3264,6.1984,1085,1031.0,925.0,1031.0,nget_circuits,93,729,275,275
91,BRIM2D,WALX21,5.97,0.0,OHL,0.0273,0.2528,1.6211,1093,1031.0,925.0,1031.0,nget_circuits,93,763,275,275
92,BRIN21,CHTE21,22.464,0.22,Composite,0.0519,0.8305,9.3505,934,934.0,753.0,753.0,nget_circuits,96,141,275,275
93,BRIN21,JORD21,13.257,1.489,Composite,0.0647,0.5918,16.0432,557,557.0,499.0,499.0,nget_circuits,96,352,275,275
94,BRIN21,NORL2A,13.257,2.845,Composite,0.0708,0.6085,24.8202,419,419.0,381.0,381.0,nget_circuits,96,492,275,275
95,BRIN21,TEMP21,2.757,0.0,OHL,0.0126,0.117,0.7458,955,882.0,762.0,882.0,nget_circuits,96,696,275,275
96,BRIN21,TEMP22,2.757,0.0,OHL,0.0126,0.117,0.7458,955,882.0,762.0,882.0,nget_circuits,96,694,275,275
97,BRIN22,CHTE21,22.375,0.0,OHL,0.0513,0.8236,6.9689,1204,1115.0,1018.0,1115.0,nget_circuits,97,141,275,275
98,BRIN22,THUR21,5.704,0.0,OHL,0.0599,0.2384,1.5621,626,591.0,535.0,591.0,nget_circuits,97,707,275,275
99,BRIN22,TINP21,3.17,0.0,OHL,0.0145,0.1342,0.86,955,882.0,762.0,882.0,nget_circuits,97,721,275,275
100,BRIN22,TINP22,3.17,0.0,OHL,0.0145,0.1342,0.86,919,869.0,762.0,869.0,nget_circuits,97,720,275,275
101,BRIN41,THOM41,36.299,0.0,OHL,0.0394,0.6316,23.9221,2518,2395.0,2188.0,2395.0,nget_circuits,98,704,400,400
102,BRIN41,THOM42,36.299,0.0,OHL,0.0394,0.6316,23.9221,2545,2421.0,2211.0,2421.0,nget_circuits,98,703,400,400
103,BRLE41,DIDC41,37.691,5.7,parallel Composite,0.0419,0.6724,87.0663,2779,2568.0,2217.0,2245.0,nget_circuits,73,178,400,400
104,BRLE41,DIDC41,37.691,5.7,parallel Composite,0.0419,0.6719,134.3668,2277,2277.0,2037.0,2037.0,nget_circuits,73,178,400,400
105,BRLE41,FLEE41,17.555,0.0,OHL,0.019,0.3053,11.5725,2569,2569.0,2217.0,2569.0,nget_circuits,73,239,400,400
106,BRLE41,FLEE41,17.555,0.0,OHL,0.019,0.3053,11.5725,2779,2569.0,2217.0,2569.0,nget_circuits,73,239,400,400
107,BRLE41,MELK41,81.569,0.0,OHL,0.176,1.6326,46.8635,1389,1284.0,1108.0,1284.0,nget_circuits,73,440,400,400
108,BRLE41,MELK41,81.569,0.0,OHL,0.176,1.6326,46.8635,1389,1284.0,1108.0,1284.0,nget_circuits,73,440,400,400
109,BRLE41,WWEY4A,49.375,0.0,OHL,0.0789,0.9495,29.6914,2199,2092.0,1911.0,2092.0,nget_circuits,73,799,400,400
110,BRLE41,WWEY4B,49.375,0.0,OHL,0.0789,0.9495,29.6914,2199,2092.0,1911.0,2092.0,nget_circuits,73,797,400,400
111,BRWA2A,HINP22,17.867,0.61,Composite,0.0827,0.7732,11.4779,767,767.0,620.0,620.0,nget_circuits,88,318,275,275
112,BRWA2B,HINP21,17.867,0.68,Composite,0.0828,0.7752,12.2388,762,762.0,619.0,619.0,nget_circuits,85,317,275,275
113,BULL41,RAYL41,20.646,0.0,OHL,0.0224,0.3591,13.6101,2779,2569.0,2217.0,2569.0,nget_circuits,99,572,400,400
114,BURW41,PELH41,42.934,0.0,OHL,0.0381,0.7374,28.8562,3035,2910.0,2238.0,2515.0,nget_circuits,100,525,400,400
115,BURW41,PELH41,42.782,0.0,OHL,0.0379,0.7348,28.7545,3326,3160.0,2971.0,3160.0,nget_circuits,100,525,400,400
116,BURW41,WALP41,51.189,0.0,OHL,0.0454,0.8792,34.4056,3326,3160.0,2971.0,3160.0,nget_circuits,100,759,400,400
117,BURW41,WALP41,51.183,0.0,OHL,0.0454,0.8791,34.4016,3326,3160.0,2971.0,3160.0,nget_circuits,100,759,400,400
118,BUSH21,DRAK21,38.153,0.0,OHL,0.146,1.6016,10.4839,1204,1115.0,1018.0,1115.0,nget_circuits,102,183,275,275
119,BUSH21,PENN21,21.653,0.0,OHL,0.0824,0.9078,5.9595,1038,1038.0,762.0,762.0,nget_circuits,102,535,275,275
120,BUSH21,WIEN2B,5.197,4.318,Composite,0.0311,0.3404,48.3427,762,762.0,681.0,681.0,nget_circuits,102,820,275,275
121,BUST21,NECH21,2.648,7.648,Composite,0.026,0.3169,76.528,725,713.0,599.0,635.0,nget_circuits,104,465,275,275
122,BUST21,NECH21,2.648,7.619,Composite,0.026,0.3163,76.3606,725,713.0,599.0,635.0,nget_circuits,104,465,275,275
123,CAMA11,IROA13,0.0,1.0,Cable,0.815,5.549,1.802,246,228.0,198.0,228.0,nget_circuits,109,337,132,132
124,CAMA12,IROA12,0.0,1.0,Cable,0.815,5.549,1.802,246,228.0,198.0,228.0,nget_circuits,110,336,132,132
125,CANT41,CANT41,0.0,0.1,Cable,0.0001,0.0012,1.0915,3102,3102.0,3102.0,3102.0,nget_circuits,112,112,400,400
126,CANT41,CANT41,0.0,0.1,Cable,0.0001,0.0012,1.0915,3102,3102.0,3102.0,3102.0,nget_circuits,112,112,400,400
127,CANT41,CANT41,0.0,0.1,Cable,0.0001,0.0012,1.0915,3102,3102.0,3102.0,3102.0,nget_circuits,112,112,400,400
128,CANT41,CLEH41,14.7,0.0,OHL,0.0229,0.282,8.8214,3102,3048.0,2853.0,3048.0,nget_circuits,112,152,400,400
129,CANT41,KEMS4A,28.2,0.0,OHL,0.0439,0.5411,16.9228,3102,2935.0,2765.0,2935.0,nget_circuits,112,366,400,400
130,CANT41,RICH41,25.0,0.0,OHL,0.0399,0.4808,15.0336,2038,2038.0,1801.0,1801.0,nget_circuits,112,580,400,400
131,CANT41,RICH41,25.0,0.0,OHL,0.0399,0.4808,15.0336,2038,2038.0,1801.0,1801.0,nget_circuits,112,580,400,400
132,CANT41,SELL4C,26.711,0.0,OHL,0.0416,0.5125,16.0297,3102,3048.0,2958.0,3048.0,nget_circuits,112,622,400,400
133,CANT41,SELL4D,26.711,0.0,OHL,0.0416,0.5125,16.0297,3103,3048.0,2959.0,3048.0,nget_circuits,112,619,400,400
134,CAPE1A,INCE11,0.0,1.0,Cable,0.22260000000000002,2.0652,3.2486,258,258.0,240.0,240.0,nget_circuits,119,333,132,132
135,CAPE1B,INCE11,0.0,1.0,Cable,0.22039999999999998,2.0451,3.2416,240,240.0,240.0,240.0,nget_circuits,117,333,132,132
136,CAPE4A,CONQ41,11.543,0.0,OHL,0.0102,0.1983,7.7586,3326,3160.0,2971.0,3160.0,nget_circuits,115,153,400,400
137,CAPE4A,FROD41,18.404,0.0,OHL,0.0199,0.2926,13.3521,2889,2748.0,2418.0,2748.0,nget_circuits,115,255,400,400
138,CAPE4B,CONQ41,11.543,0.0,OHL,0.0102,0.1983,7.7586,3326,3160.0,2971.0,3160.0,nget_circuits,118,153,400,400
139,CAPE4B,FROD41,18.315,0.0,OHL,0.0198,0.2912,13.2878,2890,2749.0,2418.0,2749.0,nget_circuits,118,255,400,400
140,CARE21,COWT2A,27.881,0.0,OHL,0.1533,1.4488,6.2406,682,629.0,538.0,629.0,nget_circuits,121,163,275,275
141,CARE21,USKM2B,19.94,0.0,OHL,0.1096,1.0362,4.4651,682,629.0,538.0,629.0,nget_circuits,121,753,275,275
142,CARR21,SMAN21,10.747,0.23,Composite,0.0475,0.476,5.3274,835,835.0,665.0,665.0,nget_circuits,125,640,275,275
143,CARR21,SMAN21,9.294,0.133,Composite,0.0414,0.4101,3.8882,835,835.0,665.0,665.0,nget_circuits,125,640,275,275
144,CARR41,DAIN41,3.352,0.0,OHL,0.0059,0.0653,1.9782,3102,3048.0,2958.0,3048.0,nget_circuits,128,176,400,400
145,CARR41,DAIN41,2.545,0.0,OHL,0.0043,0.0496,1.5076,2169,2084.0,1940.0,2084.0,nget_circuits,128,176,400,400
146,CARR41,KEAR41,13.154,0.0,OHL,0.0225,0.2574,7.7626,2212,2125.0,1979.0,2125.0,nget_circuits,128,362,400,400
147,CARR41,PEWO4A,56.9,0.0,OHL,0.0988,1.1179,33.4404,2169,2084.0,1940.0,2084.0,nget_circuits,128,542,400,400
148,CARR42,DAIN41,2.063,0.0,OHL,0.0035,0.0404,1.2165,1500,1500.0,1500.0,1500.0,nget_circuits,127,176,400,400
149,CARR4B,DAIN41,2.036,0.0,OHL,0.0037,0.0405,1.1791,1553,1553.0,1553.0,1553.0,nget_circuits,123,176,400,400
150,CELL41,DAIN41,53.412,2.31,parallel Composite,0.0847,1.031,76.931,2508,2508.0,2300.0,2300.0,nget_circuits,129,176,400,400
151,CELL41,DRAK41,45.712,0.0,OHL,0.073,0.8791,27.4871,2175,2069.0,1890.0,2069.0,nget_circuits,129,182,400,400
152,CELL41,DRAK41,45.012,0.0,OHL,0.0719,0.8656,27.0675,2175,2069.0,1890.0,2069.0,nget_circuits,129,182,400,400
153,CELL41,MACC41,31.617,0.0,OHL,0.0495,0.6067,18.9879,3102,3048.0,2958.0,3048.0,nget_circuits,129,426,400,400
154,CHIC41,EXET41,67.12,8.8,Composite,0.0786,1.3565,152.8884,2779,2568.0,2217.0,2568.0,nget_circuits,144,217,400,400
155,CHIC41,MANN41,53.913,0.0,OHL,0.0585,0.9377,35.5401,3065,2829.0,2418.0,2829.0,nget_circuits,144,427,400,400
156,CHIC4A,MANN41,54.066,0.0,OHL,0.0587,0.9404,35.6406,3065,2829.0,2418.0,2829.0,nget_circuits,143,427,400,400
157,CHIL41,FAWL41,0.0,3.73,Cable,0.0037,0.0235,56.9944,970,928.0,800.0,928.0,nget_circuits,145,218,400,400
158,CHIL41,FAWL41,0.0,3.69,Cable,0.0037,0.0232,56.3832,970,928.0,800.0,928.0,nget_circuits,145,218,400,400
159,CHIL41,LOVE41,22.379,0.315,Composite,0.0201,0.389,20.2483,1109,1109.0,901.0,901.0,nget_circuits,145,420,400,400
160,CHSI21,WWEY21,15.318,0.0,OHL,0.0519,0.6229,4.351,1316,1213.0,1104.0,1213.0,nget_circuits,134,800,275,275
161,CHSI21,WWEY22,15.347,0.0,OHL,0.052,0.6241,4.3592,1316,1213.0,1104.0,1213.0,nget_circuits,134,798,275,275
162,CHTE21,HIGM21,43.792,0.0,OHL,0.1218,1.806,12.2763,1381,1339.0,1258.0,1339.0,nget_circuits,141,314,275,275
163,CHTE21,HIGM21,43.651,0.0,OHL,0.1214,1.8002,12.2369,1381,1381.0,1375.0,1381.0,nget_circuits,141,314,275,275
164,CHUE4A,TILB41,13.045,0.48,Composite,0.0207,0.2569,13.0341,2827,2827.0,2591.0,2591.0,nget_circuits,133,714,400,400
165,CHUE4A,WTHU4D,2.419,0.0,OHL,0.0038,0.0488,1.378,3102,3048.0,2958.0,3048.0,nget_circuits,133,792,400,400
166,CHUE4B,TILB41,13.045,0.48,Composite,0.0207,0.2569,13.0341,2924,2924.0,2591.0,2591.0,nget_circuits,132,714,400,400
167,CHUE4B,WTHU4C,2.581,0.0,OHL,0.004,0.0519,1.4744,3102,3048.0,2958.0,3048.0,nget_circuits,132,794,400,400
168,CILF2A,UPPB21,6.975,0.0,OHL,0.0319,0.2952,1.8923,955,882.0,762.0,882.0,nget_circuits,146,751,275,275
169,CILF2B,UPPB22,6.975,0.0,OHL,0.0319,0.2952,1.8923,955,882.0,762.0,882.0,nget_circuits,147,752,275,275
170,CILF41,IMPP41,25.119,0.0,OHL,0.0273,0.4396,16.4758,2779,2568.0,2217.0,2568.0,nget_circuits,148,332,400,400
171,CILF41,RASS41,26.901,0.0,OHL,0.0292,0.4679,17.7332,2779,2568.0,2217.0,2568.0,nget_circuits,148,566,400,400
172,CILF41,RHIG41,25.011,0.0,OHL,0.0271,0.435,16.4876,2779,2568.0,2217.0,2568.0,nget_circuits,148,578,400,400
173,CILF41,SWAN41,61.595,0.0,OHL,0.0668,1.0713,40.6034,2779,2568.0,2217.0,2568.0,nget_circuits,148,685,400,400
174,CILF41,SWAN42,61.655,0.0,OHL,0.0669,1.0724,40.6428,3180,3000.0,2692.0,3000.0,nget_circuits,148,681,400,400
175,CILF41,WHSO4A,35.208,0.0,OHL,0.0383,0.6151,23.1262,2779,2568.0,2217.0,2568.0,nget_circuits,148,813,400,400
176,CITR41,CITR41,0.0,0.1,Cable,0.0001,0.0008,1.8,1566,1538.0,1351.0,1424.0,nget_circuits,150,150,400,400
177,CITR41,CITR41,0.0,0.1,Cable,0.0001,0.0008,1.8,1733,1492.0,1362.0,1492.0,nget_circuits,150,150,400,400
178,CITR41,PUDM41,0.0,7.29,Cable,0.0066,0.0598,131.22,1282,1136.0,984.0,1136.0,nget_circuits,150,558,400,400
179,CITR41,SJOW41,0.0,7.243,Cable,0.0065,0.0594,130.374,1282,1136.0,984.0,1136.0,nget_circuits,150,655,400,400
180,CITR41,SJOW41,0.0,6.776,Cable,0.0061,0.0556,121.968,1282,1136.0,984.0,1136.0,nget_circuits,150,655,400,400
181,CITR41,WHAM4B,0.0,9.39,Cable,0.0085,0.077,169.02,1282,1136.0,984.0,1136.0,nget_circuits,150,802,400,400
182,CLEH41,KEMS4B,13.5,0.0,OHL,0.021,0.259,8.1013,3102,3048.0,2853.0,3048.0,nget_circuits,152,367,400,400
183,CONQ41,DAIN41,60.331,0.0,OHL,0.094,1.1575,36.2038,3102,3048.0,2853.0,3048.0,nget_circuits,153,176,400,400
184,CONQ41,DAIN41,60.294,0.0,OHL,0.0938,1.1562,36.2009,3102,3048.0,2853.0,3048.0,nget_circuits,153,176,400,400
185,CONQ41,FLIB41,0.0,3.495,Cable,0.0022,0.05,43.9195,1438,1438.0,1389.0,1389.0,nget_circuits,153,240,400,400
186,CONQ41,FLIB41,0.0,3.388,Cable,0.0022,0.0485,42.5749,1438,1438.0,1389.0,1389.0,nget_circuits,153,240,400,400
187,CONQ41,PENM4A,30.217,0.21,Composite,0.0329,0.528,22.2116,2665,2561.0,2217.0,2561.0,nget_circuits,153,540,400,400
188,CONQ41,PENM4B,30.217,0.21,Composite,0.0329,0.528,22.2116,2665,2561.0,2217.0,2561.0,nget_circuits,153,541,400,400
189,CONQ41,TREU4A,14.323,0.0,OHL,0.0245,0.2802,8.4568,2397,2302.0,2144.0,2302.0,nget_circuits,153,740,400,400
190,CONQ41,TREU4B,14.323,0.0,OHL,0.0245,0.2802,8.4568,2212,2125.0,1979.0,2125.0,nget_circuits,153,739,400,400
191,COSO41,RAYL41,13.913,0.0,OHL,0.0217,0.2698,8.2601,3075,2876.0,2663.0,2876.0,nget_circuits,157,572,400,400
192,COSO41,TILB4B,12.363,0.0,OHL,0.0193,0.24,7.3306,2423,2327.0,2167.0,2327.0,nget_circuits,157,719,400,400
193,COTT41,KEAD4C,34.479,0.0,OHL,0.0592,0.6828,20.0931,2212,2125.0,1979.0,2125.0,nget_circuits,158,356,400,400
194,COTT41,KEAD4D,34.628,0.0,OHL,0.0595,0.6858,20.1792,2212,2125.0,1979.0,2125.0,nget_circuits,158,357,400,400
195,COTT41,MARH4B,100.853,0.0,OHL,0.1772,1.9852,59.1294,2009,1911.0,1746.0,1911.0,nget_circuits,158,434,400,400
196,COTT41,RYHA4A,76.891,0.0,OHL,0.0834,1.3374,50.6872,2779,2569.0,2217.0,2569.0,nget_circuits,158,601,400,400
197,COTT41,STAY41,27.788,0.5,parallel Composite,0.0506,0.5544,21.5604,2212,2125.0,1979.0,2052.0,nget_circuits,158,664,400,400
198,COTT42,RYHA4B,76.816,0.0,OHL,0.0834,1.3361,50.638,2779,2569.0,2217.0,2569.0,nget_circuits,159,602,400,400
199,COTT42,STAY41,27.698,0.0,OHL,0.0441,0.5297,16.7334,2212,2125.0,1979.0,2125.0,nget_circuits,159,664,400,400
200,COTT42,WBUR42,6.76,0.0,OHL,0.0105,0.1321,3.9942,3326,3160.0,2971.0,3160.0,nget_circuits,159,783,400,400
201,COVE21,NECH21,30.715,0.0,OHL,0.0619,1.1211,9.699,1204,1115.0,1018.0,1115.0,nget_circuits,160,465,275,275
202,COVE21,RATS2A,64.863,0.5,Composite,0.2171,2.6384,23.342,1000,1000.0,1000.0,1000.0,nget_circuits,160,568,275,275
203,COWL41,CULJ4A,6.496,0.0,OHL,0.007,0.113,4.2822,2771,2568.0,2217.0,2568.0,nget_circuits,164,175,400,400
204,COWL41,DIDC41,11.503,0.0,OHL,0.0125,0.2001,7.5827,2779,2568.0,2217.0,2568.0,nget_circuits,164,178,400,400
205,COWL41,ECLA41,36.301,0.0,OHL,0.0394,0.6314,23.9301,2779,2568.0,2217.0,2568.0,nget_circuits,164,193,400,400
206,COWL41,LEIB4A,52.495,0.0,OHL,0.0537,0.9095,34.8191,2779,2568.0,2217.0,2568.0,nget_circuits,164,402,400,400
207,COWL41,MITY41,100.105,2.092,Composite,0.1418,1.8493,98.0711,1180,1132.0,877.0,979.0,nget_circuits,164,455,400,400
208,COWL41,WALH41,89.553,2.092,Composite,0.113,1.6366,92.0801,1180,1132.0,877.0,979.0,nget_circuits,164,758,400,400
209,COWT2A,PYLE21,22.6,0.0,OHL,0.1334,0.9291,6.3441,932,879.0,790.0,879.0,nget_circuits,163,559,275,275
210,CREB2A,HEDO21,20.347,0.0,OHL,0.0564,0.7587,6.312,1749,1664.0,1520.0,1664.0,nget_circuits,170,309,275,275
211,CREB2B,SAEN21,20.347,0.0,OHL,0.0564,0.7587,6.312,1749,1664.0,1520.0,1664.0,nget_circuits,167,603,275,275
212,CREB41,GART4A,32.081,0.0,OHL,0.0348,0.558,21.1475,2771,2771.0,2663.0,2771.0,nget_circuits,173,258,400,400
213,CREB41,GART4B,32.109,0.0,OHL,0.0348,0.5585,21.1659,3075,2876.0,2663.0,2876.0,nget_circuits,173,257,400,400
214,CREB41,THTO41,29.809,0.0,OHL,0.0264,0.512,20.0362,3075,2876.0,2663.0,2876.0,nget_circuits,173,697,400,400
215,CREB41,THTO42,29.671,0.0,OHL,0.0263,0.5096,19.9438,3075,2876.0,2663.0,2876.0,nget_circuits,173,699,400,400
216,CULJ4A,DIDC41,4.898,0.0,OHL,0.0053,0.0852,3.2288,2771,2568.0,2217.0,2568.0,nget_circuits,175,178,400,400
217,DAIN41,MACC41,33.593,2.4,parallel Composite,0.0541,0.6511,66.8001,2397,2302.0,2144.0,2300.0,nget_circuits,176,426,400,400
218,DAMC41,KINO41,0.0,0.919,Cable,0.0001,0.0005,2.6467,1528,1528.0,1528.0,1528.0,nget_circuits,177,372,400,400
219,DIDC41,DIDC41,0.0,0.0,Series Reactor,0.0063,0.5,0.0,2640,2640.0,2640.0,2640.0,nget_circuits,178,178,400,400
220,DINO41,PENT41,0.0,10.762,Cable,0.0075,0.1184,215.24,1604,1604.0,1557.0,1557.0,nget_circuits,179,539,400,400
221,DINO41,PENT41,4.545,6.183,Composite,0.0093,0.1402,126.9578,1623,1623.0,1571.0,1571.0,nget_circuits,179,539,400,400
222,DRAK41,BUST4A,34.592,0.0,OHL,0.0375,0.6017,22.8026,1203,1203.0,1103.0,1119.0,nget_circuits,182,105,400,400
223,DRAK41,BUST4B,34.537,0.0,OHL,0.0375,0.6007,22.7664,2779,2568.0,2217.0,2568.0,nget_circuits,182,107,400,400
224,DRAK41,HAMH41,29.434,0.0,OHL,0.0534,0.5857,17.0575,2009,1911.0,1746.0,1911.0,nget_circuits,182,285,400,400
225,DRAK41,OLDB4A,48.818,0.5,Composite,0.0921,0.9799,36.5074,1169,1169.0,1068.0,1068.0,nget_circuits,182,510,400,400
226,DRAK41,RATS41,32.907,0.0,OHL,0.0582,0.6532,19.1262,2009,1911.0,1746.0,1911.0,nget_circuits,182,569,400,400
227,DRAK41,RUGE41,20.966,0.0,OHL,0.0379,0.4173,12.1495,2009,1911.0,1746.0,1911.0,nget_circuits,182,591,400,400
228,DRAK41,WILE41,16.937,0.0,OHL,0.0308,0.337,9.8147,2009,1911.0,1746.0,1911.0,nget_circuits,182,831,400,400
229,DRAX41,DRAX42,0.0,0.0,Series Reactor,0.006,2.0,0.0,1769,1769.0,1320.0,1320.0,nget_circuits,186,187,400,400
230,DRAX41,EGGB42,11.188,0.64,Composite,0.0128,0.2017,30.2999,2089,2089.0,1878.0,1878.0,nget_circuits,186,202,400,400
231,DRAX41,FENW4A,13.443,0.0,OHL,0.0146,0.2338,8.8618,3180,3000.0,2692.0,3000.0,nget_circuits,186,223,400,400
232,DRAX41,THTO42,22.579,0.0,OHL,0.0198,0.3877,15.2046,3820,2568.0,3320.0,3630.0,nget_circuits,186,699,400,400
233,DRAX42,EGGB41,11.188,0.0,OHL,0.0124,0.1983,7.2605,2973,2778.0,2447.0,2778.0,nget_circuits,187,201,400,400
234,DRAX42,THOM41,21.73,0.0,OHL,0.0311,0.3992,13.6444,2981,2867.0,2248.0,2505.0,nget_circuits,187,704,400,400
235,DRAX42,THTO41,22.579,0.0,OHL,0.0198,0.3877,15.2046,3820,3630.0,3320.0,3630.0,nget_circuits,187,697,400,400
236,DUNG41,NINF41,44.081,0.0,OHL,0.0391,0.7571,29.6278,3065,2829.0,2418.0,2829.0,nget_circuits,188,479,400,400
237,DUNG41,NINF41,44.056,0.0,OHL,0.0391,0.7567,29.6111,3066,2830.0,2418.0,2830.0,nget_circuits,188,479,400,400
238,DUNG41,SELL4E,25.387,0.0,OHL,0.0395,0.4871,15.2346,3066,2830.0,2418.0,2830.0,nget_circuits,188,618,400,400
239,DUNG41,SELL4F,25.403,0.0,OHL,0.0396,0.4874,15.2441,3066,2830.0,2418.0,2830.0,nget_circuits,188,617,400,400
240,EALI21,LALE21,0.0,19.658,Cable,0.0531,0.3912,167.2896,524,518.0,401.0,401.0,nget_circuits,190,389,275,275
241,EALI21,LALE21,0.0,19.658,Cable,0.0531,0.3912,167.2896,525,525.0,426.0,426.0,nget_circuits,190,389,275,275
242,EALI21,WISD2A,0.0,6.075,Cable,0.0121,0.1391,61.5397,750,750.0,735.0,735.0,nget_circuits,190,827,275,275
243,EASO41,WYMO41,35.272,0.0,OHL,0.0383,0.6135,23.2517,2779,2568.0,2217.0,2568.0,nget_circuits,199,846,400,400
244,EASO4A,RYHA4B,58.769,0.0,OHL,0.0638,1.0222,38.7404,2779,2569.0,2217.0,2569.0,nget_circuits,198,602,400,400
245,EASO4B,RYHA4A,58.95,0.0,OHL,0.064,1.0253,38.8593,2779,2569.0,2217.0,2569.0,nget_circuits,196,601,400,400
246,EASO4B,WYMO41,35.272,0.0,OHL,0.0383,0.6135,23.2517,2779,2568.0,2217.0,2568.0,nget_circuits,196,846,400,400
247,ECLA41,LEIB4B,15.985,0.0,OHL,0.0141,0.2745,10.7511,2779,2568.0,2217.0,2568.0,nget_circuits,193,401,400,400
248,ECLA41,PAFB4A,44.72,0.0,OHL,0.0814,0.8898,25.9172,2009,1911.0,1746.0,1911.0,nget_circuits,193,523,400,400
249,ECLA41,PAFB4B,44.886,0.0,OHL,0.0817,0.8931,26.0131,2009,1911.0,1746.0,1911.0,nget_circuits,193,524,400,400
250,EGGB41,MONF4A,10.37,0.0,OHL,0.0113,0.1804,6.836,1970,1970.0,1970.0,1970.0,nget_circuits,201,462,400,400
251,EGGB41,ROCH4A,84.875,0.7,Composite,0.1416,1.6214,64.456,1239,1239.0,1122.0,1122.0,nget_circuits,201,583,400,400
252,EGGB41,THOM41,28.07,0.197,Composite,0.0293,0.4897,21.8489,2217,2217.0,1801.0,1801.0,nget_circuits,201,704,400,400
253,EGGB42,FERR4A,11.864,0.0,OHL,0.0128,0.2063,7.8228,2779,2568.0,2217.0,2568.0,nget_circuits,202,229,400,400
254,EGGB42,MONF41,10.37,0.0,OHL,0.0113,0.1804,6.836,2779,2568.0,2217.0,2568.0,nget_circuits,202,456,400,400
255,EGGB42,STSB4B,48.084,0.0,OHL,0.052,0.8361,31.7071,2779,2568.0,2217.0,2568.0,nget_circuits,202,673,400,400
256,ELLA21,FERR22,45.565,0.0,OHL,0.1573,1.8245,13.1474,1324,1260.0,1151.0,1260.0,nget_circuits,205,231,275,275
257,ELLA21,KIRK21,33.995,5.044,Composite,0.1618,1.5765,64.0738,762,762.0,619.0,619.0,nget_circuits,205,378,275,275
258,ELLA21,STAL21,39.6,0.0,OHL,0.1647,1.6624,10.8691,955,882.0,762.0,882.0,nget_circuits,205,658,275,275
259,ELST12,HEND11,0.0,1.0,Cable,0.08099999999999999,0.634,16.009999999999998,299,275.0,218.0,275.0,nget_circuits,213,310,132,132
260,ELST21,MILH2A,6.375,6.338,Composite,0.0548,0.3963,55.677,524,524.0,430.0,430.0,nget_circuits,207,447,275,275
261,ELST21,MILH2B,6.375,6.282,Composite,0.0546,0.3952,55.2004,524,524.0,430.0,430.0,nget_circuits,207,450,275,275
262,ELST21,WARL21,59.208,0.261,Composite,0.2449,2.4665,19.2619,762,762.0,619.0,619.0,nget_circuits,207,769,275,275
263,ELST21,WATS21,5.398,0.399,Composite,0.0254,0.2396,5.8016,762,762.0,619.0,619.0,nget_circuits,207,776,275,275
264,ELST22,WARL21,59.244,0.59,Composite,0.2456,2.4772,22.8481,762,762.0,619.0,619.0,nget_circuits,209,769,275,275
265,ELST22,WATS22,5.398,0.222,Composite,0.0251,0.2347,3.8776,762,762.0,619.0,619.0,nget_circuits,209,774,275,275
266,ELST41,ELST4A,0.0,0.0,Series Reactor,0.0125,1.0,0.0,2000,2000.0,2000.0,2000.0,nget_circuits,211,206,400,400
267,ELST41,SJOW41,0.0,20.0,Cable,0.014,0.176,244.29,1767,1732.0,1663.0,1732.0,nget_circuits,211,655,400,400
268,ELST4A,SUND41,34.834,0.0,OHL,0.0749,0.6969,20.0233,1590,1500.0,1346.0,1500.0,nget_circuits,206,680,400,400
269,ELST4B,SUND42,34.706,0.0,OHL,0.0747,0.6944,19.9464,1590,1500.0,1346.0,1500.0,nget_circuits,208,678,400,400
270,ENDE41,PAFB4A,41.13,0.0,OHL,0.0709,0.8051,24.2569,2009,1911.0,1746.0,1911.0,nget_circuits,215,523,400,400
271,ENDE41,PAFB4B,41.13,0.0,OHL,0.0709,0.8051,24.2569,2009,1911.0,1746.0,1911.0,nget_circuits,215,524,400,400
272,ENDE41,RATS41,36.941,0.0,OHL,0.0399,0.5872,26.8034,2779,2568.0,2217.0,2568.0,nget_circuits,215,569,400,400
273,ENDE41,RATS41,36.873,0.0,OHL,0.0398,0.5862,26.7543,2779,2568.0,2217.0,2568.0,nget_circuits,215,569,400,400
274,EXET41,TAUN41,38.147,0.0,OHL,0.0694,0.759,22.1074,2009,1911.0,1746.0,1911.0,nget_circuits,217,693,400,400
275,EXET41,TAUN42,38.107,0.0,OHL,0.0693,0.7582,22.0842,2009,1911.0,1746.0,1911.0,nget_circuits,217,691,400,400
276,FAWL41,MANN41,57.703,3.412,Composite,0.0646,0.9849,77.9055,2779,2568.0,2217.0,2568.0,nget_circuits,218,427,400,400
277,FAWL41,MAWO41,18.639,0.0,OHL,0.0214,0.3062,13.1667,2423,2327.0,2167.0,2327.0,nget_circuits,218,429,400,400
278,FECK41,HAMH41,43.314,0.0,OHL,0.078,0.8621,25.1018,2009,1911.0,1746.0,1911.0,nget_circuits,220,285,400,400
279,FECK41,IRON41,66.123,0.0,OHL,0.123,1.3148,38.3377,2009,1911.0,1746.0,1911.0,nget_circuits,220,343,400,400
280,FECK41,MITY41,78.649,0.0,OHL,0.1527,1.5677,45.4527,1967,1874.0,1712.0,1874.0,nget_circuits,220,455,400,400
281,FECK41,WALH41,67.986,0.0,OHL,0.1237,1.3527,39.4005,1967,1875.0,1712.0,1875.0,nget_circuits,220,758,400,400
282,FENW4A,KEAD42,42.517,0.0,parallel OHL,0.0198,0.2161,24.6399,3075,2876.0,2663.0,2876.0,nget_circuits,223,359,400,400
283,FENW4A,THOM42,8.287,0.0,OHL,0.0165,0.1653,4.7826,2009,1911.0,1746.0,1911.0,nget_circuits,223,703,400,400
284,FERR21,MONF21,4.485,0.0,OHL,0.0103,0.1651,1.3966,1372,1307.0,1207.0,1307.0,nget_circuits,225,460,275,275
285,FERR21,SKLG21,20.033,0.685,Composite,0.0991,0.9874,9.8077,865,823.0,752.0,823.0,nget_circuits,225,637,275,275
286,FERR22,FERR2B,0.554,0.16,Composite,0.002,0.0234,1.3262,1031,1031.0,981.0,981.0,nget_circuits,231,226,275,275
287,FERR23,FERR2A,0.586,0.0,OHL,0.0013,0.0216,0.1825,1381,1307.0,1227.0,1307.0,nget_circuits,230,224,275,275
288,FERR2A,MONF22,3.922,0.0,OHL,0.009,0.1444,1.2212,1204,1115.0,1018.0,1115.0,nget_circuits,224,461,275,275
289,FERR2B,SKLG21,19.545,0.56,Composite,0.0975,0.9671,8.7544,865,823.0,752.0,823.0,nget_circuits,226,637,275,275
290,FFES21,TRAW21,7.291,0.133,Composite,0.0771,0.3081,2.8868,480,480.0,330.0,330.0,nget_circuits,232,736,275,275
291,FFES22,TRAW21,7.358,0.0,OHL,0.0772,0.3075,2.0153,551,512.0,442.0,512.0,nget_circuits,233,736,275,275
292,FIDF21,FIDF21,0.0,0.0,Series Reactor,0.0125,1.0,0.0,750,750.0,750.0,750.0,nget_circuits,235,235,275,275
293,FIDF21,FIDF21,0.0,0.0,Series Reactor,0.0125,1.0,0.0,750,750.0,750.0,750.0,nget_circuits,235,235,275,275
294,FIDF21,FROD21,9.145,0.0,OHL,0.021,0.3366,2.8484,1316,1213.0,1104.0,1213.0,nget_circuits,235,253,275,275
295,FIDF21,FROD22,9.145,0.0,OHL,0.021,0.3366,2.8484,1316,1213.0,1104.0,1213.0,nget_circuits,235,256,275,275
296,FIDF21,RAIN21,7.963,0.0,OHL,0.0183,0.2678,2.7299,1316,1213.0,1104.0,1213.0,nget_circuits,235,564,275,275
297,FIDF21,RAIN21,7.963,0.0,OHL,0.0183,0.2678,2.7299,1316,1213.0,1104.0,1213.0,nget_circuits,235,564,275,275
298,FLEE41,LOVE41,41.095,0.0,OHL,0.064,0.7885,24.661,3140,3086.0,2999.0,3086.0,nget_circuits,239,420,400,400
299,FLEE41,LOVE41,41.095,0.0,OHL,0.064,0.7885,24.661,3048,3048.0,2999.0,3048.0,nget_circuits,239,420,400,400
300,FOUR21,HARK24,55.711,0.0,OHL,0.3289,2.3608,15.2112,854,795.0,700.0,795.0,nget_circuits,245,294,275,275
301,FOUR21,STEW21,27.731,0.0,OHL,0.1637,1.1751,7.5717,854,795.0,700.0,795.0,nget_circuits,245,669,275,275
302,FROD41,ROCK41,1.197,0.0,OHL,0.0022,0.0238,0.6917,1100,1100.0,1100.0,1100.0,nget_circuits,255,585,400,400
303,GART4A,HUMR41,37.372,0.0,OHL,0.0413,0.7015,23.0779,3156,3032.0,2823.0,3032.0,nget_circuits,258,320,400,400
304,GART4A,KEAD43,5.711,0.0,OHL,0.0062,0.0993,3.7642,3180,3000.0,2692.0,3000.0,nget_circuits,258,361,400,400
305,GART4B,KEAD41,5.689,0.0,OHL,0.0062,0.0989,3.7497,3180,3000.0,2692.0,3000.0,nget_circuits,257,355,400,400
306,GART4B,KILL41,34.462,0.0,OHL,0.038,0.6467,21.2883,3156,3032.0,2823.0,3032.0,nget_circuits,257,371,400,400
307,GRAI41,GRAI41,0.0,0.0,Series Reactor,0.0027,2.3091,0.0,2002,2002.0,2002.0,2002.0,nget_circuits,259,259,400,400
308,GRAI41,GRAI41,0.0,0.0,Zero Length,0.0,0.0,0.0,3326,3160.0,2971.0,3160.0,nget_circuits,259,259,400,400
309,GRAI41,GRAI41,0.0,0.0,Zero Length,0.0,0.0,0.0,3326,3160.0,2971.0,3160.0,nget_circuits,259,259,400,400
310,GRAI41,GRAI41,0.0,0.0,Zero Length,0.0,0.0,0.0,3326,3160.0,2971.0,3160.0,nget_circuits,259,259,400,400
311,GRAI41,KEMS41,7.992,1.93,Composite,0.0106,0.1512,34.7588,2643,2570.0,2397.0,2570.0,nget_circuits,259,368,400,400
312,GRAI41,KEMS41,7.992,1.93,Composite,0.0106,0.1512,34.7588,2643,2570.0,2397.0,2570.0,nget_circuits,259,368,400,400
313,GRAI41,KINO41,11.507,0.8,parallel Composite,0.0126,0.2028,18.5632,3326,3160.0,2633.0,2813.0,nget_circuits,259,372,400,400
314,GRAI41,MEDW41,2.5,0.0,OHL,0.0054,0.0513,1.3945,1390,1390.0,1390.0,1390.0,nget_circuits,259,437,400,400
315,GRAI41,TILB41,26.642,2.049,Composite,0.0302,0.4832,61.2333,2003,2003.0,1939.0,2003.0,nget_circuits,259,714,400,400
316,GREN41,MARH4A,28.74,0.0,OHL,0.0522,0.5717,16.6594,2514,2439.0,2314.0,2439.0,nget_circuits,268,433,400,400
317,GREN41,MARH4B,28.56,0.0,OHL,0.052,0.5682,16.5517,2009,1911.0,1746.0,1911.0,nget_circuits,268,434,400,400
318,GREN41,MILL4A,26.0,0.0,OHL,0.0473,0.5173,15.0681,2009,1911.0,1746.0,1911.0,nget_circuits,268,445,400,400
319,GREN41,MILL4B,26.0,0.0,OHL,0.0473,0.5173,15.0681,2009,1911.0,1746.0,1911.0,nget_circuits,268,443,400,400
320,GRIW41,KEAD41,49.379,0.0,OHL,0.047,0.873,32.3362,3075,2876.0,2663.0,2876.0,nget_circuits,273,355,400,400
321,GRIW41,SHBA41,12.673,0.0,OHL,0.0127,0.2284,8.1498,2860,2720.0,2484.0,2720.0,nget_circuits,273,639,400,400
322,GRSA21,LACK2A,1.016,0.15,Composite,0.0049,0.0466,1.8737,1175,1119.0,1023.0,1119.0,nget_circuits,271,383,275,275
323,GRSA21,LACK2B,1.016,0.15,Composite,0.0049,0.0466,1.8737,1129,1119.0,1000.0,1000.0,nget_circuits,271,387,275,275
324,GRSA21,WILT2A,0.0,1.0,Cable,0.0,0.011,0.0,207,196.0,183.0,196.0,nget_circuits,271,832,275,275
325,GRSA21,WILT2B,0.0,1.0,Cable,0.0,0.011,0.0,207,198.0,185.0,198.0,nget_circuits,271,833,275,275
326,GRSB21,LACK2B,0.63,0.15,Composite,0.0031,0.0298,1.7716,1129,1119.0,1000.0,1000.0,nget_circuits,272,387,275,275
327,GRSB21,LACK2C,0.63,0.15,Composite,0.0031,0.0298,1.7716,1129,1119.0,1000.0,1000.0,nget_circuits,272,386,275,275
328,GRSB21,WILT2C,0.0,1.0,Cable,0.0,0.011,0.0,198,198.0,180.0,180.0,nget_circuits,272,835,275,275
329,GRSB21,WILT2D,0.0,1.0,Cable,0.0,0.011,0.0,206,204.0,190.0,204.0,nget_circuits,272,834,275,275
330,HACK2A,TOTT2B,5.754,0.292,Composite,0.0268,0.2517,4.735,1093,1031.0,926.0,1031.0,nget_circuits,280,730,275,275
331,HACK2B,TOTT2A,5.754,0.292,Composite,0.0268,0.2517,4.735,1093,1031.0,926.0,1031.0,nget_circuits,277,727,275,275
332,HACK41,HIBU41,0.0,6.858,Cable,0.0043,0.0827,72.4072,1770,1730.0,1600.0,1730.0,nget_circuits,282,316,400,400
333,HACK41,HIBU41,0.0,6.858,Cable,0.0043,0.0827,72.4072,1770,1730.0,1600.0,1730.0,nget_circuits,282,316,400,400
334,HACK41,WHAM41,0.0,6.148,Cable,0.0049,0.0904,101.6264,1857,1729.0,1587.0,1729.0,nget_circuits,282,804,400,400
335,HACK41,WHAM41,0.0,6.148,Cable,0.0049,0.0904,101.6264,1857,1729.0,1587.0,1729.0,nget_circuits,282,804,400,400
336,HAKB1-,HARK13,1.0,0.0,OHL,0.7047,2.0317,0.451,132,123.0,106.0,123.0,nget_circuits,298,292,132,132
337,HAKB4-,HARK41,9.857,0.0,OHL,0.0157,0.1946,5.7661,2169,2084.0,1940.0,2084.0,nget_circuits,296,293,400,400
338,HAKB4B,HARK41,9.857,0.0,OHL,0.0157,0.1946,5.7661,2170,2084.0,1941.0,2084.0,nget_circuits,297,293,400,400
339,HAMB4A,HEYS41,25.85,0.0,OHL,0.0229,0.444,17.3733,3326,3299.0,3098.0,3299.0,nget_circuits,284,311,400,400
340,HAMB4A,PEWO41,19.698,0.752,parallel Composite,0.0308,0.3917,24.9792,2473,2473.0,2189.0,2189.0,nget_circuits,284,547,400,400
341,HAMB4A,STAH4A,3.926,0.0,OHL,0.0085,0.0806,2.1967,240,240.0,240.0,240.0,nget_circuits,284,660,400,400
342,HAMB4B,HEYS41,26.02,0.0,OHL,0.0231,0.4469,17.4871,3326,3326.0,3111.0,3326.0,nget_circuits,283,311,400,400
343,HAMB4B,PEWO41,19.698,0.592,parallel Composite,0.0308,0.3911,20.9006,2473,2473.0,2189.0,2189.0,nget_circuits,283,547,400,400
344,HAMB4B,STAH4B,3.926,0.0,OHL,0.0085,0.0806,2.1967,240,240.0,240.0,240.0,nget_circuits,283,662,400,400
345,HAMH1A,LEMR11,0.0,1.0,Cable,0.016,0.098,1.942,30,30.0,30.0,30.0,nget_circuits,287,396,132,132
346,HAMH1B,LEMR11,0.0,1.0,Cable,0.027,0.129,0.42400099999999996,30,30.0,30.0,30.0,nget_circuits,288,396,132,132
347,HAMH2A,NECH21,10.439,0.0,OHL,0.0239,0.3843,3.2511,1362,1285.0,1202.0,1285.0,nget_circuits,286,465,275,275
348,HAMH41,WILE41,84.14,0.7,Composite,0.1206,1.5777,77.2944,2009,1912.0,1746.0,1912.0,nget_circuits,285,831,400,400
349,HARK13,JUNV1-,1.0,0.0,OHL,1.194,2.729,0.743,132,123.0,106.0,123.0,nget_circuits,292,354,132,132
350,HARK21,HARK21,0.0,0.05,Cable,0.0001,0.0013,0.258,953,953.0,953.0,953.0,nget_circuits,291,291,275,275
351,HARK21,HARK23,0.0,0.0,SSSC,0.0,0.3174,0.0,1521,1461.0,1361.0,1461.0,nget_circuits,291,295,275,275
352,HARK21,HARK24,0.0,0.0,SSSC,0.0,1.8512,0.0,1524,1524.0,1524.0,1524.0,nget_circuits,291,294,275,275
353,HARK23,STEW21,83.682,0.117,Composite,0.4944,3.549,23.7211,774,774.0,676.0,676.0,nget_circuits,295,669,275,275
354,HARK41,HUTT42,81.444,0.0,OHL,0.1269,1.564,48.8314,2771,2771.0,2771.0,2771.0,nget_circuits,293,326,400,400
355,HARK41,HUTT43,81.444,0.0,OHL,0.1269,1.564,48.8314,2771,2771.0,2771.0,2771.0,nget_circuits,293,327,400,400
356,HARM21,HATL21,13.983,0.0,OHL,0.0472,0.5702,3.9648,1093,1031.0,925.0,1031.0,nget_circuits,303,301,275,275
357,HARM21,HAWP21,17.287,0.0,OHL,0.0584,0.7033,4.9126,1204,1115.0,1018.0,1115.0,nget_circuits,303,306,275,275
358,HATL21,HAWP2A,31.443,0.0,OHL,0.1066,1.2811,8.9228,1093,1031.0,926.0,1031.0,nget_circuits,301,308,275,275
359,HATL21,SALH21,7.794,0.0,OHL,0.0327,0.3353,2.0878,1382,1279.0,1157.0,1279.0,nget_circuits,301,606,275,275
360,HATL21,TODP21,18.433,0.0,OHL,0.0713,0.7756,5.0465,1381,1279.0,1157.0,1279.0,nget_circuits,301,724,275,275
361,HATL21,WBOL21,49.164,0.0,OHL,0.1929,2.0384,13.6728,1093,1031.0,926.0,1031.0,nget_circuits,301,779,275,275
362,HAWP21,NORT21,30.238,0.459,Composite,0.0719,1.1367,14.2369,908,874.0,720.0,801.0,nget_circuits,306,488,275,275
363,HAWP21,OFFE21,9.514,0.0,OHL,0.0379,0.3948,2.6412,1093,1031.0,925.0,1031.0,nget_circuits,306,509,275,275
364,HAWP2A,WBOL21,17.721,0.0,OHL,0.0705,0.7355,4.9196,1180,1120.0,1020.0,1120.0,nget_circuits,308,779,275,275
365,HAWP4A,NORT41,30.157,0.0,OHL,0.0335,0.531,19.6771,2545,2421.0,2211.0,2421.0,nget_circuits,305,489,400,400
366,HEDO21,SAES21,0.605,0.0,OHL,0.0017,0.0226,0.1876,1749,1664.0,1520.0,1664.0,nget_circuits,309,605,275,275
367,HEYS41,MIDL41,0.9,0.0,OHL,0.0008,0.0155,0.6049,3326,3160.0,2971.0,3160.0,nget_circuits,311,442,400,400
368,HEYS41,QUER4B,9.604,0.0,OHL,0.0085,0.165,6.4553,3326,3299.0,3098.0,3299.0,nget_circuits,311,562,400,400
369,HIBU41,SJOW41,0.0,5.814,Cable,0.0037,0.0701,61.3846,1770,1730.0,1600.0,1730.0,nget_circuits,316,655,400,400
370,HIBU41,SJOW41,0.0,5.814,Cable,0.0037,0.0701,61.3846,1770,1730.0,1600.0,1730.0,nget_circuits,316,655,400,400
371,HIGM21,THUR2A,46.867,0.0,OHL,0.492,1.9585,12.7959,626,591.0,535.0,591.0,nget_circuits,314,706,275,275
372,HIGM41,WBUR41,14.852,0.229,Composite,0.0254,0.2958,13.2571,2212,2125.0,1979.0,2125.0,nget_circuits,315,782,400,400
373,HIGM4A,STOB41,39.671,0.0,OHL,0.0722,0.7893,22.9886,2147,2056.0,1904.0,2056.0,nget_circuits,313,676,400,400
374,HINP41,MELK41,86.136,0.0,OHL,0.1564,1.7133,49.9342,2009,1911.0,1746.0,1911.0,nget_circuits,319,440,400,400
375,HINP41,SAFO41,26.571,8.99,Composite,0.0421,0.5575,219.4497,2009,1911.0,1746.0,1911.0,nget_circuits,319,610,400,400
376,HINP41,SHUR41,1.2,0.0,OHL,0.002,0.0238,0.6985,3100,3050.0,2960.0,3050.0,nget_circuits,319,630,400,400
377,HINP41,TAUN42,26.613,0.0,OHL,0.0484,0.5295,15.421,2212,2125.0,1979.0,2125.0,nget_circuits,319,691,400,400
378,HUMR41,KILL41,2.879,0.0,OHL,0.0032,0.0543,1.7706,2771,2771.0,2771.0,2771.0,nget_circuits,320,371,400,400
379,HURS21,LITT2A,5.164,2.613,Composite,0.0288,0.2786,27.8693,864,864.0,824.0,855.0,nget_circuits,324,414,275,275
380,HURS21,LITT2B,5.14,2.659,Composite,0.0288,0.2786,28.329,864,864.0,824.0,861.0,nget_circuits,324,412,275,275
381,HURS21,NEWX21,0.0,21.864,Cable,0.0437,0.5007,221.4823,890,882.0,704.0,784.0,nget_circuits,324,478,275,275
382,HURS21,NEWX21,0.0,21.106,Cable,0.0422,0.4833,213.8038,890,882.0,704.0,784.0,nget_circuits,324,478,275,275
383,HUTT41,HUTT42,0.0,0.0,Series Capacitor,0.0,0.5114,0.0,2771,2771.0,2771.0,2771.0,nget_circuits,330,326,400,400
384,HUTT41,HUTT43,0.0,0.0,Series Capacitor,0.0,0.5114,0.0,2771,2771.0,2771.0,2771.0,nget_circuits,330,327,400,400
385,HUTT41,QUER4A,34.42,0.0,OHL,0.0536,0.6617,20.6138,3102,3048.0,2958.0,3048.0,nget_circuits,330,561,400,400
386,HUTT41,QUER4B,34.42,0.0,OHL,0.0536,0.6617,20.6138,3102,3048.0,2958.0,3048.0,nget_circuits,330,562,400,400
387,IMPP41,MELK41,78.775,3.913,Composite,0.0882,1.4129,130.2038,1424,1424.0,1424.0,1424.0,nget_circuits,332,440,400,400
388,INDQ41,LAND41,49.565,0.0,OHL,0.107,0.9921,28.4764,2199,2092.0,1911.0,2092.0,nget_circuits,335,394,400,400
389,INDQ41,LAND42,49.565,0.0,OHL,0.107,0.9921,28.4764,1389,1284.0,1108.0,1284.0,nget_circuits,335,393,400,400
390,IROA11,OLDS12,1.0,0.0,OHL,0.298,2.366,3.453,452,423.0,365.0,372.0,nget_circuits,339,514,132,132
391,IROA12,OLDS12,1.0,0.0,OHL,0.297,2.3609999999999998,2.693,457,424.0,366.0,372.0,nget_circuits,336,514,132,132
392,IROA21,MELK2A,33.683,0.38,Composite,0.1862,1.7591,10.7703,581,581.0,524.0,524.0,nget_circuits,338,439,275,275
393,IROA21,MELK2B,33.683,0.951,Composite,0.1877,1.7704,15.6295,581,581.0,524.0,524.0,nget_circuits,338,441,275,275
394,IROA21,WHSO2A,34.621,0.0,OHL,0.2033,1.4667,9.4554,750,750.0,715.0,750.0,nget_circuits,338,815,275,275
395,IROA21,WHSO2B,34.555,0.0,OHL,0.2034,1.4638,9.4375,750,750.0,715.0,750.0,nget_circuits,338,817,275,275
396,IRON41,LEGA4B,62.073,0.0,OHL,0.0991,1.1937,37.3273,2002,2002.0,2002.0,2002.0,nget_circuits,343,397,400,400
397,IRON41,PENN4A,27.761,0.0,OHL,0.0574,0.5549,15.9851,1389,1284.0,1108.0,1284.0,nget_circuits,343,536,400,400
398,IRON41,PENN4B,24.617,0.0,OHL,0.0488,0.491,14.2132,1590,1500.0,1346.0,1500.0,nget_circuits,343,534,400,400
399,IRON41,RUGE41,58.681,0.0,OHL,0.1135,1.1701,33.9045,1389,1284.0,1108.0,1284.0,nget_circuits,343,591,400,400
400,IRON41,SHRE4A,15.129,0.0,OHL,0.0242,0.2909,9.0977,2397,2302.0,2144.0,2302.0,nget_circuits,343,628,400,400
401,IVER21,NHYD2A,0.0,13.63,Cable,0.06,0.3489,91.1847,419,419.0,381.0,381.0,nget_circuits,345,487,275,275
402,IVER21,WWEY22,25.652,0.342,Composite,0.0975,1.059,10.9579,960,960.0,839.0,839.0,nget_circuits,345,798,275,275
403,IVER22,NHYD2B,0.0,13.63,Cable,0.06,0.3489,91.1847,419,419.0,381.0,381.0,nget_circuits,351,486,275,275
404,IVER22,WATS21,13.881,0.483,Composite,0.0643,0.601,9.0158,776,776.0,631.0,631.0,nget_circuits,351,776,275,275
405,IVER22,WATS22,13.881,0.436,Composite,0.0642,0.5997,8.5049,776,776.0,631.0,631.0,nget_circuits,351,774,275,275
406,IVER2A,LALE21,17.186,0.402,Composite,0.0656,0.7143,9.2206,841,841.0,665.0,665.0,nget_circuits,346,389,275,275
407,JORD21,NORL2B,0.0,2.843,Cable,0.0109,0.0719,20.1177,419,419.0,381.0,381.0,nget_circuits,352,493,275,275
408,KEAD42,WBUR42,28.425,0.0,OHL,0.0308,0.4944,18.7376,2779,2568.0,2217.0,2568.0,nget_circuits,359,783,400,400
409,KEAD43,KILL41,41.067,0.0,OHL,0.0403,0.7345,26.6033,3060,2931.0,2715.0,2931.0,nget_circuits,361,371,400,400
410,KEAD43,WBUR41,28.266,0.0,OHL,0.0307,0.4916,18.6331,3326,3160.0,2971.0,3160.0,nget_circuits,361,782,400,400
411,KEAR21,WHGA21,14.509,0.241,Composite,0.0667,0.6208,6.5558,835,835.0,665.0,665.0,nget_circuits,365,810,275,275
412,KEAR21,WHGA21,14.509,0.129,Composite,0.0665,0.6177,5.3384,213,213.0,289.0,289.0,nget_circuits,365,810,275,275
413,KEAR41,PADI41,39.101,0.0,OHL,0.0567,0.7296,24.2055,2169,2084.0,1940.0,2084.0,nget_circuits,362,522,400,400
414,KEMS41,LOFI4A,38.035,0.0,OHL,0.0623,0.726,23.0007,3102,2935.0,2765.0,2935.0,nget_circuits,368,418,400,400
415,KEMS41,LOFI4B,37.572,0.0,OHL,0.0617,0.7176,22.7061,3102,2935.0,2765.0,2935.0,nget_circuits,368,419,400,400
416,KENG41,SJOW41,0.0,4.769,Cable,0.0032,0.0564,52.0546,1327,1298.0,1200.0,1298.0,nget_circuits,370,655,400,400
417,KENG41,SJOW41,0.0,4.756,Cable,0.0032,0.0562,51.9127,1327,1298.0,1200.0,1298.0,nget_circuits,370,655,400,400
418,KENG41,WIMB41,0.0,12.329,Cable,0.0085,0.1557,134.5735,1770,1730.0,1600.0,1730.0,nget_circuits,370,837,400,400
419,KENG41,WIMB41,0.0,12.2,Cable,0.0084,0.1541,133.1654,1770,1730.0,1600.0,1730.0,nget_circuits,370,837,400,400
420,KENG41,WISD41,0.0,2.939,Cable,0.002,0.0347,32.0798,1770,1730.0,1600.0,1730.0,nget_circuits,370,822,400,400
421,KENG41,WISD42,0.0,2.989,Cable,0.002,0.0353,32.6255,1770,1730.0,1600.0,1730.0,nget_circuits,370,825,400,400
422,KIBY21,LISD21,0.0,10.239,Cable,0.0173,0.2966,60.8154,762,762.0,698.0,698.0,nget_circuits,375,405,275,275
423,KIBY21,LISD21,0.0,9.518,Cable,0.0228,0.2008,86.3283,762,762.0,619.0,619.0,nget_circuits,375,405,275,275
424,KIBY21,RAIN21,11.236,0.0,OHL,0.0258,0.3778,3.8519,1416,1339.0,1258.0,1339.0,nget_circuits,375,564,275,275
425,KIBY21,RAIN21,11.236,0.0,OHL,0.0258,0.3778,3.8519,1416,1339.0,1258.0,1339.0,nget_circuits,375,564,275,275
426,KIBY21,WASF2A,10.945,0.0,OHL,0.0414,0.4478,3.0891,1521,1461.0,1360.0,1461.0,nget_circuits,375,771,275,275
427,KIBY21,WASF2B,10.978,0.0,OHL,0.0415,0.4491,3.0984,1521,1461.0,1360.0,1461.0,nget_circuits,375,772,275,275
428,KILL41,KILL41,0.0,0.0,Series Reactor,0.0,1.0,0.0,2750,2750.0,2750.0,2750.0,nget_circuits,371,371,400,400
429,KILL41,SHBA41,17.05,0.0,OHL,0.0179,0.3134,10.7556,2860,2720.0,2484.0,2720.0,nget_circuits,371,639,400,400
430,KINO41,KINO41,0.0,0.0,Series Reactor,0.0027,2.0,0.0,2002,2002.0,2002.0,2002.0,nget_circuits,372,372,400,400
431,KINO41,KINO41,0.0,0.0,Series Reactor,0.0027,2.0,0.0,2002,2002.0,2002.0,2002.0,nget_circuits,372,372,400,400
432,KINO41,NFLE41,23.626,0.0,OHL,0.0284,0.4216,15.2234,3102,2935.0,2692.0,2935.0,nget_circuits,372,483,400,400
433,KINO41,SING41,17.685,0.0,OHL,0.0192,0.3076,11.6582,2889,2748.0,2510.0,2748.0,nget_circuits,372,631,400,400
434,KINO41,TILB41,15.478,1.835,Composite,0.0181,0.2893,46.9053,2003,2003.0,1948.0,1948.0,nget_circuits,372,714,400,400
435,KIRK2A,SKLG21,0.0,8.608,Cable,0.0146,0.2402,93.5689,762,762.0,619.0,619.0,nget_circuits,376,637,275,275
436,KITW21,OCKH21,13.738,0.222,Composite,0.0525,0.5743,6.2479,772,772.0,619.0,619.0,nget_circuits,379,505,275,275
437,KITW21,OLDB21,7.704,0.597,Composite,0.0301,0.3318,8.6639,667,667.0,619.0,619.0,nget_circuits,379,511,275,275
438,KNAR21,MONF21,38.531,0.141,Composite,0.2716,1.7712,11.0429,551,513.0,443.0,513.0,nget_circuits,382,460,275,275
439,KNAR21,POPP21,49.192,0.0,OHL,0.3299,2.3254,12.2192,551,512.0,442.0,512.0,nget_circuits,382,556,275,275
440,LACK21,TODP21,5.965,0.0,OHL,0.0212,0.2477,1.654,1408,1332.0,1251.0,1332.0,nget_circuits,384,724,275,275
441,LACK41,SALH41,10.237,0.25,Composite,0.0184,0.2024,10.54,1831,1739.0,1588.0,1739.0,nget_circuits,388,608,400,400
442,LACK41,THTO41,92.075,5.7,Composite,0.1057,1.6537,264.9969,2418,2418.0,2030.0,2030.0,nget_circuits,388,697,400,400
443,LACK41,THTO42,92.075,5.7,Composite,0.1057,1.6537,264.9969,2418,2418.0,2030.0,2030.0,nget_circuits,388,699,400,400
444,LAGA41,LAND41,21.224,0.0,OHL,0.0339,0.4081,12.7628,2423,2327.0,2168.0,2327.0,nget_circuits,395,394,400,400
445,LAGA41,LAND42,21.355,0.0,OHL,0.0341,0.4108,12.8376,1389,1284.0,1108.0,1284.0,nget_circuits,395,393,400,400
446,LALE21,WWEY2A,8.395,0.0,OHL,0.0317,0.3434,2.3695,1316,1213.0,1104.0,1213.0,nget_circuits,389,801,275,275
447,LEGA41,TREU4A,12.119,0.0,OHL,0.0135,0.2316,7.3388,2860,2720.0,2484.0,2720.0,nget_circuits,400,740,400,400
448,LEGA41,TREU4B,12.119,0.0,OHL,0.0135,0.2316,7.3388,2860,2720.0,2484.0,2720.0,nget_circuits,400,739,400,400
449,LEGA4A,SHRE4A,46.944,0.0,OHL,0.075,0.9028,28.2295,2002,2002.0,2002.0,2002.0,nget_circuits,399,628,400,400
450,LEIB4A,SUND42,13.455,0.0,OHL,0.0119,0.2311,9.0472,2779,2568.0,2217.0,2568.0,nget_circuits,402,678,400,400
451,LEIB4B,SUND41,13.455,0.0,OHL,0.0119,0.2311,9.0472,2779,2568.0,2217.0,2568.0,nget_circuits,401,680,400,400
452,LEIS11,SIZE11,0.0,2.149,Cable,0.0196,0.2155,4.8028,301,301.0,243.0,243.0,nget_circuits,404,634,132,132
453,LEIS11,SIZE12,0.0,2.148,Cable,0.0195,0.2154,4.8006,301,301.0,243.0,243.0,nget_circuits,404,632,132,132
454,LEIS11,SIZE1A,0.0,1.65,Cable,0.015,0.1655,3.6876,301,301.0,243.0,243.0,nget_circuits,404,635,132,132
455,LEIS11,SIZE1B,0.0,1.65,Cable,0.015,0.1655,3.6876,301,301.0,243.0,243.0,nget_circuits,404,633,132,132
456,LEIS4A,SIZE41,0.81,0.0,OHL,0.0009,0.0141,0.534,2779,2569.0,2217.0,2569.0,nget_circuits,403,636,400,400
457,LISD21,LISD2A,0.0,0.0,Series Reactor,0.0173,1.387,0.0,750,750.0,740.0,740.0,nget_circuits,405,406,275,275
458,LITT41,LITT41,0.0,1.0,Cable,0.0007,0.0118,10.9152,2063,2063.0,2063.0,2063.0,nget_circuits,413,413,400,400
459,LITT41,LOFI4A,8.152,0.0,OHL,0.0127,0.157,4.8712,3103,3048.0,2959.0,3048.0,nget_circuits,413,418,400,400
460,LITT41,LOFI4B,8.152,0.0,OHL,0.0127,0.157,4.8712,3055,3048.0,2959.0,3048.0,nget_circuits,413,419,400,400
461,LITT41,WTHU4E,1.847,1.853,Composite,0.0041,0.0575,21.3295,1936,1883.0,1666.0,1815.0,nget_circuits,413,791,400,400
462,LITT41,WTHU4F,1.847,1.853,Composite,0.0041,0.0575,21.3295,1936,1883.0,1666.0,1815.0,nget_circuits,413,789,400,400
463,LOFI4A,ROWD4A,26.714,0.0,OHL,0.0576,0.5347,15.3479,1590,1500.0,1346.0,1500.0,nget_circuits,418,588,400,400
464,LOFI4B,ROWD4B,26.714,0.0,OHL,0.0576,0.5347,15.3479,1590,1500.0,1346.0,1500.0,nget_circuits,419,589,400,400
465,LOVE41,NURS41,36.477,0.0,OHL,0.0396,0.6344,24.0461,2771,2568.0,2217.0,2568.0,nget_circuits,420,501,400,400
466,LOVE41,NURS4A,36.477,0.0,OHL,0.0396,0.6344,24.0461,2779,2568.0,2217.0,2568.0,nget_circuits,420,503,400,400
467,MACC41,STAL4B,31.196,0.0,OHL,0.062,0.617,18.1761,1710,1627.0,1488.0,1627.0,nget_circuits,426,659,400,400
468,MAGA21,PYLE21,6.238,0.0,OHL,0.0211,0.2537,1.7667,1204,1115.0,1018.0,1115.0,nget_circuits,430,559,275,275
469,MANN41,MANN41,0.0,0.0,Zero Length,0.0,0.0,0.0,3326,3160.0,2971.0,3160.0,nget_circuits,427,427,400,400
470,MANN41,MANN41,0.0,0.0,Zero Length,0.0,0.0,0.0,3326,3160.0,2971.0,3160.0,nget_circuits,427,427,400,400
471,MANN41,NURS4A,36.411,3.412,Composite,0.0416,0.6467,62.4474,2779,2568.0,2217.0,2568.0,nget_circuits,427,503,400,400
472,MARH41,MARH4A,0.0,0.0,Zero Length,0.0,0.0,0.0,2860,2860.0,2860.0,2860.0,nget_circuits,432,433,400,400
473,MARH42,MARH4B,0.0,0.0,Zero Length,0.0,0.0,0.0,2860,2860.0,2860.0,2860.0,nget_circuits,431,434,400,400
474,MAWO41,NURS41,7.441,0.0,OHL,0.0093,0.1281,5.0417,2423,2327.0,2167.0,2327.0,nget_circuits,429,501,400,400
475,MEDB4A,STEW41,7.0,0.0,OHL,0.0062,0.1202,4.705,3326,3326.0,3326.0,3326.0,nget_circuits,435,670,400,400
476,MEDB4A,STWB4R,87.852,0.0,OHL,0.0779,1.5089,59.0491,3326,3326.0,3326.0,3326.0,nget_circuits,435,672,400,400
477,MEDB4B,STEW41,7.0,0.0,OHL,0.0062,0.1202,4.705,3326,3326.0,3326.0,3326.0,nget_circuits,436,670,400,400
478,MEDB4B,STWB4Q,87.852,0.0,OHL,0.0779,1.5089,59.0491,3326,3326.0,3326.0,3326.0,nget_circuits,436,671,400,400
479,MELK41,MITY41,28.101,0.0,OHL,0.0511,0.5591,16.2853,2105,2016.0,1867.0,2016.0,nget_circuits,440,455,400,400
480,MELK41,MITY41,28.052,0.0,OHL,0.051,0.5581,16.257,2105,2016.0,1867.0,2016.0,nget_circuits,440,455,400,400
481,MELK41,SAFO41,85.26,8.94,Composite,0.1484,1.7246,252.3421,2009,1911.0,1746.0,1911.0,nget_circuits,440,610,400,400
482,MELK41,SEAB41,53.558,0.0,OHL,0.0598,0.9451,34.8897,2545,2421.0,2211.0,2421.0,nget_circuits,440,614,400,400
483,MIDL41,QUER4A,9.704,0.0,OHL,0.0086,0.1667,6.5225,3326,3160.0,2971.0,3160.0,nget_circuits,442,561,400,400
484,MILL41,MILL4A,0.34,0.0,OHL,0.0006,0.0068,0.197,352,352.0,352.0,352.0,nget_circuits,444,445,400,400
485,MILL42,MILL4B,0.34,0.0,OHL,0.0006,0.0068,0.197,352,352.0,352.0,352.0,nget_circuits,446,443,400,400
486,MILL4A,SUND41,13.75,0.0,OHL,0.025,0.2736,7.9687,2009,1911.0,1746.0,1911.0,nget_circuits,445,680,400,400
487,MILL4B,SUND42,13.955,1.0,Composite,0.0254,0.2777,8.0872,2009,1911.0,1746.0,1911.0,nget_circuits,443,678,400,400
488,MONF22,POPP21,37.84,0.0,OHL,0.208,2.0034,8.337,682,629.0,538.0,629.0,nget_circuits,461,556,275,275
489,MONF41,PADI41,87.848,0.0,OHL,0.1064,1.6286,54.7416,2518,2395.0,2188.0,2395.0,nget_circuits,456,522,400,400
490,NECT41,NECT4A,0.0,0.0,Zero Length,0.0,0.0,0.0,1364,1364.0,1250.0,1250.0,nget_circuits,466,468,400,400
491,NECT41,NECT4B,0.0,0.0,Zero Length,0.0,0.0,0.0,3326,3323.0,3100.0,3323.0,nget_circuits,466,467,400,400
492,NECT4A,NORM41,37.492,0.0,OHL,0.0332,0.644,25.1993,3326,3326.0,3317.0,3326.0,nget_circuits,468,498,400,400
493,NECT4A,WALP41,41.619,0.0,OHL,0.0369,0.7148,27.9739,3326,3299.0,3078.0,3299.0,nget_circuits,468,759,400,400
494,NECT4B,NORM41,37.492,0.0,OHL,0.0332,0.644,25.1993,3326,3258.0,3060.0,3258.0,nget_circuits,467,498,400,400
495,NECT4B,WALP41,41.619,0.0,OHL,0.0369,0.7148,27.9739,3326,3160.0,2971.0,3160.0,nget_circuits,467,759,400,400
496,NEEP21,PITS21,0.851,3.975,Composite,0.0214,0.1378,26.8236,419,419.0,381.0,381.0,nget_circuits,470,552,275,275
497,NEEP21,SHEC21,0.851,4.428,Composite,0.0234,0.1494,29.8542,419,419.0,381.0,381.0,nget_circuits,470,625,275,275
498,NEEP4A,STSB4B,12.801,0.0,OHL,0.0276,0.2627,7.1402,2779,2568.0,2217.0,2568.0,nget_circuits,471,673,400,400
499,NEWX21,WIMB21,0.0,13.629,Cable,0.0273,0.3121,138.0617,827,827.0,779.0,779.0,nget_circuits,478,840,275,275
500,NEWX21,WIMB21,0.0,13.629,Cable,0.0273,0.3121,138.0617,819,819.0,813.0,813.0,nget_circuits,478,840,275,275
501,NFLE41,SING41,5.941,0.0,OHL,0.0093,0.114,3.5652,2889,2748.0,2510.0,2748.0,nget_circuits,483,631,400,400
502,NFLE41,WTHU4A,7.511,0.0,OHL,0.0137,0.1494,4.3529,2004,1907.0,1746.0,1907.0,nget_circuits,483,788,400,400
503,NFLE41,WTHU4B,7.511,0.0,OHL,0.0137,0.1494,4.3529,2004,1907.0,1746.0,1907.0,nget_circuits,483,790,400,400
504,NORL2A,SHEC21,0.0,4.372,Cable,0.0192,0.1119,29.2487,419,419.0,381.0,381.0,nget_circuits,492,625,275,275
505,NORL2B,PITS21,0.0,10.751,Cable,0.0473,0.2752,71.9242,419,419.0,381.0,381.0,nget_circuits,493,552,275,275
506,NORM11,NOTR11,0.0,1.0,Cable,0.23600000000000002,0.7780020000000001,0.315,352,265.0,290.0,290.0,nget_circuits,497,500,132,132
507,NORM12,NOTR12,0.0,1.0,Cable,0.2362,0.7780020000000001,0.3149,324,299.0,324.0,299.0,nget_circuits,494,499,132,132
508,NORT21,SALH21,12.178,0.0,OHL,0.0464,0.526,3.2482,1381,1293.0,1197.0,1293.0,nget_circuits,488,606,275,275
509,NORT41,OSBA41,83.839,0.0,OHL,0.1132,1.593,51.0467,2009,1911.0,1746.0,1911.0,nget_circuits,489,515,400,400
510,NORT41,OSBA42,83.839,0.0,OHL,0.1132,1.593,51.0467,2009,1911.0,1746.0,1911.0,nget_circuits,489,517,400,400
511,NORT41,SALH42,12.206,0.0,OHL,0.022,0.2492,6.888,1831,1739.0,1588.0,1739.0,nget_circuits,489,609,400,400
512,NORT41,SPEN41,21.134,2.0,Composite,0.0276,0.4062,12.7287,2545,2421.0,2211.0,2421.0,nget_circuits,489,648,400,400
513,NORT41,SPEN42,21.134,2.0,Composite,0.0276,0.4062,12.7287,2545,2421.0,2211.0,2421.0,nget_circuits,489,649,400,400
514,OCKH21,WIEN2A,4.623,0.283,Composite,0.0216,0.202,4.2819,672,672.0,599.0,599.0,nget_circuits,505,821,275,275
515,OCKH2A,WIEN2B,4.67,0.0,OHL,0.0213,0.1977,1.2665,760,760.0,760.0,760.0,nget_circuits,504,820,275,275
516,OFFE21,WBOL21,8.207,0.0,OHL,0.0327,0.3406,2.2784,1148,1086.0,1018.0,1086.0,nget_circuits,509,779,275,275
517,OSBA41,THTO43,16.79,0.0,OHL,0.0182,0.292,11.0682,2779,2568.0,2217.0,2568.0,nget_circuits,515,698,400,400
518,OSBA42,THTO41,16.79,0.0,OHL,0.0182,0.292,11.0682,2771,2568.0,2217.0,2568.0,nget_circuits,517,697,400,400
519,PADI41,PEWO4B,37.608,0.0,OHL,0.0556,0.7049,23.1779,2169,2084.0,1940.0,2084.0,nget_circuits,522,546,400,400
520,PELH41,RYEH4A,23.015,0.0,OHL,0.025,0.4003,15.1704,2779,2568.0,2217.0,2568.0,nget_circuits,525,600,400,400
521,PELH41,RYEH4B,23.439,0.0,OHL,0.0254,0.4077,15.4489,2779,2569.0,2217.0,2569.0,nget_circuits,525,595,400,400
522,PELH41,SUND42,45.13,0.0,OHL,0.0487,0.752,31.2185,3180,3000.0,2692.0,3000.0,nget_circuits,525,678,400,400
523,PELH41,WYMO41,26.856,0.0,OHL,0.029,0.4469,18.6034,2771,2771.0,2692.0,2771.0,nget_circuits,525,846,400,400
524,PEMB41,SWAN41,84.697,0.0,OHL,0.0919,1.4731,55.833,2779,2568.0,2217.0,2568.0,nget_circuits,531,685,400,400
525,PEMB41,SWAN41,83.975,0.0,OHL,0.0911,1.4606,55.3574,2779,2568.0,2217.0,2568.0,nget_circuits,531,685,400,400
526,PEMB41,SWAN42,84.57,0.0,OHL,0.0918,1.4709,55.7496,2779,2568.0,2217.0,2568.0,nget_circuits,531,681,400,400
527,PEMB41,WALH41,217.727,5.468,parallel Composite,0.2372,3.8063,207.4152,2779,2568.0,2217.0,2568.0,nget_circuits,531,758,400,400
528,PENM4A,PENT41,49.211,0.0,OHL,0.0645,0.9572,29.2535,2779,2568.0,2217.0,2568.0,nget_circuits,540,539,400,400
529,PENM4B,PENT41,49.211,0.0,OHL,0.0645,0.9572,29.2535,2779,2568.0,2217.0,2568.0,nget_circuits,541,539,400,400
530,PENT41,TRAW41,45.1,6.308,Composite,0.0633,0.9555,131.5497,1135,1135.0,992.0,992.0,nget_circuits,539,734,400,400
531,PENT41,WYLF41,35.24,0.0,OHL,0.0382,0.6129,23.2307,2779,2568.0,2217.0,2568.0,nget_circuits,539,843,400,400
532,PENT41,WYLF41,35.24,0.0,OHL,0.0382,0.6129,23.2307,2779,2568.0,2217.0,2568.0,nget_circuits,539,843,400,400
533,PERH11,WYLF11,19.94,0.0,OHL,0.475,4.232,1.0947,330,330.0,300.0,300.0,nget_circuits,537,844,132,132
534,PERH11,WYLF11,19.94,0.0,OHL,0.475,4.232,1.0947,333,331.0,304.0,307.0,nget_circuits,537,844,132,132
535,PEWO2A,PEWO2C,0.0,0.0,SSSC,0.0,0.476,0.0,1524,1524.0,1524.0,1524.0,nget_circuits,544,543,275,275
536,PEWO2B,PEWO2D,0.0,0.0,SSSC,0.0,0.476,0.0,1524,1524.0,1524.0,1524.0,nget_circuits,545,548,275,275
537,PEWO2C,WASF2A,23.481,0.0,OHL,0.0887,0.9606,6.6274,1521,1461.0,1360.0,1461.0,nget_circuits,543,771,275,275
538,PEWO2D,WASF2B,23.521,0.0,OHL,0.0889,0.9623,6.6386,1521,1461.0,1360.0,1461.0,nget_circuits,548,772,275,275
539,PEWO41,QUER4A,31.939,0.0,OHL,0.0498,0.6128,19.1665,3102,3048.0,2853.0,3048.0,nget_circuits,547,561,400,400
540,PEWO41,QUER4B,32.087,0.0,OHL,0.05,0.6156,19.2551,3102,3048.0,2853.0,3048.0,nget_circuits,547,562,400,400
541,PITS21,TEMP21,0.0,6.69,Cable,0.0294,0.1713,44.7561,419,419.0,381.0,381.0,nget_circuits,552,696,275,275
542,PITS21,WIBA21,0.0,2.324,Cable,0.0077,0.0581,17.337,439,439.0,381.0,381.0,nget_circuits,552,842,275,275
543,PUDM41,WHAM4A,0.0,2.17,Cable,0.002,0.0178,39.06,1282,1136.0,984.0,1136.0,nget_circuits,558,803,400,400
544,PYLE21,PYLE21,0.0,0.25,Cable,0.0004,0.0063,1.69,1204,1115.0,1018.0,1115.0,nget_circuits,559,559,275,275
545,RASS41,WALH41,72.788,5.269,parallel Composite,0.0799,1.2847,109.6583,2779,2568.0,2217.0,2568.0,nget_circuits,566,758,400,400
546,RATS41,STAY4A,43.614,0.0,OHL,0.0793,0.8678,25.2757,2147,2056.0,1904.0,2056.0,nget_circuits,569,663,400,400
547,RATS41,STOB41,26.72,0.179,Composite,0.0487,0.5326,21.4031,2147,2056.0,1904.0,2056.0,nget_circuits,569,676,400,400
548,RATS41,WILE41,21.748,0.216,Composite,0.0397,0.435,16.174,1309,1309.0,1067.0,1067.0,nget_circuits,569,831,400,400
549,RATS41,WILE41,21.684,0.0,OHL,0.0394,0.4314,12.5666,2009,1911.0,1746.0,1911.0,nget_circuits,569,831,400,400
550,RAYL41,TILB4A,20.499,0.0,OHL,0.0319,0.3933,12.3014,2213,2126.0,1980.0,2126.0,nget_circuits,572,717,400,400
551,REBR21,TOTT23,3.305,9.678,parallel Composite,0.0166,0.2027,106.1327,1205,1127.0,1044.0,1127.0,nget_circuits,576,728,275,275
552,REBR22,TOTT24,3.305,11.448,parallel Composite,0.0174,0.2151,125.3726,1205,1127.0,1044.0,1127.0,nget_circuits,574,726,275,275
553,RHIG41,SWAN41,34.34,0.0,OHL,0.0373,0.5973,22.6374,2779,2568.0,2217.0,2568.0,nget_circuits,578,685,400,400
554,ROCH21,STAL21,31.256,0.0,OHL,0.1235,1.3183,8.54,1324,1260.0,1151.0,1260.0,nget_circuits,581,658,275,275
555,ROCH21,WHGA21,11.489,0.257,Composite,0.053,0.4934,5.9105,841,841.0,665.0,665.0,nget_circuits,581,810,275,275
556,ROCH21,WHGA21,11.489,0.238,Composite,0.0529,0.4929,5.7039,419,419.0,404.0,404.0,nget_circuits,581,810,275,275
557,RYEH41,RYEH4B,0.137,0.0,OHL,0.0001,0.0024,0.0903,2779,2569.0,2217.0,2569.0,nget_circuits,593,595,400,400
558,RYEH41,WALX4A,5.324,0.0,OHL,0.0058,0.0926,3.5096,2779,2568.0,2217.0,2568.0,nget_circuits,593,767,400,400
559,RYEH4A,RYEH43,0.264,0.0,OHL,0.0004,0.0051,0.1585,2779,2569.0,2217.0,2569.0,nget_circuits,600,597,400,400
560,RYEH4A,WALX4B,5.461,0.0,OHL,0.0059,0.095,3.6,2779,2568.0,2217.0,2568.0,nget_circuits,600,766,400,400
561,RYEH4B,RYEH42,0.215,0.0,OHL,0.0003,0.0041,0.1291,2779,2569.0,2217.0,2569.0,nget_circuits,595,598,400,400
562,SAEN21,SAES21,0.484,0.0,OHL,0.0013,0.018,0.1501,1749,1664.0,1520.0,1664.0,nget_circuits,603,605,275,275
563,SALH41,SALH42,0.0,0.0,SSSC,0.0,0.125,0.0,2217,2217.0,2217.0,2217.0,nget_circuits,608,609,400,400
564,SEAB41,WHSO4A,30.426,3.89,Composite,0.0374,0.5858,97.4265,1424,1424.0,1424.0,1424.0,nget_circuits,614,813,400,400
565,SELL4A,SELL4A,0.0,0.0,Series Reactor,0.0125,1.0,0.0,1860,1860.0,1860.0,1860.0,nget_circuits,615,615,400,400
566,SELL4A,SELL4C,0.0,0.257,Cable,0.0001,0.0013,9.9716,2369,2369.0,1642.0,1642.0,nget_circuits,615,622,400,400
567,SELL4A,SELL4D,0.0,0.257,Cable,0.0001,0.0013,9.9716,2369,2369.0,1642.0,1642.0,nget_circuits,615,619,400,400
568,SELL4A,SELL4E,0.0,0.415,Cable,0.0002,0.0022,14.94,2369,2369.0,1642.0,1642.0,nget_circuits,615,618,400,400
569,SELL4A,SELL4F,0.0,0.415,Cable,0.0002,0.0022,14.94,2369,2369.0,1642.0,1642.0,nget_circuits,615,617,400,400
570,SELL4B,SELL4C,0.257,0.0,OHL,0.0004,0.0049,0.1542,3326,3326.0,3326.0,3326.0,nget_circuits,623,622,400,400
571,SELL4B,SELL4D,0.257,0.0,OHL,0.0004,0.0049,0.1542,3326,3326.0,3326.0,3326.0,nget_circuits,623,619,400,400
572,SELL4B,SELL4E,0.39,0.0,OHL,0.0006,0.0075,0.234,3326,3326.0,3326.0,3326.0,nget_circuits,623,618,400,400
573,SELL4B,SELL4F,0.39,0.0,OHL,0.0006,0.0075,0.234,3326,3326.0,3326.0,3326.0,nget_circuits,623,617,400,400
574,SHRE4A,SHRE4B,0.054,0.0,OHL,0.0001,0.001,0.0324,240,240.0,240.0,240.0,nget_circuits,628,627,400,400
575,SHUR41,TAUN41,27.0,0.0,OHL,0.0487,0.5369,15.6552,3100,3050.0,2960.0,3050.0,nget_circuits,630,693,400,400
576,SPEN41,STEW41,37.795,0.126,Composite,0.0498,0.7386,24.4993,2470,2350.0,2146.0,2350.0,nget_circuits,648,670,400,400
577,SPEN42,STEW41,37.795,0.0,OHL,0.0497,0.7368,22.4165,2470,2350.0,2146.0,2350.0,nget_circuits,649,670,400,400
578,SPLN41,WALP41,29.234,0.0,OHL,0.0272,0.5117,19.3195,3189,3063.0,2853.0,3063.0,nget_circuits,646,759,400,400
579,SSHI22,TYNE2A,7.028,0.0,OHL,0.031,0.2985,1.9072,1236,1176.0,1065.0,1176.0,nget_circuits,645,747,275,275
580,SSHI22,WBOL21,4.366,0.0,OHL,0.02,0.1848,1.1845,1175,1120.0,1025.0,1120.0,nget_circuits,645,779,275,275
581,STAL4A,THOM41,69.271,6.952,Composite,0.0793,1.2727,151.2452,1330,1171.0,1001.0,1171.0,nget_circuits,656,704,400,400
582,STAL4B,STSB4A,26.581,7.031,Composite,0.0345,0.532,124.2199,1649,1528.0,1399.0,1528.0,nget_circuits,659,674,400,400
583,STAY41,MARH4A,73.027,0.0,OHL,0.1328,1.4529,42.3252,2514,2439.0,2314.0,2439.0,nget_circuits,664,433,400,400
584,STEN11,STES11,1.0,0.0,OHL,0.026600000000000002,0.1193,0.1077,198,198.0,181.0,181.0,nget_circuits,667,668,132,132
585,SUND41,WYMO41,18.156,0.0,OHL,0.0196,0.302,12.5826,3048,3000.0,2692.0,3000.0,nget_circuits,680,846,400,400
586,SWAN41,SWAN4B,0.64,0.0,OHL,0.0014,0.0128,0.3677,3048,3048.0,2971.0,3048.0,nget_circuits,685,682,400,400
587,SWAN42,SWAN4A,0.64,0.0,OHL,0.0014,0.0128,0.3677,1389,1284.0,1108.0,1284.0,nget_circuits,681,687,400,400
588,TEMP22,WIBA21,0.0,3.607,Cable,0.0159,0.0923,24.1308,421,421.0,381.0,381.0,nget_circuits,694,842,275,275
589,THOM21,WMEL21,23.791,0.947,Composite,0.1105,1.0548,15.8849,764,764.0,698.0,698.0,nget_circuits,701,785,275,275
590,THOM2A,WMEL21,24.413,0.8,Composite,0.1126,1.0793,10.588,955,882.0,762.0,882.0,nget_circuits,705,785,275,275
591,THUR21,THUR2A,4.653,0.0,OHL,0.0488,0.1944,1.2745,551,512.0,442.0,512.0,nget_circuits,707,706,275,275
592,THUR2A,WMEL21,16.348,0.0,OHL,0.0746,0.7099,4.3235,955,882.0,762.0,882.0,nget_circuits,706,785,275,275
593,TILB21,WARL21,13.065,0.0,OHL,0.0597,0.553,3.5441,1175,1119.0,1023.0,1119.0,nget_circuits,718,769,275,275
594,TILB21,WARL21,12.897,0.0,OHL,0.059,0.5459,3.4987,1120,1060.0,990.0,1060.0,nget_circuits,718,769,275,275
595,TILB41,TILB4A,0.058,0.0,OHL,0.0001,0.0012,0.033,3102,3048.0,2958.0,3048.0,nget_circuits,714,717,400,400
596,TILB41,TILB4B,0.059,0.0,OHL,0.0001,0.0011,0.0353,3102,3048.0,2853.0,3048.0,nget_circuits,714,719,400,400
597,TOTT2A,TOTT22,0.0,0.0,Zero Length,0.0,0.0,0.0,904,904.0,904.0,904.0,nget_circuits,727,732,275,275
598,TOTT2A,TOTT24,0.0,0.0,Zero Length,0.0,0.0,0.0,950,950.0,830.0,830.0,nget_circuits,727,726,275,275
599,TOTT2B,TOTT21,0.0,0.0,Zero Length,0.0,0.0,0.0,904,904.0,904.0,904.0,nget_circuits,730,729,275,275
600,TOTT2B,TOTT23,0.0,0.0,Zero Length,0.0,0.0,0.0,950,950.0,830.0,830.0,nget_circuits,730,728,275,275
601,TRAW41,TREU4A,64.278,0.0,OHL,0.1002,1.2333,38.5731,3102,3048.0,2958.0,3048.0,nget_circuits,734,740,400,400
602,TRAW41,TREU4B,64.278,0.0,OHL,0.1002,1.2333,38.5731,3102,3048.0,2958.0,3048.0,nget_circuits,734,739,400,400
603,TREM21,USKM2A,15.048,0.0,OHL,0.0854,0.7095,3.7487,695,641.0,548.0,641.0,nget_circuits,737,755,275,275
604,TYNE21,WBOL21,11.399,0.0,OHL,0.051,0.4835,3.093,1180,1120.0,1020.0,1120.0,nget_circuits,745,779,275,275
605,USKM11,USKM12,0.0,0.0,Series Reactor,0.25,20.0,0.0,90,90.0,90.0,90.0,nget_circuits,756,754,132,132
606,USKM21,USKM2A,0.692,0.0,OHL,0.0038,0.036,0.1546,695,642.0,548.0,642.0,nget_circuits,757,755,275,275
607,USKM21,USKM2B,0.391,0.0,OHL,0.0039,0.0167,0.1052,682,629.0,538.0,629.0,nget_circuits,757,753,275,275
608,USKM21,WHSO21,5.841,0.0,OHL,0.0345,0.2401,1.6394,1005,956.0,874.0,956.0,nget_circuits,757,811,275,275
609,USKM21,WHSO22,5.849,0.0,OHL,0.0345,0.2405,1.6417,1005,956.0,873.0,956.0,nget_circuits,757,818,275,275
610,USKM2A,WHSO21,5.562,0.0,OHL,0.0306,0.289,1.2455,695,641.0,548.0,641.0,nget_circuits,755,811,275,275
611,USKM2B,WHSO22,5.851,0.0,OHL,0.0322,0.304,1.3103,682,629.0,538.0,629.0,nget_circuits,753,818,275,275
612,WBUR41,WBUR42,0.0,0.0,Series Reactor,0.0026,2.3169,0.0,1500,1500.0,1500.0,1500.0,nget_circuits,782,783,400,400
613,WHSO41,WHSO4A,0.077,0.0,OHL,0.0001,0.0013,0.0506,992,916.0,783.0,916.0,nget_circuits,816,813,400,400
614,WIMB21,WIMB2A,0.0,0.0,Zero Length,0.0,0.0,0.0,995,930.0,728.0,806.0,nget_circuits,840,838,275,275
615,WTHU4C,WTHU4E,0.0,0.0,Series Reactor,0.0,1.0,0.0,2400,2400.0,2400.0,2400.0,nget_circuits,794,791,400,400
616,WTHU4D,WTHU4F,0.0,0.0,Series Reactor,0.0,1.0,0.0,2400,2400.0,2400.0,2400.0,nget_circuits,792,789,400,400
