,Node 1,Node 2,R (% on 100MVA),X (% on 100MVA),B (% on 100MVA),Winter Rating (MVA),Dataframe,Node 1 bus_id,Node 2 bus_id,Voltage (kV) Node 1,Voltage (kV) Node 2
0,ABHA4A,ABHA11,0.1658,8.4025,-1.5604,275,nget_tx,7,6,400,132
1,ABHA4B,ABHA12,0.1658,8.4025,-1.5604,264,nget_tx,5,4,400,132
2,ABTH21,ABTH11,0.1366,8.0648,-0.0471,279,nget_tx,0,3,275,132
3,ABTH21,ABTH12,0.1646,8.0383,-0.1808,211,nget_tx,0,2,275,132
4,ABTH21,ABTH13,0.0977,8.1994,-1.7127,212,nget_tx,0,1,275,132
5,ALDW21,ALDW31,0.4848,24.6692,-0.018,135,nget_tx,10,9,275,33
6,ALDW21,ALDW31,0.3543,25.4142,-0.4983,135,nget_tx,10,9,275,33
7,ALDW21,ALDW31,0.7076,26.5771,-0.0784,83,nget_tx,10,9,275,33
8,ALDW21,ALDW32,0.656,25.925,-0.297,98,nget_tx,10,8,275,33
9,ALDW21,ALDW32,0.656,25.925,-0.297,98,nget_tx,10,8,275,33
10,ALVE4A,ALVE11,0.1118,8.3874,-0.0906,278,nget_tx,15,14,400,132
11,ALVE4B,ALVE11,0.1621,8.0984,-0.0747,275,nget_tx,13,14,400,132
12,AMEM4A,AMEM11,0.1471,8.4008,-0.1719,270,nget_tx,17,18,400,132
13,AMEM4B,AMEM11,0.1471,8.4008,-0.1719,255,nget_tx,16,18,400,132
14,AXMI41,AXMI11,0.148,7.4973,-0.3849,278,nget_tx,19,20,400,132
15,AXMI41,AXMI11,0.148,7.4973,-0.3849,277,nget_tx,19,20,400,132
16,BARK21,BARK11,0.1264,8.6657,-0.0342,278,nget_tx,22,24,275,132
17,BARK21,BARK11,0.1264,8.6657,-0.0342,275,nget_tx,22,24,275,132
18,BARK21,BARW31,0.618,29.2635,-0.2527,109,nget_tx,22,27,275,33
19,BARK21,BARW32,0.618,29.2635,-0.2527,110,nget_tx,22,26,275,33
20,BARK22,BARK11,0.1221,8.0467,-0.0391,217,nget_tx,25,24,275,132
21,BARK22,BARK11,0.1646,8.0383,-0.1808,211,nget_tx,25,24,275,132
22,BARK22,BARW31,0.618,29.2635,-0.2527,110,nget_tx,25,27,275,33
23,BARK22,BARW32,0.618,29.2635,-0.2527,109,nget_tx,25,26,275,33
24,BARK22,BARW32,0.492,19.4438,-0.4018,100,nget_tx,25,26,275,33
25,BARK41,BARK21,0.0268,2.7989,-0.3188,817,nget_tx,23,22,400,275
26,BARK41,BARK22,0.0268,2.7989,-0.3188,817,nget_tx,23,25,400,275
27,BEDD21,BEDD11,0.167,7.9774,-0.2092,258,nget_tx,33,32,275,132
28,BEDD21,BEDD12,0.1067,8.0868,-0.034,240,nget_tx,33,28,275,132
29,BEDD21,BEDT1A,0.1007,8.1333,-0.2371,126,nget_tx,33,35,275,132
30,BEDD22,BEDD12,0.1067,8.0868,-0.034,240,nget_tx,30,28,275,132
31,BEDD23,BEDD11,0.167,7.9774,-0.2092,240,nget_tx,31,32,275,132
32,BEDD23,BEDT1B,0.2264,12.2479,-0.6062,126,nget_tx,31,36,275,132
33,BEDD4A,BEDD21,0.0258,2.6799,-1.2431,797,nget_tx,29,33,400,275
34,BEDD4A,BEDD23,0.0258,2.6799,-1.2431,797,nget_tx,29,31,400,275
35,BEDD4B,BEDD21,0.0258,2.6799,-1.2431,800,nget_tx,34,33,400,275
36,BEDD4B,BEDD22,0.0258,2.6805,-1.2431,950,nget_tx,34,30,400,275
37,BESW21,BESW11,0.1004,8.1994,-0.2371,240,nget_tx,41,39,275,132
38,BESW21,BESW11,0.1411,8.6331,-0.2264,273,nget_tx,41,39,275,132
39,BESW21,BESW12,0.1411,8.6331,-0.2264,267,nget_tx,41,40,275,132
40,BESW21,BESW12,0.1411,8.6331,-0.2264,267,nget_tx,41,40,275,132
41,BICF41,BICF11,0.1307,7.9515,-0.1098,278,nget_tx,43,42,400,132
42,BICF41,BICF11,0.1307,7.9515,-0.1098,274,nget_tx,43,42,400,132
43,BIRK21,BIRK11,0.1594,8.6081,-0.2215,261,nget_tx,44,45,275,132
44,BIRK21,BIRK11,0.1594,8.6081,-0.2215,261,nget_tx,44,45,275,132
45,BIRK21,BIRK11,0.1594,8.6081,-0.2215,261,nget_tx,44,45,275,132
46,BISW21,BISW11,0.1623,8.097,-1.5978,279,nget_tx,47,46,275,132
47,BISW21,BISW11,0.1623,8.097,-1.5978,279,nget_tx,47,46,275,132
48,BISW21,BISW11,0.0918,8.7537,-0.0575,278,nget_tx,47,46,275,132
49,BISW21,BISW11,0.1623,8.097,-1.5978,240,nget_tx,47,46,275,132
50,BLYT21,BLYT1A,0.1666,8.378,-0.1047,278,nget_tx,53,52,275,132
51,BLYT21,BLYT1B,0.1666,8.378,-0.1047,278,nget_tx,53,50,275,132
52,BLYT21,BLYT61,0.2275,10.8456,-0.0697,209,nget_tx,53,51,275,66
53,BLYT21,BLYT61,0.45,16.8273,-1.3475,138,nget_tx,53,51,275,66
54,BLYT21,BLYT61,0.45,16.8273,-1.3475,138,nget_tx,53,51,275,66
55,BLYT41,BLYT21,0.0152,1.6463,-0.1118,1148,nget_tx,54,53,400,275
56,BLYT41,BLYT21,0.0152,1.6463,-0.1118,1100,nget_tx,54,53,400,275
57,BODE41,SASA11,0.1311,7.9055,-0.1016,240,nget_tx,55,650,400,132
58,BOLN41,BOLN11,0.137,7.9818,-0.1471,310,nget_tx,58,56,400,132
59,BOLN41,BOLN11,0.137,7.9818,-0.1471,309,nget_tx,58,56,400,132
60,BOLN41,BOLN12,0.137,7.9818,-0.1471,309,nget_tx,58,57,400,132
61,BOLN41,BOLN12,0.137,7.9818,-0.1471,277,nget_tx,58,57,400,132
62,BOLN41,BOLN12,0.137,7.9818,-0.1471,276,nget_tx,58,57,400,132
63,BOTW41,BOTW11,0.1139,8.1036,-2.059,278,nget_tx,59,60,400,132
64,BOTW41,BOTW11,0.1139,8.1036,-2.059,278,nget_tx,59,60,400,132
65,BRAI4A,BRAI11,0.1373,8.1976,-0.1719,240,nget_tx,66,65,400,132
66,BRAI4B,BRAI11,0.1307,7.9515,-0.1098,278,nget_tx,67,65,400,132
67,BRAW21,BRAW11,0.1719,8.2312,-0.9928,279,nget_tx,64,61,275,132
68,BRAW21,BRAW11,0.1719,8.2312,-0.9928,279,nget_tx,64,61,275,132
69,BRAW21,BRAW12,0.1719,8.2312,-0.9928,279,nget_tx,64,63,275,132
70,BRAW21,BRAW12,0.1719,8.2312,-0.9928,279,nget_tx,64,63,275,132
71,BRAW4A,BRAW21,0.0175,1.5879,-4.0069,1094,nget_tx,62,64,400,275
72,BRED21,BRED11,0.1266,8.6449,-1.9406,278,nget_tx,79,80,275,132
73,BRED21,BRED11,0.1266,8.6449,-1.9406,278,nget_tx,79,80,275,132
74,BRED21,BRED11,0.1266,8.6449,-1.9406,278,nget_tx,79,80,275,132
75,BRFO41,BRFO11,0.1658,8.4025,-1.5604,272,nget_tx,70,71,400,132
76,BRFO41,BRFO11,0.1658,8.4025,-1.5604,271,nget_tx,70,71,400,132
77,BRFO41,BRFO11,0.1307,7.9515,-0.1098,240,nget_tx,70,71,400,132
78,BRFO41,BRFO12,0.1658,8.4025,-1.5604,267,nget_tx,70,68,400,132
79,BRFO41,BRFO12,0.1658,8.4025,-1.5604,267,nget_tx,70,68,400,132
80,BRIM2A,BRIM11,0.1688,8.3316,-1.1711,263,nget_tx,92,95,275,132
81,BRIM2B,BRIM11,0.1266,8.6449,-1.9406,274,nget_tx,91,95,275,132
82,BRIM2C,BRIM11,0.1688,8.3316,-1.1711,262,nget_tx,89,95,275,132
83,BRIM2D,BRIM11,0.1688,8.3316,-1.1711,262,nget_tx,93,95,275,132
84,BRIN41,BRIN21,0.0146,1.609,-1.8746,1117,nget_tx,98,97,400,275
85,BRIN41,BRIN22,0.0132,1.6756,-0.4337,1096,nget_tx,98,96,400,275
86,BRLE41,BRLE11,0.103,7.9231,-0.0638,275,nget_tx,78,76,400,132
87,BRLE41,BRLE12,0.1471,8.4008,-0.1719,253,nget_tx,78,73,400,132
88,BRLE41,BRLE13,0.1471,8.4008,-0.1719,253,nget_tx,78,72,400,132
89,BRLE41,BRLE14,0.103,7.9231,-0.0638,270,nget_tx,78,77,400,132
90,BRLE41,BRLE1A,0.1303,7.8698,-0.4285,263,nget_tx,78,75,400,132
91,BRLE41,BRLE1B,0.1303,7.8698,-0.4285,263,nget_tx,78,74,400,132
92,BRWA2A,BRWA11,0.167,7.9774,-0.2092,255,nget_tx,87,82,275,132
93,BRWA2B,BRWA11,0.167,7.9774,-0.2092,255,nget_tx,81,82,275,132
94,BURW41,BURW11,0.1059,8.3327,-0.671,240,nget_tx,100,101,400,132
95,BURW41,BURW11,0.1056,8.2208,-0.6711,240,nget_tx,100,101,400,132
96,BURW41,BURW11,0.1347,7.9905,-0.1259,240,nget_tx,100,101,400,132
97,BUSH21,BUSH11,0.1221,8.0467,-0.0391,279,nget_tx,102,103,275,132
98,BUSH21,BUSH11,0.1221,8.0467,-0.0391,279,nget_tx,102,103,275,132
99,BUSH21,BUSH11,0.1048,8.8443,-0.0335,240,nget_tx,102,103,275,132
100,BUST21,BUST11,0.1688,8.3316,-1.1711,279,nget_tx,107,106,275,132
101,BUST21,BUST11,0.1719,8.2312,-0.9928,279,nget_tx,107,106,275,132
102,BUST21,BUST11,0.1719,8.2312,-0.9928,278,nget_tx,107,106,275,132
103,BUST21,BUST11,0.1688,8.3316,-1.1711,265,nget_tx,107,106,275,132
104,BUST4A,BUST21,0.018,1.6146,-1.5533,1100,nget_tx,104,107,400,275
105,BUST4B,BUST21,0.018,1.6146,-1.5533,1100,nget_tx,105,107,400,275
106,CANT41,CANT13,0.1509,8.2849,-0.3279,264,nget_tx,113,111,400,132
107,CANT41,CANT14,0.1658,8.426,-0.2939,264,nget_tx,113,112,400,132
108,CAPE21,CAPE11,0.1927,8.5256,-0.5357,211,nget_tx,115,114,275,132
109,CAPE21,CAPE11,0.1927,8.5256,-0.5357,211,nget_tx,115,114,275,132
110,CAPE21,CAPE11,0.196,8.3446,-0.7059,198,nget_tx,115,114,275,132
111,CAPE21,CAPE1A,0.1366,8.0648,-0.0471,279,nget_tx,115,116,275,132
112,CAPE21,CAPE1B,0.171,8.8392,-0.0268,180,nget_tx,115,119,275,132
113,CAPE4A,CAPE21,0.0178,1.5995,-1.2431,845,nget_tx,117,115,400,275
114,CAPE4B,CAPE21,0.0185,1.614,-0.5638,886,nget_tx,118,115,400,275
115,CARE21,CARE11,0.0918,8.7537,-0.0575,278,nget_tx,121,120,275,132
116,CARE21,CARE11,0.0918,8.7537,-0.0575,278,nget_tx,121,120,275,132
117,CARR21,CARR11,0.1927,8.5256,-0.5357,211,nget_tx,125,127,275,132
118,CARR21,CARR11,0.1681,8.3396,-1.4878,201,nget_tx,125,127,275,132
119,CARR21,CARR12,0.1927,8.5256,-0.5357,211,nget_tx,125,122,275,132
120,CARR21,CARR12,0.2264,12.2479,-0.6062,129,nget_tx,125,122,275,132
121,CARR21,CARR12,0.2847,12.2467,-1.4346,120,nget_tx,125,122,275,132
122,CARR41,CARR11,0.1372,8.0197,-0.1238,272,nget_tx,123,127,400,132
123,CARR4A,CARR21,0.0185,1.614,-0.5638,886,nget_tx,124,125,400,275
124,CARR4B,CARR21,0.0185,1.614,-0.5638,886,nget_tx,126,125,400,275
125,CELL41,CELL11,0.1658,8.4025,-1.5604,280,nget_tx,129,131,400,132
126,CELL41,CELL11,0.1307,7.9515,-0.1098,278,nget_tx,129,131,400,132
127,CELL41,CELL11,0.1658,8.4025,-1.5604,240,nget_tx,129,131,400,132
128,CELL41,CELL12,0.1373,8.1976,-0.1719,278,nget_tx,129,130,400,132
129,CELL41,CELL12,0.1658,8.4025,-1.5604,278,nget_tx,129,130,400,132
130,CHIC41,CHIC11,0.1471,8.4008,-0.1719,254,nget_tx,144,143,400,132
131,CHIC41,CHIC11,0.1471,8.4008,-0.1719,253,nget_tx,144,143,400,132
132,CHSI21,CHSI11,0.167,7.9774,-0.2092,255,nget_tx,137,136,275,132
133,CHSI21,CHSI11,0.1411,8.6331,-0.2264,249,nget_tx,137,136,275,132
134,CHSI21,CHSI1A,0.2264,12.2479,-0.6062,153,nget_tx,137,135,275,132
135,CHSI21,CHSI1B,0.2264,12.2479,-0.6062,126,nget_tx,137,134,275,132
136,CHTE21,CHTE11,0.1594,8.6081,-0.2215,261,nget_tx,141,140,275,132
137,CHTE21,CHTE11,0.1545,7.6337,-0.562,240,nget_tx,141,140,275,132
138,CHTE21,CHTE12,0.0918,8.7537,-0.0575,278,nget_tx,141,138,275,132
139,CHTE21,CHTE12,0.1545,7.6337,-0.562,251,nget_tx,141,138,275,132
140,CILF41,CILF2A,0.017,1.6132,-5.1203,750,nget_tx,148,147,400,275
141,CILF41,CILF2B,0.017,1.6132,-5.1203,750,nget_tx,148,146,400,275
142,CITR41,CITR11,0.1373,8.1976,-0.1719,278,nget_tx,149,151,400,132
143,CITR41,CITR11,0.1373,8.1976,-0.1719,278,nget_tx,149,151,400,132
144,CITR41,CITR11,0.1229,8.3873,-0.1147,269,nget_tx,149,151,400,132
145,CITR41,CITR12,0.1373,8.1976,-0.1719,278,nget_tx,149,150,400,132
146,CITR41,CITR12,0.1264,7.974,-0.1303,277,nget_tx,149,150,400,132
147,CITR41,CITR12,0.0997,8.0088,-0.093,266,nget_tx,149,150,400,132
148,CONQ41,CONQ11,0.1044,7.8701,-0.103,261,nget_tx,155,156,400,132
149,CONQ41,CONQ11,0.1036,7.8606,-0.1003,259,nget_tx,155,156,400,132
150,CONQ41,CONQ12,0.1045,7.8806,-0.0998,240,nget_tx,155,153,400,132
151,CONQ41,CONQ13,0.1057,7.9352,-0.339,240,nget_tx,155,154,400,132
152,COVE21,COVE11,0.1623,8.097,-1.5978,273,nget_tx,162,161,275,132
153,COVE21,COVE11,0.1623,8.097,-1.5978,272,nget_tx,162,161,275,132
154,COVE21,COVE12,0.1392,8.4361,-0.781,279,nget_tx,162,160,275,132
155,COVE21,COVE12,0.1623,8.097,-1.5978,266,nget_tx,162,160,275,132
156,COWL41,COWL11,0.1307,7.9515,-0.1098,278,nget_tx,166,165,400,132
157,COWL41,COWL11,0.1847,8.1296,-0.2979,269,nget_tx,166,165,400,132
158,COWL41,COWL11,0.1847,8.1296,-0.2979,269,nget_tx,166,165,400,132
159,COWL41,COWL12,0.1847,8.1296,-0.2979,269,nget_tx,166,164,400,132
160,COWL41,COWL12,0.1847,8.1296,-0.2979,269,nget_tx,166,164,400,132
161,CREB41,CREB11,0.1621,8.0984,-0.0747,253,nget_tx,174,172,400,132
162,CREB41,CREB11,0.1621,8.0984,-0.0747,240,nget_tx,174,172,400,132
163,CREB41,CREB12,0.1621,8.0984,-0.0747,253,nget_tx,174,167,400,132
164,CREB41,CREB12,0.1621,8.0984,-0.0747,253,nget_tx,174,167,400,132
165,CREB41,CREB21,0.0176,1.5826,-0.1148,750,nget_tx,174,170,400,275
166,CREB41,CREB21,0.0176,1.5826,-0.1148,750,nget_tx,174,170,400,275
167,CREB41,CREB22,0.0176,1.5826,-0.1148,750,nget_tx,174,173,400,275
168,CREB41,CREB22,0.0176,1.5826,-0.1148,750,nget_tx,174,173,400,275
169,DIDC41,MILP31,0.20873333333333333,15.2319,-0.2971,150,nget_tx,178,452,400,33
170,DIDC41,MILP31,0.20993333333333333,15.2986,-0.2971,150,nget_tx,178,452,400,33
171,DRAK41,DRAK11,0.1303,7.8698,-0.4285,278,nget_tx,183,184,400,132
172,DRAK41,DRAK11,0.1044,7.881,-0.0832,240,nget_tx,183,184,400,132
173,DRAK41,DRAK21,0.0178,1.5995,-1.2431,849,nget_tx,183,182,400,275
174,DRAX41,DRAX11,0.1658,8.4025,-1.5604,277,nget_tx,186,187,400,132
175,DRAX41,DRAX11,0.1658,8.4025,-1.5604,274,nget_tx,186,187,400,132
176,DRAX42,CAML61,0.2216,14.1082,-0.1552,180,nget_tx,185,108,400,66
177,DRAX42,CAML61,0.2216,14.1082,-0.1552,180,nget_tx,185,108,400,66
178,DUNG41,DUNG21,0.017,1.6132,-5.1203,750,nget_tx,188,189,400,275
179,DUNG41,DUNG21,0.017,1.6132,-5.1203,750,nget_tx,188,189,400,275
180,EALI21,EALI61,0.3062,11.0235,-0.4552,134,nget_tx,191,190,275,66
181,EALI21,EALI61,0.3062,11.0235,-0.4552,134,nget_tx,191,190,275,66
182,EALI21,EALI61,0.3062,11.0235,-0.4552,126,nget_tx,191,190,275,66
183,EALI21,EALI61,0.3062,11.0235,-0.4552,126,nget_tx,191,190,275,66
184,EASO41,EASO12,0.103,7.9231,-0.0638,263,nget_tx,197,198,400,132
185,EASO41,LITB11,0.1018,7.841,-0.432,240,nget_tx,197,408,400,132
186,EASO4A,EASO11,0.103,7.9231,-0.0638,263,nget_tx,200,196,400,132
187,ECLA41,ECLA11,0.1175,8.6648,-0.4173,264,nget_tx,194,195,400,132
188,ECLA41,ECLA11,0.1175,8.6648,-0.4173,263,nget_tx,194,195,400,132
189,ECLA41,ECLA12,0.1139,8.1036,-2.059,278,nget_tx,194,193,400,132
190,ECLA41,ECLA12,0.0997,8.0088,-0.093,264,nget_tx,194,193,400,132
191,ELLA21,ELLA11,0.1221,8.0467,-0.0391,272,nget_tx,204,203,275,132
192,ELLA21,ELLA11,0.1681,8.3396,-1.4878,198,nget_tx,204,203,275,132
193,ELLA21,ELLA12,0.1221,8.0467,-0.0391,279,nget_tx,204,205,275,132
194,ELLA21,ELLA12,0.1722,8.4551,-0.2968,211,nget_tx,204,205,275,132
195,ELST21,ELST12,0.1221,8.0467,-0.0391,240,nget_tx,211,208,275,132
196,ELST21,ELST13,0.1985,8.1167,-0.4624,189,nget_tx,211,212,275,132
197,ELST21,ELST13,0.1954,8.0796,-0.2295,180,nget_tx,211,212,275,132
198,ELST22,ELST11,0.1031,8.1045,-0.0494,212,nget_tx,206,209,275,132
199,ELST22,ELST11,0.1923,8.081,-1.4418,187,nget_tx,206,209,275,132
200,ELST41,ELST12,0.1039,7.8456,-0.9345,240,nget_tx,207,208,400,132
201,ELST41,ELST22,0.0181,1.5835,-3.6502,1100,nget_tx,207,206,400,275
202,ELST4B,ELST21,0.0176,1.5828,-0.1018,1137,nget_tx,210,211,400,275
203,ENDE41,ENDE11,0.1303,7.8698,-0.4285,278,nget_tx,215,214,400,132
204,ENDE41,ENDE11,0.1118,8.3874,-0.0906,278,nget_tx,215,214,400,132
205,ENDE41,ENDE11,0.1658,8.4025,-1.5604,274,nget_tx,215,214,400,132
206,ENDE41,ENDE11,0.1658,8.4025,-1.5604,273,nget_tx,215,214,400,132
207,EXET41,EXET11,0.1307,7.9515,-0.1098,278,nget_tx,216,217,400,132
208,EXET41,EXET11,0.1509,8.2849,-0.3279,278,nget_tx,216,217,400,132
209,EXET41,EXET11,0.1509,8.2849,-0.3279,269,nget_tx,216,217,400,132
210,FAWL41,FAWL11,0.1509,7.9231,-0.5982,268,nget_tx,219,218,400,132
211,FAWL41,FAWL11,0.1509,7.9231,-0.5982,268,nget_tx,219,218,400,132
212,FAWL41,FAWL11,0.1509,7.9231,-0.5982,268,nget_tx,219,218,400,132
213,FECK21,FECK61,0.3142,15.7855,-1.1826,139,nget_tx,221,220,275,66
214,FECK41,FECK21,0.0151,1.6372,-0.0621,1100,nget_tx,222,221,400,275
215,FECK41,FECK61,0.1832,14.0317,-0.1803,199,nget_tx,222,220,400,66
216,FECK41,FECK61,0.1867,13.8218,-0.1803,194,nget_tx,222,220,400,66
217,FECK41,FECK61,0.1867,13.8218,-0.1803,194,nget_tx,222,220,400,66
218,FERR21,FERR11,0.1147,8.673,-0.0358,278,nget_tx,226,224,275,132
219,FERR21,FERR61,0.237,10.8633,-0.263,204,nget_tx,226,227,275,66
220,FERR23,FERR11,0.1147,8.673,-0.0358,278,nget_tx,231,224,275,132
221,FERR23,FERR61,0.237,10.8633,-0.263,180,nget_tx,231,227,275,66
222,FERR2A,FERR11,0.0918,8.7537,-0.0575,278,nget_tx,225,224,275,132
223,FERR4A,FERR22,0.0133,1.5936,-1.2059,1100,nget_tx,228,229,400,275
224,FERR4A,FERR23,0.0186,1.5729,-7.729,1113,nget_tx,228,231,400,275
225,FIDF21,FIDF11,0.1392,8.4361,-0.781,271,nget_tx,236,235,275,132
226,FIDF21,FIDF12,0.1594,8.6081,-0.2215,261,nget_tx,236,234,275,132
227,FLEE41,FLEE11,0.1557,8.3736,-0.4146,279,nget_tx,239,238,400,132
228,FLEE41,FLEE11,0.1368,8.5406,-0.262,240,nget_tx,239,238,400,132
229,FLEE41,FLEE11,0.1372,8.0197,-0.1238,240,nget_tx,239,238,400,132
230,FLEE41,FLEE11,0.1557,8.3736,-0.4146,240,nget_tx,239,238,400,132
231,FLEE41,FLEE12,0.1557,8.3736,-0.4146,300,nget_tx,239,237,400,132
232,FLEE41,FLEE12,0.1557,8.3736,-0.4146,279,nget_tx,239,237,400,132
233,FLEE41,FLEE12,0.1557,8.3736,-0.4146,279,nget_tx,239,237,400,132
234,FOUR21,FOUR31,0.306,19.9977,-0.5499,100,nget_tx,244,245,275,33
235,FROD21,FROD11,0.1927,8.5256,-0.5357,211,nget_tx,253,256,275,132
236,FROD22,FROD11,0.1392,8.4361,-0.781,269,nget_tx,255,256,275,132
237,FROD41,FROD11,0.054,4.8906,-0.1253,499,nget_tx,254,256,400,132
238,FROD41,FROD21,0.0176,1.5828,-0.1018,1000,nget_tx,254,253,400,275
239,FROD41,FROD22,0.0132,1.6756,-0.4337,1063,nget_tx,254,255,400,275
240,FROD41,WEAV71,0.0032,0.0205,-0.1224,80,nget_tx,254,778,400,25
241,FROD41,WEAV71,0.0032,0.0205,-0.1224,80,nget_tx,254,778,400,25
242,GRAI41,GRAI11,0.1307,7.9515,-0.1098,263,nget_tx,260,259,400,132
243,GRAI41,GRAI11,0.1307,7.9515,-0.1098,263,nget_tx,260,259,400,132
244,GREN41,GREN11,0.1557,8.3736,-0.4146,279,nget_tx,268,267,400,132
245,GREN41,GREN11,0.1312,7.9156,-0.537,278,nget_tx,268,267,400,132
246,GREN41,GREN11,0.1557,8.3736,-0.4146,278,nget_tx,268,267,400,132
247,GREN41,GREN12,0.1557,8.3736,-0.4146,279,nget_tx,268,269,400,132
248,GREN41,GREN12,0.1035,7.8472,-0.0758,240,nget_tx,268,269,400,132
249,GRIW41,GRIW11,0.1658,8.4025,-1.5604,273,nget_tx,274,273,400,132
250,GRIW41,GRIW12,0.1658,8.4025,-1.5604,268,nget_tx,274,275,400,132
251,HACK2A,HACK61,0.2793,13.3304,-0.6737,191,nget_tx,277,280,275,66
252,HACK2B,HACK61,0.2793,13.3304,-0.6737,191,nget_tx,276,280,275,66
253,HACK41,HACK11,0.1303,7.8698,-0.4285,278,nget_tx,278,281,400,132
254,HACK41,HACK11,0.1303,7.8698,-0.4285,278,nget_tx,278,281,400,132
255,HACK41,HACK11,0.1303,7.8698,-0.4285,278,nget_tx,278,281,400,132
256,HACK41,HACK2A,0.0182,1.5763,-0.0904,1210,nget_tx,278,277,400,275
257,HACK41,HACK2B,0.0182,1.5763,-0.0904,1210,nget_tx,278,276,400,275
258,HAMH41,HAMH2A,0.0175,1.5879,-4.0069,1147,nget_tx,286,285,400,275
259,HAMH41,LEMR11,0.1094,8.5335,-0.0989,278,nget_tx,286,396,400,132
260,HAMH41,LEMR11,0.1118,8.3874,-0.0906,263,nget_tx,286,396,400,132
261,HAMH41,LEMR11,0.1118,8.3874,-0.0906,263,nget_tx,286,396,400,132
262,HAMH41,LEMR11,0.1094,8.5335,-0.0989,263,nget_tx,286,396,400,132
263,HARK21,HARK11,0.3328,11.6619,-0.9523,137,nget_tx,290,291,275,132
264,HARK21,HARK11,0.2264,12.2479,-0.6062,137,nget_tx,290,291,275,132
265,HARK21,HARK12,0.3328,11.6619,-0.9523,137,nget_tx,290,295,275,132
266,HARK21,HARK12,0.3328,11.6619,-0.9523,137,nget_tx,290,295,275,132
267,HARK21,HARK13,0.1147,8.673,-0.0358,222,nget_tx,290,292,275,132
268,HARK41,HARK21,0.0321,2.4344,-0.0528,555,nget_tx,293,290,400,275
269,HARK41,HARK21,0.0376,2.3797,-3.9009,519,nget_tx,293,290,400,275
270,HARK41,HARK21,0.0292,2.402,-0.2732,573,nget_tx,293,290,400,275
271,HARK41,HARK21,0.0376,2.3797,-3.9009,547,nget_tx,293,290,400,275
272,HARM21,HARM61,0.3726,16.7215,-0.6945,127,nget_tx,303,302,275,66
273,HARM21,HARM61,0.3726,16.7215,-0.6945,127,nget_tx,303,302,275,66
274,HAWP21,HAWP61,0.2793,13.3304,-0.6737,192,nget_tx,308,305,275,66
275,HAWP21,HAWP61,0.2793,13.3304,-0.6737,191,nget_tx,308,305,275,66
276,HAWP4A,HAWP21,0.0132,1.6756,-0.4337,1063,nget_tx,304,308,400,275
277,HEYS41,HEYS11,0.122,8.1963,-0.2446,277,nget_tx,311,312,400,132
278,HEYS41,HEYS11,0.1658,8.4025,-1.5604,275,nget_tx,311,312,400,132
279,HEYS41,HEYS11,0.1372,8.0197,-0.1238,240,nget_tx,311,312,400,132
280,HIBU41,ISLI11,0.1264,8.4534,-0.357,240,nget_tx,316,344,400,132
281,HIBU41,ISLI11,0.1264,8.4534,-0.357,240,nget_tx,316,344,400,132
282,HIBU41,ISLI11,0.1264,8.4534,-0.357,240,nget_tx,316,344,400,132
283,HIGM41,HIGM21,0.0186,1.5729,-7.729,1044,nget_tx,314,313,400,275
284,HIGM41,HIGM4A,0.0002,0.2873,0.0,2750,nget_tx,314,315,400,400
285,HINP41,HINP21,0.0363,2.4397,-2.1073,539,nget_tx,319,318,400,275
286,HINP41,HINP22,0.0376,2.3797,-3.9009,507,nget_tx,319,317,400,275
287,HUMR41,HUMR31,0.6667,22.467,-0.1612,90,nget_tx,321,320,400,33
288,HUMR41,HUMR31,0.6667,22.256,-0.1612,90,nget_tx,321,320,400,33
289,HURS21,HURS1B,0.1221,8.0467,-0.0391,279,nget_tx,325,324,275,132
290,HURS21,HURS1C,0.1382,8.1742,-0.1786,279,nget_tx,325,323,275,132
291,HURS21,HURS1D,0.1392,8.4361,-0.781,279,nget_tx,325,322,275,132
292,HUTT41,HUTT11,0.1621,8.0984,-0.0747,265,nget_tx,326,328,400,132
293,HUTT41,HUTT11,0.1621,8.0984,-0.0747,264,nget_tx,326,328,400,132
294,HUTT41,HUTT71,0.0032,0.0208,0.0,80,nget_tx,326,327,400,25
295,HUTT41,HUTT71,0.0032,0.0208,0.0,80,nget_tx,326,327,400,25
296,IMPP41,IMPP31,0.2262,15.019,-0.0538,143,nget_tx,331,332,400,33
297,IMPP41,IMPP31,0.2262,15.019,-0.0538,143,nget_tx,331,332,400,33
298,INDQ41,INDQ11,0.1302,8.4532,-10.3672,278,nget_tx,334,335,400,132
299,INDQ41,INDQ11,0.1303,7.8698,-0.4285,278,nget_tx,334,335,400,132
300,INDQ41,INDQ11,0.1278,8.0061,-0.2276,256,nget_tx,334,335,400,132
301,INDQ41,INDQ11,0.1471,8.4008,-0.1719,254,nget_tx,334,335,400,132
302,IROA21,IROA11,0.1221,8.0467,-0.0391,279,nget_tx,338,336,275,132
303,IROA21,IROA11,0.1366,8.0648,-0.0471,279,nget_tx,338,336,275,132
304,IROA21,IROA12,0.1053,8.0652,-0.0304,217,nget_tx,338,339,275,132
305,IROA21,IROA12,0.1685,7.8148,-1.385,210,nget_tx,338,339,275,132
306,IROA21,IROA13,0.1266,8.6449,-1.9406,250,nget_tx,338,337,275,132
307,IROA21,IROA13,0.1685,7.8148,-1.385,210,nget_tx,338,337,275,132
308,IRON41,IRON11,0.1557,8.3736,-0.4146,278,nget_tx,340,343,400,132
309,IRON41,IRON12,0.1557,8.3736,-0.4146,277,nget_tx,340,341,400,132
310,IRON41,IRON13,0.1372,8.0197,-0.1238,278,nget_tx,340,342,400,132
311,IVER21,IVER11,0.1366,8.0648,-0.0471,279,nget_tx,345,350,275,132
312,IVER21,IVER11,0.1221,8.0467,-0.0391,279,nget_tx,345,350,275,132
313,IVER21,IVER11,0.1366,8.0648,-0.0471,265,nget_tx,345,350,275,132
314,IVER21,IVER61,0.2856,11.1999,-2.5672,153,nget_tx,345,348,275,66
315,IVER21,IVER61,0.3931,16.4953,-2.1281,125,nget_tx,345,348,275,66
316,IVER21,IVER61,0.3931,16.4953,-2.1281,125,nget_tx,345,348,275,66
317,IVER22,IVER11,0.1366,8.0648,-0.0471,279,nget_tx,347,350,275,132
318,IVER22,IVER61,0.2856,11.1999,-2.5672,153,nget_tx,347,348,275,66
319,IVER4A,IVER21,0.0176,1.5828,-0.1018,1135,nget_tx,349,345,400,275
320,IVER4A,IVER22,0.0326,2.3798,-3.9003,500,nget_tx,349,347,400,275
321,IVER4B,IVER21,0.0326,2.3798,-3.9003,500,nget_tx,351,345,400,275
322,IVER4B,IVER2A,0.0132,1.4627,-2.0624,841,nget_tx,351,346,400,275
323,JORD21,JORD31,0.593,20.7915,-0.122,110,nget_tx,353,352,275,33
324,JORD21,JORD31,0.593,20.7915,-0.122,110,nget_tx,353,352,275,33
325,KEAD41,KEAD11,0.1621,8.0984,-0.0747,256,nget_tx,355,358,400,132
326,KEAD41,KEAD11,0.1302,8.4532,-10.3672,240,nget_tx,355,358,400,132
327,KEAD42,KEAD11,0.1118,8.3874,-0.0906,278,nget_tx,356,358,400,132
328,KEAD4C,KEAD41,0.0002,0.4178,0.0,2750,nget_tx,360,355,400,400
329,KEAD4D,KEAD41,0.0002,0.2873,0.0,2750,nget_tx,357,355,400,400
330,KEAR21,KEAR11,0.1266,8.6449,-1.9406,278,nget_tx,365,363,275,132
331,KEAR21,KEAR11,0.1266,8.6449,-1.9406,278,nget_tx,365,363,275,132
332,KEAR21,KEAR11,0.1266,8.6449,-1.9406,278,nget_tx,365,363,275,132
333,KEAR21,KEAR11,0.1041,8.1035,-0.0269,257,nget_tx,365,363,275,132
334,KEAR21,KEAR31,0.4848,24.6692,-0.018,96,nget_tx,365,362,275,33
335,KEAR21,KEAR31,0.4848,24.6692,-0.018,96,nget_tx,365,362,275,33
336,KEAR41,KEAR21,0.0117,1.591,-4.4806,1098,nget_tx,364,365,400,275
337,KEAR41,KEAR21,0.0175,1.5879,-4.0069,1000,nget_tx,364,365,400,275
338,KEMS41,KEMS11,0.1658,8.426,-0.2939,268,nget_tx,366,367,400,132
339,KEMS41,KEMS11,0.1139,8.1036,-2.059,264,nget_tx,366,367,400,132
340,KEMS41,KEMS4A,0.0071,0.2875,0.0,2750,nget_tx,366,369,400,400
341,KEMS41,KEMS4B,0.0071,0.2875,0.0,2750,nget_tx,366,368,400,400
342,KEMS41,SHEE11,0.1621,8.0984,-0.0747,236,nget_tx,366,624,400,132
343,KIBY21,KIBY11,0.1221,8.0467,-0.0391,279,nget_tx,374,375,275,132
344,KIBY21,KIBY11,0.1221,8.0467,-0.0391,279,nget_tx,374,375,275,132
345,KIBY21,KIBY11,0.1392,8.4361,-0.781,279,nget_tx,374,375,275,132
346,KIBY21,KIBY11,0.1594,8.6081,-0.2215,261,nget_tx,374,375,275,132
347,KIBY21,KIBY11,0.1681,8.3396,-1.4878,211,nget_tx,374,375,275,132
348,KINO41,KINO11,0.1301,7.8864,-0.5157,278,nget_tx,373,372,400,132
349,KINO41,KINO11,0.1758,8.1226,-0.2746,269,nget_tx,373,372,400,132
350,KIRK21,KIRK11,0.1366,8.0648,-0.0471,279,nget_tx,378,377,275,132
351,KIRK21,KIRK11,0.1575,8.0988,-0.027,266,nget_tx,378,377,275,132
352,KIRK21,KIRK11,0.1147,8.673,-0.0358,264,nget_tx,378,377,275,132
353,KIRK21,KIRK2A,0.002,0.9802,0.0,760,nget_tx,378,376,275,275
354,KITW21,KITW11,0.1688,8.3316,-1.1711,279,nget_tx,380,379,275,132
355,KITW21,KITW11,0.1688,8.3316,-1.1711,279,nget_tx,380,379,275,132
356,KITW21,KITW11,0.1688,8.3316,-1.1711,279,nget_tx,380,379,275,132
357,KITW21,KITW11,0.1688,8.3316,-1.1711,279,nget_tx,380,379,275,132
358,KNAR21,KNAR11,0.1441,8.6238,-0.2707,240,nget_tx,381,382,275,132
359,KNAR21,KNAR11,0.1441,8.6238,-0.2707,240,nget_tx,381,382,275,132
360,LACK21,GRTO61,0.262,16.5813,-0.4096,133,nget_tx,383,266,275,66
361,LACK21,GRTO61,0.262,16.5813,-0.4096,133,nget_tx,383,266,275,66
362,LACK21,LACK61,0.3726,16.7215,-0.6945,128,nget_tx,383,385,275,66
363,LACK21,LACK61,0.4736,16.5344,-0.54,126,nget_tx,383,385,275,66
364,LACK21,LACK61,0.3726,16.7215,-0.6945,126,nget_tx,383,385,275,66
365,LACK41,LACK21,0.0174,1.598,-0.1503,1154,nget_tx,384,383,400,275
366,LACK41,LACK21,0.0175,1.5879,-4.0069,1100,nget_tx,384,383,400,275
367,LACK41,LACK2A,0.0152,1.6463,-0.1118,1185,nget_tx,384,388,400,275
368,LACK41,LACK2B,0.0182,1.5763,-0.0904,1210,nget_tx,384,387,400,275
369,LALE21,LALE11,0.1266,8.6449,-1.9406,278,nget_tx,389,390,275,132
370,LALE21,LALE11,0.1266,8.6449,-1.9406,278,nget_tx,389,390,275,132
371,LALE21,LALE11,0.1954,8.0796,-0.2295,201,nget_tx,389,390,275,132
372,LALE21,LALE11,0.196,8.3446,-0.7059,200,nget_tx,389,390,275,132
373,LAND41,LAND11,0.1372,8.0197,-0.1238,278,nget_tx,393,392,400,132
374,LAND41,LAND11,0.148,7.4973,-0.3849,278,nget_tx,393,392,400,132
375,LAND42,LAND11,0.1057,7.9352,-0.339,263,nget_tx,394,392,400,132
376,LEGA41,LEGA11,0.1372,8.0197,-0.1238,278,nget_tx,399,400,400,132
377,LEGA41,LEGA11,0.1372,8.0197,-0.1238,278,nget_tx,399,400,400,132
378,LEGA41,LEGA11,0.1175,8.6648,-0.4173,263,nget_tx,399,400,400,132
379,LEGA41,LEGA11,0.1303,7.8698,-0.4285,240,nget_tx,399,400,400,132
380,LEGA4A,LEGA41,0.001,0.35,0.0,2002,nget_tx,397,399,400,400
381,LEGA4B,LEGA41,0.001,0.35,0.0,2002,nget_tx,398,399,400,400
382,LEIS4A,LEIS11,0.1057,7.8601,-0.432,272,nget_tx,404,403,400,132
383,LISD21,LISD11,0.1221,8.0467,-0.0391,279,nget_tx,407,406,275,132
384,LISD21,LISD11,0.1441,8.6238,-0.2707,266,nget_tx,407,406,275,132
385,LISD21,LISD11,0.1441,8.6238,-0.2707,266,nget_tx,407,406,275,132
386,LISD21,LISD11,0.1266,8.6449,-1.9406,262,nget_tx,407,406,275,132
387,LITT41,LITT11,0.0997,8.0088,-0.093,267,nget_tx,412,413,400,132
388,LITT41,LITT11,0.1621,8.0984,-0.0747,253,nget_tx,412,413,400,132
389,LITT41,LITT11,0.103,7.9231,-0.0638,240,nget_tx,412,413,400,132
390,LITT41,LITT2A,0.014,2.6567,-0.1528,1028,nget_tx,412,414,400,275
391,LITT41,LITT2B,0.014,2.6567,-0.1528,1028,nget_tx,412,415,400,275
392,LOVE41,LOVE11,0.1303,7.8698,-0.4285,278,nget_tx,422,420,400,132
393,LOVE41,LOVE11,0.1042,7.831,0.0,240,nget_tx,422,420,400,132
394,LOVE41,LOVE12,0.1758,8.1226,-0.2746,274,nget_tx,422,421,400,132
395,LOVE41,LOVE12,0.1847,8.1296,-0.2979,269,nget_tx,422,421,400,132
396,MACC21,MACC31,0.688,24.5904,-0.1031,113,nget_tx,426,425,275,33
397,MACC21,MACC31,0.688,24.5904,-0.1031,113,nget_tx,426,425,275,33
398,MACC41,MACC21,0.018,1.6146,-1.5533,884,nget_tx,424,426,400,275
399,MAGA21,GRAN61,0.1642,10.921,-0.0326,207,nget_tx,430,265,275,66
400,MAGA21,GRAN61,0.1757,10.5541,-0.0326,205,nget_tx,430,265,275,66
401,MANN41,MANN11,0.1759,7.9134,-0.267,279,nget_tx,428,427,400,132
402,MANN41,MANN11,0.1758,8.1226,-0.2746,272,nget_tx,428,427,400,132
403,MANN41,MANN11,0.1758,8.1226,-0.2746,272,nget_tx,428,427,400,132
404,MANN41,MANN11,0.1326,8.774,-0.7141,259,nget_tx,428,427,400,132
405,MANN41,MANN11,0.1303,7.8698,-0.4285,278,nget_tx,428,427,400,132
406,MELK41,MELK11,0.1184,8.3643,-0.0435,278,nget_tx,441,440,400,132
407,MELK41,MELK11,0.1184,8.3643,-0.0435,278,nget_tx,441,440,400,132
408,MELK41,MELK11,0.1184,8.3643,-0.0435,278,nget_tx,441,440,400,132
409,MELK41,MELK11,0.1041,7.8535,-0.0851,240,nget_tx,441,440,400,132
410,MELK41,MELK2A,0.017,1.6132,-5.1203,750,nget_tx,441,438,400,275
411,MELK41,MELK2B,0.0,1.692,0.0,886,nget_tx,441,439,400,275
412,MILH2A,MILH11,0.1266,8.6449,-1.9406,264,nget_tx,451,450,275,132
413,MILH2A,MILH11,0.179,8.3648,-4.7616,211,nget_tx,451,450,275,132
414,MILH2B,MILH12,0.1266,8.6449,-1.9406,264,nget_tx,449,447,275,132
415,MILH2B,MILH12,0.179,8.3648,-4.7616,199,nget_tx,449,447,275,132
416,MITY41,MITY11,0.1139,8.1036,-2.059,263,nget_tx,454,453,400,132
417,MITY41,MITY11,0.122,8.1963,-0.2446,240,nget_tx,454,453,400,132
418,MITY41,MITY12,0.1057,7.9352,-0.339,263,nget_tx,454,455,400,132
419,MITY41,MITY12,0.137,7.9818,-0.1471,240,nget_tx,454,455,400,132
420,MONF41,MONF21,0.0181,1.6409,-0.1418,1100,nget_tx,456,457,400,275
421,MONF41,MONF22,0.0181,1.6409,-0.1418,1100,nget_tx,456,458,400,275
422,MONF4A,MONF21,0.0176,1.5828,-0.1018,1138,nget_tx,461,457,400,275
423,NECH21,NECH11,0.1411,8.6331,-0.2264,270,nget_tx,464,465,275,132
424,NECH21,NECH11,0.1411,8.6331,-0.2264,269,nget_tx,464,465,275,132
425,NECH21,NECH12,0.1411,8.6331,-0.2264,272,nget_tx,464,463,275,132
426,NECH21,NECH12,0.1411,8.6331,-0.2264,267,nget_tx,464,463,275,132
427,NEEP21,NEEP31,0.5083,24.0899,-0.1921,120,nget_tx,470,471,275,33
428,NEEP21,NEEP31,0.5083,24.0899,-0.1921,120,nget_tx,470,471,275,33
429,NEEP4A,NEEP21,0.021,1.669,-12.6082,1100,nget_tx,469,470,400,275
430,NEWX21,NEWX11,0.1338,8.0531,-0.1824,279,nget_tx,477,478,275,132
431,NEWX21,NEWX11,0.1338,8.0531,-0.1824,279,nget_tx,477,478,275,132
432,NEWX21,NEWX11,0.1053,8.0451,-0.0277,240,nget_tx,477,478,275,132
433,NEWX21,NEWX61,0.2188,10.8367,-0.1908,180,nget_tx,477,475,275,66
434,NEWX21,NEWX61,0.3204,14.3298,-0.2424,180,nget_tx,477,475,275,66
435,NEWX21,NEWX62,0.2972,12.4333,-0.1533,209,nget_tx,477,473,275,66
436,NEWX21,NEWX62,0.1868,10.9484,-0.0207,180,nget_tx,477,473,275,66
437,NFLE41,NFLE11,0.139,8.0987,-0.1363,268,nget_tx,484,483,400,132
438,NFLE41,NFLE11,0.139,8.0987,-0.1363,261,nget_tx,484,483,400,132
439,NFLE41,NFLE12,0.139,8.0987,-0.1363,269,nget_tx,484,485,400,132
440,NFLE41,NFLE12,0.139,8.0987,-0.1363,260,nget_tx,484,485,400,132
441,NHYD2A,NHYD61,0.3062,11.0235,-0.4552,187,nget_tx,487,482,275,66
442,NHYD2B,NHYD61,0.2364,13.3312,-0.1908,187,nget_tx,486,482,275,66
443,NHYD2B,NHYD61,0.3062,11.0235,-0.4552,180,nget_tx,486,482,275,66
444,NINF41,NINF11,0.1303,7.8698,-0.4285,278,nget_tx,479,480,400,132
445,NINF41,NINF11,0.1658,8.4025,-1.5604,273,nget_tx,479,480,400,132
446,NINF41,NINF12,0.1658,8.4025,-1.5604,273,nget_tx,479,481,400,132
447,NINF41,NINF12,0.1509,7.9378,-0.9251,253,nget_tx,479,481,400,132
448,NORL2A,NORL31,0.545,19.7925,-0.1407,114,nget_tx,493,491,275,33
449,NORL2B,NORL31,0.545,19.7925,-0.1407,114,nget_tx,492,491,275,33
450,NORM41,NORM11,0.1264,8.4534,-0.357,277,nget_tx,497,496,400,132
451,NORM41,NORM11,0.1307,7.9515,-0.1098,240,nget_tx,497,496,400,132
452,NORM41,NORM12,0.1118,8.3874,-0.0906,278,nget_tx,497,495,400,132
453,NORM41,NORM1A,0.1509,7.9378,-0.9251,253,nget_tx,497,498,400,132
454,NORM41,NORM1B,0.1509,7.9378,-0.9251,267,nget_tx,497,494,400,132
455,NORT21,NORT11,0.1748,8.3565,-0.2684,280,nget_tx,488,490,275,132
456,NORT21,NORT11,0.1594,8.6081,-0.2215,262,nget_tx,488,490,275,132
457,NORT21,NORT11,0.1594,8.6081,-0.2215,262,nget_tx,488,490,275,132
458,NORT21,NORT11,0.1748,8.3565,-0.2684,240,nget_tx,488,490,275,132
459,NORT41,NORT21,0.0186,1.5729,-7.729,1136,nget_tx,489,488,400,275
460,NORT41,NORT21,0.0117,1.591,-4.4806,1133,nget_tx,489,488,400,275
461,NURS41,NURS11,0.1471,8.4008,-0.1719,253,nget_tx,502,501,400,132
462,NURS41,NURS11,0.1471,8.4008,-0.1719,252,nget_tx,502,501,400,132
463,NURS4A,NURS11,0.103,7.9231,-0.0638,262,nget_tx,503,501,400,132
464,OCKH21,OCKH11,0.1221,8.0467,-0.0391,279,nget_tx,504,505,275,132
465,OCKH21,OCKH11,0.1221,8.0467,-0.0391,279,nget_tx,504,505,275,132
466,OCKH21,OCKH11,0.179,8.3648,-4.7616,202,nget_tx,504,505,275,132
467,OCKH21,OCKH2A,0.0104,0.867,-4.0354,760,nget_tx,504,506,275,275
468,OFFE21,OFFE31,0.5135,18.2228,-0.5477,100,nget_tx,508,509,275,33
469,OFFE21,OFFE32,0.5135,18.2228,-0.5477,115,nget_tx,508,507,275,33
470,OLDB21,OLDB11,0.1594,8.6081,-0.2215,261,nget_tx,513,512,275,132
471,OLDB21,OLDB11,0.1594,8.6081,-0.2215,261,nget_tx,513,512,275,132
472,OLDB4A,OLDB21,0.0146,1.609,-1.8746,1115,nget_tx,510,513,400,275
473,OSBA41,OSBA11,0.103,7.9231,-0.0638,269,nget_tx,516,517,400,132
474,OSBA41,OSBA11,0.103,7.9231,-0.0638,269,nget_tx,516,517,400,132
475,OSBA42,OSBA11,0.1372,8.0197,-0.1238,278,nget_tx,515,517,400,132
476,PADI41,PADI11,0.1373,8.1976,-0.1719,274,nget_tx,522,521,400,132
477,PADI41,PADI11,0.1051,7.8585,-0.0834,240,nget_tx,522,521,400,132
478,PELH41,PELH11,0.1175,8.6648,-0.4173,264,nget_tx,526,527,400,132
479,PELH41,PELH12,0.1175,8.6648,-0.4173,264,nget_tx,526,525,400,132
480,PEMB41,PEMB11,0.1658,8.4025,-1.5604,276,nget_tx,531,530,400,132
481,PEMB41,PEMB11,0.1471,8.4008,-0.1719,275,nget_tx,531,530,400,132
482,PENN21,PENN11,0.1623,8.097,-1.5978,266,nget_tx,535,533,275,132
483,PENN21,PENN11,0.1441,8.6238,-0.2707,266,nget_tx,535,533,275,132
484,PENN21,PENN11,0.1623,8.097,-1.5978,266,nget_tx,535,533,275,132
485,PENN21,PENN11,0.1623,8.097,-1.5978,266,nget_tx,535,533,275,132
486,PENN4A,PENN21,0.0176,1.5828,-0.1018,1138,nget_tx,534,535,400,275
487,PENN4B,PENN21,0.0132,1.6756,-0.4337,1063,nget_tx,536,535,400,275
488,PENT41,PENT11,0.1471,8.4008,-0.1719,257,nget_tx,538,539,400,132
489,PENT41,PENT11,0.1621,8.0984,-0.0747,255,nget_tx,538,539,400,132
490,PEWO2A,PENW11,0.1594,8.6081,-0.2215,261,nget_tx,544,550,275,132
491,PEWO2B,PENW11,0.1594,8.6081,-0.2215,261,nget_tx,543,550,275,132
492,PEWO41,PENE11,0.1372,8.0197,-0.1238,265,nget_tx,542,549,400,132
493,PEWO41,PENE11,0.1372,8.0197,-0.1238,265,nget_tx,542,549,400,132
494,PEWO41,PENE11,0.1372,8.0197,-0.1238,265,nget_tx,542,549,400,132
495,PEWO41,PENW11,0.1311,7.9055,-0.1016,278,nget_tx,542,550,400,132
496,PEWO41,PEWO2A,0.0189,1.6132,-0.7226,1129,nget_tx,542,544,400,275
497,PEWO41,PEWO2A,0.0178,1.5995,-1.2431,845,nget_tx,542,544,400,275
498,PEWO41,PEWO2B,0.0175,1.5879,-4.0069,1139,nget_tx,542,543,400,275
499,PEWO41,PEWO2B,0.021,1.669,-12.6082,876,nget_tx,542,543,400,275
500,PEWO41,PEWO4A,0.0046,0.2858,-16.2245,2750,nget_tx,542,547,400,400
501,PEWO41,PEWO4B,0.0071,0.2875,-16.2245,2750,nget_tx,542,548,400,400
502,PITS21,PITS31,0.4975,20.4439,-0.2606,110,nget_tx,551,553,275,33
503,PITS21,PITS31,0.4975,20.4439,-0.2606,110,nget_tx,551,553,275,33
504,PITS21,PITS32,0.2998,20.1311,-0.3705,120,nget_tx,551,552,275,33
505,PITS21,PITS32,0.2998,20.1311,-0.3705,120,nget_tx,551,552,275,33
506,POPP21,POPP31,0.4905,24.145,-0.1894,110,nget_tx,556,555,275,33
507,POPP21,POPP31,0.2731,30.5821,-0.0312,110,nget_tx,556,555,275,33
508,PYLE21,PYLE11,0.1366,8.0648,-0.0471,279,nget_tx,559,560,275,132
509,PYLE21,PYLE11,0.2009,8.1596,-0.5003,211,nget_tx,559,560,275,132
510,RAIN21,RAIN11,0.1927,8.5256,-0.5357,211,nget_tx,565,564,275,132
511,RAIN21,RAIN11,0.1927,8.5256,-0.5357,211,nget_tx,565,564,275,132
512,RAIN21,RAIN12,0.1927,8.5256,-0.5357,211,nget_tx,565,563,275,132
513,RAIN21,RAIN12,0.1927,8.5256,-0.5357,211,nget_tx,565,563,275,132
514,RASS41,RASS11,0.0996,8.0568,-1.1981,273,nget_tx,567,566,400,132
515,RASS41,RASS11,0.0996,8.0568,-1.1981,270,nget_tx,567,566,400,132
516,RATS41,RATS11,0.1042,7.841,-0.0895,240,nget_tx,570,568,400,132
517,RATS41,RATS11,0.1047,8.2285,-0.0886,240,nget_tx,570,568,400,132
518,RATS41,RATS12,0.1373,8.1976,-0.1719,278,nget_tx,570,571,400,132
519,RATS41,RATS12,0.1278,8.0061,-0.2276,277,nget_tx,570,571,400,132
520,RATS41,RATS2A,0.0146,1.609,-1.8746,1125,nget_tx,570,569,400,275
521,RAYL41,RAYM11,0.1303,7.8698,-0.4285,278,nget_tx,572,573,400,132
522,RAYL41,RAYM11,0.1309,7.8656,-0.4549,262,nget_tx,572,573,400,132
523,RAYL41,RAYM11,0.1045,7.8618,-0.0882,240,nget_tx,572,573,400,132
524,RAYL41,RAYM11,0.1759,7.9134,-0.267,240,nget_tx,572,573,400,132
525,REBR21,REBR32,0.665,28.1922,-0.151,111,nget_tx,577,574,275,33
526,REBR22,REBR31,0.3375,30.6481,-0.1769,132,nget_tx,575,576,275,33
527,REBR22,REBR31,0.665,28.1922,-0.151,112,nget_tx,575,576,275,33
528,RICH41,RICH11,0.1186,7.8741,-0.3958,240,nget_tx,579,580,400,132
529,RICH41,RICH11,0.1181,7.9033,-0.3958,240,nget_tx,579,580,400,132
530,ROCH21,ROCH11,0.1183,8.3927,-0.0783,278,nget_tx,582,581,275,132
531,ROCH21,ROCH11,0.1183,8.3927,-0.0783,240,nget_tx,582,581,275,132
532,ROCH21,ROCH11,0.1183,8.3927,-0.0783,240,nget_tx,582,581,275,132
533,ROCH21,ROCH12,0.1183,8.3927,-0.2368,240,nget_tx,582,584,275,132
534,ROCH4A,ROCH21,0.0098,1.5863,-0.0631,1100,nget_tx,583,582,400,275
535,ROCK41,ROCK1A,0.054,4.8906,-0.1253,460,nget_tx,586,585,400,132
536,RUGE41,RUGE11,0.1139,8.1036,-2.059,267,nget_tx,591,592,400,132
537,RUGE41,RUGE11,0.1139,8.1036,-2.059,267,nget_tx,591,592,400,132
538,RYEH41,RYEH13,0.1372,8.0197,-0.1238,253,nget_tx,600,594,400,132
539,RYEH42,RYEH12,0.1055,8.2414,-0.0848,260,nget_tx,595,596,400,132
540,RYEH43,RYEH11,0.1326,8.774,-0.7141,260,nget_tx,597,599,400,132
541,SAEN21,SAEN11,0.1531,8.6564,-0.0254,211,nget_tx,603,604,275,132
542,SAEN21,SAEN11,0.1531,8.6564,-0.0254,211,nget_tx,603,604,275,132
543,SALH21,SALH11,0.1392,8.4361,-0.781,240,nget_tx,607,606,275,132
544,SALH21,SALH11,0.1392,8.4361,-0.781,240,nget_tx,607,606,275,132
545,SEAB41,SEAB11,0.1307,7.9515,-0.1098,276,nget_tx,613,612,400,132
546,SEAB41,SEAB11,0.1303,7.8698,-0.4285,256,nget_tx,613,612,400,132
547,SEAB41,SEAB11,0.1303,7.8698,-0.4285,256,nget_tx,613,612,400,132
548,SELL4A,SELL11,0.0996,8.0568,-1.1981,275,nget_tx,615,616,400,132
549,SELL4A,SELL11,0.0996,8.0568,-1.1981,273,nget_tx,615,616,400,132
550,SELL4A,SELL12,0.103,7.9231,-0.0638,270,nget_tx,615,617,400,132
551,SELL4A,SELL13,0.1621,8.0984,-0.0747,256,nget_tx,615,620,400,132
552,SHEC21,SHEC31,0.593,20.7915,-0.122,115,nget_tx,625,626,275,33
553,SHEC21,SHEC31,0.593,20.7915,-0.122,114,nget_tx,625,626,275,33
554,SHRE4B,SHRE11,0.1057,7.9352,-0.339,240,nget_tx,627,628,400,132
555,SIZE41,SIZE11,0.103,7.9231,-0.0638,267,nget_tx,633,635,400,132
556,SIZE41,SIZE12,0.103,7.9231,-0.0638,268,nget_tx,633,634,400,132
557,SIZE41,SIZE1A,0.103,7.9231,-0.0638,268,nget_tx,633,632,400,132
558,SIZE41,SIZE1B,0.103,7.9231,-0.0638,269,nget_tx,633,636,400,132
559,SJOW21,LODR61,0.3062,11.0235,-0.4552,198,nget_tx,652,417,275,66
560,SJOW21,SJOW13,0.167,7.9774,-0.2092,249,nget_tx,652,655,275,132
561,SJOW41,LODR61,0.1529,12.1324,-0.0623,273,nget_tx,651,417,400,66
562,SJOW41,LODR61,0.1403,12.3367,-0.6356,240,nget_tx,651,417,400,66
563,SJOW41,LODR62,0.1307,7.9515,-0.1098,240,nget_tx,651,416,400,66
564,SJOW41,LODR62,0.1455,13.3242,-0.0759,240,nget_tx,651,416,400,66
565,SJOW41,SJOW11,0.1229,8.3873,-0.1147,270,nget_tx,651,654,400,132
566,SJOW41,SJOW11,0.1229,8.3873,-0.1147,240,nget_tx,651,654,400,132
567,SJOW41,SJOW12,0.1229,8.3873,-0.1147,240,nget_tx,651,653,400,132
568,SJOW41,SJOW12,0.1229,8.3873,-0.1147,240,nget_tx,651,653,400,132
569,SJOW41,SJOW13,0.1055,8.1881,-0.0865,240,nget_tx,651,655,400,132
570,SJOW41,SJOW21,0.0224,2.5703,-0.5831,804,nget_tx,651,652,400,275
571,SKLG21,SKLG11,0.1264,8.6657,-0.0342,278,nget_tx,637,638,275,132
572,SKLG21,SKLG11,0.1264,8.6657,-0.0342,270,nget_tx,637,638,275,132
573,SKLG21,SKLG11,0.1147,8.673,-0.0358,264,nget_tx,637,638,275,132
574,SKLG21,SKLG11,0.1147,8.673,-0.0358,264,nget_tx,637,638,275,132
575,SMAN21,SMAN11,0.1052,8.2077,-0.6621,279,nget_tx,642,641,275,132
576,SMAN21,SMAN11,0.1441,8.6238,-0.2707,266,nget_tx,642,641,275,132
577,SMAN21,SMAN12,0.1221,8.0467,-0.0391,279,nget_tx,642,640,275,132
578,SMAN21,SMAN12,0.1441,8.6238,-0.2707,266,nget_tx,642,640,275,132
579,SPEN41,SPEN11,0.1293,7.8614,-0.537,278,nget_tx,647,648,400,132
580,SPEN41,SPEN11,0.1305,7.8823,-0.5369,278,nget_tx,647,648,400,132
581,SPEN42,SPEN11,0.1315,7.8822,-0.5369,278,nget_tx,649,648,400,132
582,SSHI22,SSHI31,0.4975,20.4439,-0.2606,110,nget_tx,644,643,275,33
583,SSHI22,SSHI31,0.4975,20.4439,-0.2606,110,nget_tx,644,643,275,33
584,STAH4A,STAH11,0.122,8.1963,-0.2446,240,nget_tx,662,660,400,132
585,STAH4B,STAH11,0.1046,7.8493,-0.0881,240,nget_tx,661,660,400,132
586,STAL21,STAL11,0.2188,8.097,-1.9861,280,nget_tx,656,658,275,132
587,STAL21,STAL11,0.1221,8.0467,-0.0391,279,nget_tx,656,658,275,132
588,STAL21,STAL11,0.1681,8.3396,-1.4878,198,nget_tx,656,658,275,132
589,STAL21,STAL11,0.1954,8.0796,-0.2295,189,nget_tx,656,658,275,132
590,STAL4A,STAL21,0.0146,1.609,-1.8746,1117,nget_tx,659,656,400,275
591,STAY41,STAY4A,0.0002,0.4178,-13.831,2750,nget_tx,663,664,400,400
592,STAY41,STYC11,0.103,7.9231,-0.0638,266,nget_tx,663,665,400,132
593,STAY41,STYC12,0.1046,7.8493,-0.0881,271,nget_tx,663,666,400,132
594,STEW21,STEN11,0.3392,11.9012,-0.7294,179,nget_tx,669,667,275,132
595,STEW21,STEN11,0.3328,11.6619,-0.9523,138,nget_tx,669,667,275,132
596,STEW21,STEN11,0.3328,11.6619,-0.9523,137,nget_tx,669,667,275,132
597,STEW21,STES11,0.1366,8.0648,-0.0471,274,nget_tx,669,668,275,132
598,STEW21,STES11,0.3328,11.6619,-0.9523,137,nget_tx,669,668,275,132
599,STEW21,STES11,0.3328,11.6619,-0.9523,137,nget_tx,669,668,275,132
600,STEW41,STEW21,0.0211,1.6463,-14.2471,1172,nget_tx,670,669,400,275
601,STEW41,STEW21,0.0107,1.5596,-0.0734,1165,nget_tx,670,669,400,275
602,STOB41,STOB11,0.1307,7.9515,-0.1098,240,nget_tx,676,675,400,132
603,STOB41,STOB11,0.1307,7.9515,-0.1098,240,nget_tx,676,675,400,132
604,STSB4B,STSB4A,0.0003,0.1825,0.0,1999,nget_tx,673,674,400,400
605,SUND41,SUND11,0.1303,7.8698,-0.4285,278,nget_tx,678,679,400,132
606,SUND41,SUND11,0.1675,8.2453,-0.6567,252,nget_tx,678,679,400,132
607,SUND41,SUND31,0.2262,15.019,-0.0538,150,nget_tx,678,680,400,33
608,SUND42,SUND11,0.1675,8.2453,-0.6567,254,nget_tx,677,679,400,132
609,SUND42,SUND11,0.1675,8.2453,-0.6567,250,nget_tx,677,679,400,132
610,SWAN22,SWAN11,0.1646,8.0383,-0.1808,211,nget_tx,684,682,275,132
611,SWAN22,SWAN11,0.1923,8.2361,-0.4425,211,nget_tx,684,682,275,132
612,SWAN41,SWAN11,0.1303,7.8698,-0.4285,256,nget_tx,686,682,400,132
613,SWAN41,SWAN12,0.1303,7.8698,-0.4285,240,nget_tx,686,685,400,132
614,SWAN41,SWAN21,0.0182,1.5763,-0.0904,1210,nget_tx,686,681,400,275
615,SWAN4A,SWAN22,0.0178,1.5995,-1.2431,851,nget_tx,687,684,400,275
616,SWAN4B,SWAN12,0.1307,7.9515,-0.1098,240,nget_tx,683,685,400,132
617,TAUN41,TAUN11,0.1049,8.1792,-0.1104,240,nget_tx,692,693,400,132
618,TAUN42,TAUN11,0.1459,8.045,-0.2605,279,nget_tx,691,693,400,132
619,TEMP21,TEMP31,0.7076,26.5771,-0.0784,76,nget_tx,695,696,275,33
620,TEMP22,TEMP31,0.7076,26.5771,-0.0784,76,nget_tx,694,696,275,33
621,THOM21,THOM61,0.3985,16.203,-0.4431,122,nget_tx,701,704,275,66
622,THOM41,THOM21,0.0189,1.6132,-0.7226,879,nget_tx,702,701,400,275
623,THOM41,THOM21,0.0185,1.614,-0.5638,879,nget_tx,702,701,400,275
624,THOM42,THOM2A,0.0152,1.6463,-0.1118,1100,nget_tx,705,703,400,275
625,THOM42,THOM61,0.1844,13.1765,-0.0474,180,nget_tx,705,704,400,66
626,THUR21,THUR61,0.2288,10.3241,-0.0437,209,nget_tx,706,708,275,66
627,THUR21,THUR61,0.2288,10.3241,-0.0437,209,nget_tx,706,708,275,66
628,THUR21,THUR61,0.1699,10.8431,-0.0403,180,nget_tx,706,708,275,66
629,TILB21,TILB11,0.1004,8.1994,-0.2371,240,nget_tx,717,715,275,132
630,TILB21,TILB12,0.1,8.0952,-0.2374,240,nget_tx,717,714,275,132
631,TILB41,TILB13,0.1307,7.9515,-0.1098,240,nget_tx,709,711,400,132
632,TILB41,TILB14,0.1303,7.8698,-0.4285,278,nget_tx,709,719,400,132
633,TILB4A,TILB21,0.0376,2.1949,-10.6848,1153,nget_tx,713,717,400,275
634,TILB4B,TILB21,0.0117,1.591,-4.4806,1102,nget_tx,712,717,400,275
635,TINP21,TINP31,0.4758,20.0944,-0.4489,111,nget_tx,721,723,275,33
636,TINP21,TINP32,0.5083,24.0899,-0.1921,135,nget_tx,721,722,275,33
637,TINP22,TINP31,0.4758,20.0944,-0.4489,111,nget_tx,720,723,275,33
638,TINP22,TINP32,0.5083,24.0899,-0.1921,172,nget_tx,720,722,275,33
639,TODP21,TODP61,0.3931,16.4953,-2.1281,139,nget_tx,725,724,275,66
640,TODP21,TODP61,0.459,16.6187,-0.1963,101,nget_tx,725,724,275,66
641,TOTT21,TOTT11,0.1266,8.6449,-1.9406,265,nget_tx,727,732,275,132
642,TOTT22,TOTT11,0.1266,8.6449,-1.9406,265,nget_tx,729,732,275,132
643,TOTT23,TOTT12,0.1688,8.3316,-1.1711,265,nget_tx,731,730,275,132
644,TOTT24,TOTT12,0.179,8.3648,-4.7616,198,nget_tx,726,730,275,132
645,TRAW21,TRAW11,0.2847,12.2467,-1.4346,140,nget_tx,735,736,275,132
646,TRAW21,TRAW11,0.0937,8.437,-0.1095,150,nget_tx,735,736,275,132
647,TRAW41,TRAW21,0.0132,1.6756,-0.4337,966,nget_tx,734,735,400,275
648,TRAW41,TRAW21,0.021,1.669,-12.6082,888,nget_tx,734,735,400,275
649,TREM21,TREM31,0.4636,17.894,-0.1238,116,nget_tx,738,737,275,33
650,TREM21,TREM31,0.593,20.7915,-0.122,115,nget_tx,738,737,275,33
651,TYNE21,TYNE11,0.1221,8.0467,-0.0391,279,nget_tx,745,748,275,132
652,TYNE21,TYNE11,0.1411,8.6331,-0.2264,267,nget_tx,745,748,275,132
653,TYNE21,TYNE51,1.2306,53.1493,-0.0143,44,nget_tx,745,747,275,11
654,TYNE2A,TYNE51,1.2306,53.1493,-0.0143,44,nget_tx,746,747,275,11
655,UPPB21,UPPB31,0.5107,17.9527,-0.2251,105,nget_tx,749,752,275,33
656,UPPB21,UPPB31,0.4636,17.894,-0.1238,105,nget_tx,749,752,275,33
657,UPPB22,UPPB11,0.0979,8.4411,-0.0271,262,nget_tx,750,751,275,132
658,UPPB22,UPPB11,0.097,8.457,-0.0263,222,nget_tx,750,751,275,132
659,USKM21,ALST31,0.5135,18.2228,-0.5477,116,nget_tx,757,11,275,33
660,USKM21,ALST32,0.5107,17.9527,-0.2251,116,nget_tx,757,12,275,33
661,USKM21,USKM11,0.1221,8.0467,-0.0391,312,nget_tx,757,753,275,132
662,USKM21,USKM11,0.1221,8.0467,-0.0391,263,nget_tx,757,753,275,132
663,USKM21,USKM12,0.1221,8.0467,-0.0391,263,nget_tx,757,754,275,132
664,WALH41,PORH11,0.103,7.9231,-0.0638,266,nget_tx,758,557,400,132
665,WALH41,PORH11,0.1471,8.4008,-0.1719,253,nget_tx,758,557,400,132
666,WALH41,PORH11,0.1036,7.8597,-0.0784,240,nget_tx,758,557,400,132
667,WALH41,PORH11,0.1372,8.0197,-0.1238,240,nget_tx,758,557,400,132
668,WALP41,WALP11,0.1042,7.891,-0.4318,274,nget_tx,759,760,400,132
669,WALP41,WALP11,0.1304,7.9364,-0.479,278,nget_tx,759,760,400,132
670,WALP41,WALP11,0.1509,8.2849,-0.3279,275,nget_tx,759,760,400,132
671,WALP41,WALP11,0.1621,8.0984,-0.0747,275,nget_tx,759,760,400,132
672,WALP41,WALP11,0.1759,7.9134,-0.4285,274,nget_tx,759,760,400,132
673,WALX4A,WALX21,0.0176,1.5828,-0.1018,1136,nget_tx,761,767,400,275
674,WALX4A,WALX22,0.0176,1.5828,-0.1018,1136,nget_tx,761,764,400,275
675,WALX4B,WALX21,0.0176,1.5828,-0.1018,1137,nget_tx,765,767,400,275
676,WALX4B,WALX22,0.0176,1.5828,-0.1018,1137,nget_tx,765,764,400,275
677,WARL21,WARL11,0.1266,8.6449,-1.9406,278,nget_tx,768,769,275,132
678,WARL21,WARL11,0.1266,8.6449,-1.9406,278,nget_tx,768,769,275,132
679,WARL21,WARL11,0.1266,8.6449,-1.9406,264,nget_tx,768,769,275,132
680,WASF2A,WASF1A,0.197,7.9698,-0.2553,207,nget_tx,770,773,275,132
681,WASF2B,WASF1B,0.197,7.9698,-0.2553,207,nget_tx,772,771,275,132
682,WATS21,WATS11,0.1382,8.1742,-0.1786,279,nget_tx,777,775,275,132
683,WATS21,WATS12,0.3567,11.136,-0.7303,127,nget_tx,777,776,275,132
684,WATS21,WATS12,0.3567,11.136,-0.7303,126,nget_tx,777,776,275,132
685,WATS22,WATS11,0.1392,8.4361,-0.781,266,nget_tx,774,775,275,132
686,WATS22,WATS11,0.1923,8.081,-1.4418,189,nget_tx,774,775,275,132
687,WBOL21,WBOL61,0.1809,10.9763,-0.023,180,nget_tx,779,780,275,66
688,WBOL21,WBOL61,0.4736,16.5344,-0.54,134,nget_tx,779,780,275,66
689,WBOL21,WBOL61,0.3726,16.7215,-0.6945,127,nget_tx,779,780,275,66
690,WBOL21,WBOL61,0.3726,16.7215,-0.6945,127,nget_tx,779,780,275,66
691,WBUR42,WBUR11,0.1175,8.6648,-0.4173,263,nget_tx,782,781,400,132
692,WBUR42,WBUR12,0.1175,8.6648,-0.4173,265,nget_tx,782,784,400,132
693,WHAM41,WHAM11,0.103,7.9231,-0.0638,264,nget_tx,806,805,400,132
694,WHAM41,WHAM11,0.103,7.9231,-0.0638,263,nget_tx,806,805,400,132
695,WHAM41,WHAM12,0.103,7.9231,-0.0638,271,nget_tx,806,803,400,132
696,WHAM41,WHAM12,0.1057,7.9352,-0.339,263,nget_tx,806,803,400,132
697,WHAM41,WHAM4A,0.001,0.35,0.0,2000,nget_tx,806,804,400,400
698,WHAM41,WHAM4B,0.001,0.35,0.0,2000,nget_tx,806,802,400,400
699,WHGA21,WHGA11,0.1623,8.097,-1.5978,279,nget_tx,810,809,275,132
700,WHGA21,WHGA11,0.1623,8.097,-1.5978,279,nget_tx,810,809,275,132
701,WHGA21,WHGA11,0.1623,8.097,-1.5978,279,nget_tx,810,809,275,132
702,WHSO21,WHSO2A,0.005,0.463,0.0,750,nget_tx,818,816,275,275
703,WHSO21,WHSO31,0.5913,19.1375,-0.4269,100,nget_tx,818,811,275,33
704,WHSO21,WHSO31,0.5913,19.1375,-0.4269,100,nget_tx,818,811,275,33
705,WHSO21,WHSO32,0.5913,19.1375,-0.4269,100,nget_tx,818,815,275,33
706,WHSO22,WHSO2B,0.005,0.463,0.0,750,nget_tx,813,812,275,275
707,WHSO22,WHSO32,0.5913,19.0842,-0.4269,100,nget_tx,813,815,275,33
708,WHSO41,WHSO22,0.0185,1.614,-0.5638,886,nget_tx,817,813,400,275
709,WIBA21,WIBA31,0.6006,25.9931,-0.0335,114,nget_tx,841,842,275,33
710,WIBA21,WIBA31,0.6006,25.9931,-0.0335,114,nget_tx,841,842,275,33
711,WIEN2A,WIEN11,0.1,8.1202,-0.2373,240,nget_tx,821,819,275,132
712,WIEN2B,WIEN11,0.1366,8.0648,-0.0471,296,nget_tx,820,819,275,132
713,WILE41,WILL11,0.1046,7.8493,-0.0881,271,nget_tx,831,828,400,132
714,WILE41,WILL11,0.1303,7.8698,-0.4285,269,nget_tx,831,828,400,132
715,WILE41,WILL12,0.1035,8.3458,-0.0962,278,nget_tx,831,829,400,132
716,WILE41,WILL21,0.0268,2.7989,-0.3188,686,nget_tx,831,830,400,275
717,WILL21,WILL11,0.2847,12.2467,-1.4346,140,nget_tx,830,828,275,132
718,WILL21,WILL12,0.2847,12.2467,-1.4346,140,nget_tx,830,829,275,132
719,WILT2A,GRST61,0.3151,12.4456,-0.1391,207,nget_tx,833,270,275,66
720,WILT2B,GRST61,0.3151,12.4456,-0.1391,207,nget_tx,835,270,275,66
721,WILT2C,GRST61,0.2275,10.8456,-0.0697,198,nget_tx,832,270,275,66
722,WILT2D,GRST61,0.2972,12.4333,-0.1533,206,nget_tx,834,270,275,66
723,WIMB21,WIMB11,0.167,7.9774,-0.2092,255,nget_tx,837,840,275,132
724,WIMB21,WIMB11,0.1845,7.8956,-0.1938,249,nget_tx,837,840,275,132
725,WIMB21,WIMB12,0.167,7.9774,-0.2092,255,nget_tx,837,838,275,132
726,WIMB21,WIMB12,0.1845,7.8956,-0.1938,249,nget_tx,837,838,275,132
727,WIMB41,WIMB11,0.1366,7.753,-0.4285,240,nget_tx,836,840,400,132
728,WIMB41,WIMB11,0.1303,7.8698,-0.4285,240,nget_tx,836,840,400,132
729,WIMB41,WIMB11,0.1303,7.8698,-0.4285,240,nget_tx,836,840,400,132
730,WIMB41,WIMB11,0.1354,7.753,-0.4285,240,nget_tx,836,840,400,132
731,WIMB41,WIMB11,0.1303,7.8698,-0.4285,240,nget_tx,836,840,400,132
732,WIMB41,WIMB21,0.014,2.6567,-0.1528,950,nget_tx,836,837,400,275
733,WISD21,WISD11,0.1845,7.8956,-0.1938,240,nget_tx,823,827,275,132
734,WISD21,WISD11,0.167,7.9774,-0.2092,257,nget_tx,823,827,275,132
735,WISD21,WISD11,0.167,7.9774,-0.2092,240,nget_tx,823,827,275,132
736,WISD21,WISD11,0.0723,8.433,-0.2375,240,nget_tx,823,827,275,132
737,WISD21,WISD2A,0.002,0.6673,0.0,750,nget_tx,823,826,275,275
738,WISD21,WISD61,0.3204,14.3298,-0.2424,201,nget_tx,823,822,275,66
739,WISD21,WISD61,0.3204,14.3298,-0.2424,200,nget_tx,823,822,275,66
740,WISD21,WISD61,0.3204,14.3298,-0.2424,200,nget_tx,823,822,275,66
741,WISD41,WISD21,0.0152,1.6463,-0.1118,949,nget_tx,825,823,400,275
742,WISD42,WISD21,0.0152,1.6463,-0.1118,949,nget_tx,824,823,400,275
743,WMEL21,WMEL11,0.2264,12.2479,-0.6062,130,nget_tx,787,786,275,132
744,WMEL21,WMEL11,0.2264,12.2479,-0.6062,130,nget_tx,787,786,275,132
745,WMEL21,WMEL11,0.2264,12.2479,-0.6062,129,nget_tx,787,786,275,132
746,WMEL21,WMEL11,0.2264,12.2479,-0.6062,129,nget_tx,787,786,275,132
747,WMEL21,WMEL12,0.1492,8.2209,-0.7333,199,nget_tx,787,785,275,132
748,WMEL21,WMEL12,0.1492,8.2209,-0.7333,199,nget_tx,787,785,275,132
749,WMEL21,WMEL12,0.1923,8.2361,-0.4425,197,nget_tx,787,785,275,132
750,WTHU4A,WTHU31,0.5201,31.2457,-0.1063,100,nget_tx,793,794,400,33
751,WTHU4B,WTHU31,0.5201,31.2457,-0.1063,100,nget_tx,790,794,400,33
752,WWEY21,WWEY11,0.2188,8.097,-1.9861,280,nget_tx,797,799,275,132
753,WWEY21,WWEY12,0.1382,8.4614,-0.1786,250,nget_tx,797,800,275,132
754,WWEY22,WWEY11,0.1954,8.0796,-0.2295,202,nget_tx,801,799,275,132
755,WWEY22,WWEY12,0.1382,8.4489,-0.1786,240,nget_tx,801,800,275,132
756,WWEY4A,WWEY21,0.017,1.6132,-5.1203,750,nget_tx,796,797,400,275
757,WWEY4A,WWEY22,0.0185,1.614,-0.5638,886,nget_tx,796,801,400,275
758,WWEY4B,WWEY21,0.0178,1.5995,-1.2431,845,nget_tx,795,797,400,275
759,WWEY4B,WWEY2A,0.0178,1.5995,-1.2431,845,nget_tx,795,798,400,275
760,WYLF41,WYLF11,0.1509,8.2849,-0.3279,276,nget_tx,843,844,400,132
761,WYLF41,WYLF11,0.1509,8.2849,-0.3279,276,nget_tx,843,844,400,132
762,WYLF41,WYLF11,0.1229,8.3873,-0.1147,269,nget_tx,843,844,400,132
763,WYMO41,WYMO11,0.1303,7.8698,-0.4285,273,nget_tx,846,845,400,132
764,WYMO41,WYMO11,0.1509,8.2849,-0.3279,273,nget_tx,846,845,400,132
765,WYMO41,WYMO11,0.1509,8.2849,-0.3279,273,nget_tx,846,845,400,132
766,WYMO41,WYMO11,0.1303,7.8698,-0.4285,273,nget_tx,846,845,400,132
