,Node,Space,23/24,24/25,25/26,26/27,27/28,28/29,29/30,30/31,bus_name,bus_id,demand
0,ABHA4A,,198.0,201.0,206.0,210.0,214.0,220.0,229.0,239.0,ABHAM 132.0kV,4,220.0
1,ABHA4B,,342.0,346.0,352.0,358.0,366.0,377.0,391.0,415.0,ABHAM 132.0kV,4,377.0
3,ABTH20,,71.0,73.0,76.0,78.0,80.0,82.0,91.0,96.0,ABERTHAW 132.0kV,0,82.0
4,ALDW20,,7.0,7.0,7.0,7.0,7.0,7.0,8.0,8.0,ALDWARKE 275.0kV,8,7.0
7,ALVE4A,,-18.0,-19.0,-20.0,-20.0,-21.0,-21.0,-22.0,-23.0,ALVERDISCOTT 132.0kV,13,-21.0
8,ALVE4B,,16.0,16.0,16.0,17.0,18.0,19.0,20.0,21.0,ALVERDISCOTT 132.0kV,13,19.0
9,AMEM4A_EPN,,23.0,55.0,72.0,75.0,78.0,80.0,83.0,85.0,AMERSHAM MAIN 400.0kV,16,80.0
10,AMEM4A_SEP,,13.0,13.0,13.0,13.0,14.0,15.0,15.0,16.0,AMERSHAM MAIN 400.0kV,16,15.0
11,AMEM4B_EPN,,208.0,241.0,246.0,248.0,253.0,259.0,270.0,281.0,AMERSHAM MAIN 400.0kV,16,259.0
12,AMEM4B_SEP,,108.0,141.0,142.0,140.0,145.0,150.0,154.0,159.0,AMERSHAM MAIN 400.0kV,16,150.0
17,AXMI40_SEP,,11.0,11.0,41.0,42.0,42.0,42.0,43.0,44.0,AXMINSTER 132.0kV,19,42.0
18,AXMI40_WPD,,9.0,9.0,9.0,8.0,9.0,9.0,9.0,10.0,AXMINSTER 132.0kV,19,9.0
24,BARK20_EPN,,74.0,74.0,76.0,77.0,80.0,82.0,85.0,88.0,BARKING 275.0kV,22,82.0
25,BARK20_LPN,,297.0,301.0,304.0,304.0,306.0,310.0,313.0,319.0,BARKING 275.0kV,22,310.0
27,BEDD20_LPN,,595.0,615.0,637.0,663.0,691.0,728.0,769.0,823.0,BEDDINGTON 132.0kV,28,728.0
28,BEDD20_SPN,,12.0,13.0,14.0,16.0,14.0,16.0,19.0,21.0,BEDDINGTON 132.0kV,28,16.0
32,BESW20,,27.0,27.0,29.0,30.0,31.0,33.0,34.0,35.0,BERKSWELL 132.0kV,39,33.0
33,BICF4A,,21.0,24.0,26.0,89.0,92.0,96.0,99.0,102.0,BICKER FEN 400.0kV,42,96.0
34,BICF4B,,8.0,8.0,8.0,8.0,8.0,8.0,36.0,36.0,BICKER FEN 400.0kV,42,8.0
35,BIRK20,,44.0,45.0,46.0,47.0,49.0,50.0,52.0,56.0,BIRKENHEAD 275.0kV,44,50.0
36,BISW20,,350.0,379.0,386.0,392.0,401.0,412.0,427.0,444.0,BISHOPS WOOD 132.0kV,46,412.0
37,BLYT20,,28.0,34.0,36.0,60.0,61.0,62.0,64.0,65.0,BLYTH 132.0kV,48,62.0
40,BOLN40,,53.0,46.0,47.0,57.0,59.0,60.0,53.0,54.0,BOLNEY 132.0kV,56,60.0
42,BOTW40,,11.0,11.0,41.0,42.0,42.0,42.0,43.0,44.0,BOTLEY WOOD 400.0kV,59,42.0
43,BRAI4A,,33.0,33.0,33.0,34.0,34.0,35.0,36.0,36.0,BRAINTREE 132.0kV,65,35.0
44,BRAI4B,,-6.0,-6.0,-6.0,-6.0,-6.0,-6.0,-6.0,-6.0,BRAINTREE 132.0kV,65,-6.0
46,BRAW20,,57.0,59.0,61.0,65.0,69.0,75.0,80.0,86.0,BRADFORD WEST 132.0kV,61,75.0
47,BRED20,,24.0,28.0,33.0,39.0,44.0,49.0,54.0,60.0,BREDBURY 132.0kV,79,49.0
48,BRFO40,,97.0,99.0,102.0,105.0,108.0,111.0,115.0,121.0,BRAMFORD 400.0kV,68,111.0
51,BRIM2A_EPN,,145.0,144.0,146.0,148.0,150.0,152.0,185.0,186.0,BRIMSDOWN 400.0kV,89,152.0
52,BRIM2A_LPN,,11.0,10.0,10.0,11.0,16.0,17.0,17.0,18.0,BRIMSDOWN 400.0kV,89,17.0
53,BRIM2B_EPN,,187.0,187.0,217.0,224.0,233.0,248.0,261.0,279.0,BRIMSDOWN 400.0kV,89,248.0
54,BRIM2B_LPN,,119.0,121.0,125.0,131.0,137.0,144.0,150.0,158.0,BRIMSDOWN 400.0kV,89,144.0
55,BRIM2C_EPN,,43.0,45.0,47.0,49.0,53.0,58.0,63.0,69.0,BRIMSDOWN 400.0kV,89,58.0
56,BRIM2C_LPN,,182.0,180.0,186.0,194.0,205.0,215.0,226.0,238.0,BRIMSDOWN 400.0kV,89,215.0
57,BRLE40,,1.0,1.0,1.0,1.0,1.0,1.0,1.0,1.0,BRAMLEY 132.0kV,72,1.0
62,BRWA2A,,22.0,22.0,22.0,22.0,22.0,23.0,23.0,23.0,BRIDGWATER 400.0kV,81,23.0
63,BRWA2B,,16.0,16.0,16.0,17.0,18.0,19.0,20.0,21.0,BRIDGWATER 400.0kV,81,19.0
64,BULL40,,98.0,101.0,105.0,115.0,123.0,128.0,133.0,138.0,BULLSLODGE 400.0kV,99,128.0
66,BURW40,,229.0,237.0,246.0,257.0,272.0,291.0,310.0,337.0,BURWELL 400.0kV,100,291.0
67,BUSH20,,163.0,167.0,172.0,179.0,186.0,196.0,206.0,220.0,BUSHBURY 132.0kV,102,196.0
68,BUST20,,163.0,167.0,172.0,179.0,186.0,196.0,206.0,220.0,BUSTLEHOLME 400.0kV,104,196.0
73,CANT40,,8.0,8.0,8.0,8.0,8.0,8.0,36.0,36.0,CANTERBURY 400.0kV,111,8.0
74,CAPE20,,47.0,73.0,99.0,126.0,154.0,174.0,193.0,213.0,CAPENHURST 132.0kV,114,174.0
75,CARE20,,21.0,22.0,23.0,24.0,25.0,27.0,28.0,31.0,CARDIFF EAST 275.0kV,120,27.0
76,CARR20,,302.0,305.0,296.0,255.0,264.0,272.0,275.0,274.0,CARRINGTON 400.0kV,122,272.0
81,CELL40_SPM,,97.0,99.0,102.0,103.0,105.0,108.0,111.0,112.0,CELLARHEAD 132.0kV,129,108.0
82,CELL40_WPD,,121.0,123.0,126.0,127.0,129.0,131.0,135.0,140.0,CELLARHEAD 132.0kV,129,131.0
87,CHIC40,,25.0,29.0,34.0,98.0,102.0,107.0,111.0,115.0,CHICKERELL 400.0kV,142,107.0
88,CHSI20,,18.0,17.0,10.0,4.0,2.0,4.0,6.0,4.0,CHESSINGTON 132.0kV,134,4.0
89,CHTE20,,80.0,81.0,87.0,90.0,94.0,98.0,101.0,104.0,CHESTERFIELD 132.0kV,138,98.0
90,CITR41,,33.0,64.0,64.0,65.0,67.0,69.0,71.0,74.0,CITYROAD 400.0kV,149,69.0
91,CITR46,,22.0,24.0,26.0,28.0,30.0,31.0,33.0,35.0,CITYROAD 400.0kV,149,31.0
98,CONQ40,,500.0,564.0,564.0,505.0,515.0,519.0,598.0,613.0,CONNAHS QUAY 132.0kV,153,519.0
101,COVE20,,27.0,27.0,29.0,30.0,31.0,33.0,34.0,35.0,COVENTRY 275.0kV,160,33.0
102,COWL40,,22.0,23.0,53.0,85.0,86.0,87.0,89.0,91.0,COWLEY 400.0kV,164,87.0
105,CREB40,,18.0,44.0,102.0,103.0,105.0,107.0,108.0,111.0,CREYKE BECK 400.0kV,167,107.0
108,CULJ4A,,244.0,294.0,295.0,297.0,300.0,305.0,310.0,323.0,CULHAM JET 400.0kV,175,305.0
119,DIDC40,,35.0,37.0,39.0,43.0,46.0,50.0,53.0,56.0,DIDCOT 400.0kV,178,50.0
121,DRAK20,,186.0,194.0,203.0,211.0,220.0,233.0,251.0,269.0,DRAKELOW 275.0kV,182,233.0
122,DRAX40,,18.0,44.0,102.0,103.0,105.0,107.0,108.0,111.0,DRAX 400.0kV,185,107.0
140,EALI20,,22.0,23.0,53.0,85.0,86.0,87.0,89.0,91.0,EALING 275.0kV,190,87.0
141,EASO40,,10.0,10.0,10.0,10.0,10.0,10.0,10.0,10.0,EATON SOCON 400.0kV,196,10.0
146,ECLA40_EME,,0.0,-3.0,-10.0,-10.0,-10.0,-10.0,-10.0,-10.0,EAST CLAYDON 400.0kV,193,-10.0
147,ECLA40_SEP,,95.0,95.0,126.0,154.0,154.0,155.0,156.0,157.0,EAST CLAYDON 400.0kV,193,155.0
156,ELLA20,,17.0,20.0,24.0,48.0,52.0,56.0,60.0,64.0,ELLAND 132.0kV,203,56.0
157,ELST20,,10.0,10.0,10.0,10.0,10.0,10.0,10.0,10.0,ELSTREE 400.0kV,206,10.0
160,ENDE40,,0.0,-3.0,-10.0,-10.0,-10.0,-10.0,-10.0,-10.0,ENDERBY 132.0kV,214,-10.0
163,EXET40,,13.0,18.0,22.0,27.0,32.0,37.0,42.0,47.0,EXETER MAIN 132.0kV,216,37.0
166,FAWL40,,178.0,194.0,200.0,207.0,216.0,224.0,232.0,242.0,FAWLEY 132.0kV,218,224.0
167,FECK20,,45.0,72.0,74.0,76.0,78.0,80.0,82.0,85.0,FECKENHAM 275.0kV,220,80.0
168,FECK40,,252.0,281.0,288.0,293.0,302.0,308.0,322.0,342.0,FECKENHAM 275.0kV,220,308.0
169,FERR20_YED,,27.0,27.0,28.0,29.0,30.0,31.0,33.0,35.0,FERRYBRIDGE 66.0kV,224,31.0
170,FERR2A_YED,,16.0,17.0,17.0,17.0,18.0,18.0,19.0,19.0,FERRYBRIDGE 66.0kV,224,18.0
171,FERR2B_YED,,128.0,130.0,127.0,125.0,121.0,123.0,131.0,140.0,FERRYBRIDGE 66.0kV,224,123.0
174,FIDF20_SPM,,38.0,23.0,18.0,24.0,20.0,21.0,12.0,13.0,FIDDLERS FERRY 275.0kV,234,21.0
175,FLEE40,,13.0,13.0,13.0,13.0,14.0,15.0,15.0,16.0,FLEET 132.0kV,237,15.0
176,FOUR20,,28.0,34.0,36.0,60.0,61.0,62.0,64.0,65.0,FOURSTONES 33.0kV,244,62.0
179,FROD2A,,97.0,99.0,102.0,105.0,108.0,111.0,115.0,121.0,FRODSHAM 275.0kV,253,111.0
180,FROD2B,,38.0,23.0,18.0,24.0,20.0,21.0,12.0,13.0,FRODSHAM 275.0kV,253,21.0
181,FROD40,,372.0,344.0,338.0,355.0,349.0,353.0,350.0,359.0,FRODSHAM 275.0kV,253,353.0
197,GREN40_EME,,15.0,15.0,16.0,17.0,18.0,19.0,21.0,22.0,GRENDON 400.0kV,267,19.0
198,GREN40_EPN,,17.0,20.0,23.0,26.0,29.0,33.0,36.0,40.0,GRENDON 400.0kV,267,33.0
199,GRIW40,,11.0,11.0,37.0,37.0,38.0,39.0,39.0,40.0,GRIMSBY WEST 132.0kV,273,39.0
203,HACK2A,,21.0,21.0,21.0,22.0,23.0,24.0,24.0,25.0,HACKNEY 275.0kV,276,24.0
204,HACK2B,,22.0,24.0,26.0,28.0,30.0,31.0,33.0,35.0,HACKNEY 275.0kV,276,31.0
205,HACK40,,141.0,144.0,148.0,154.0,160.0,182.0,204.0,210.0,HACKNEY 275.0kV,276,182.0
208,HAMH40_EME,,15.0,15.0,16.0,17.0,18.0,19.0,21.0,22.0,HAMSHALL 400.0kV,285,19.0
209,HARK20,,126.0,128.0,131.0,136.0,141.0,146.0,151.0,157.0,HARKER 275.0kV,289,146.0
210,HARK40,,50.0,56.0,56.0,56.0,56.0,57.0,57.0,59.0,HARKER 275.0kV,289,57.0
211,HARM20,,7.0,2.0,2.0,3.0,3.0,3.0,3.0,4.0,HARTMOOR 66.0kV,299,3.0
213,HAWP20,,7.0,2.0,2.0,3.0,3.0,3.0,3.0,4.0,HAWTHORN PIT 66.0kV,301,3.0
215,HEYS40,,0.0,0.0,0.0,0.0,0.0,0.0,0.0,0.0,HEYSHAM 132.0kV,308,0.0
218,HURS20,,223.0,209.0,200.0,198.0,190.0,191.0,189.0,193.0,HURST 132.0kV,319,191.0
219,HUTT40,,11.0,10.0,10.0,11.0,16.0,17.0,17.0,18.0,HUTTON 400.0kV,323,17.0
220,IMPP40,,37.0,41.0,41.0,43.0,44.0,45.0,47.0,48.0,IMPERIAL PARK 400.0kV,328,45.0
221,INDQ40,,13.0,18.0,22.0,27.0,32.0,37.0,42.0,47.0,INDIAN QUEENS 132.0kV,331,37.0
228,IROA20_WPDWM,,47.0,48.0,49.0,49.0,50.0,50.0,52.0,54.0,IRON ACTON 132.0kV,333,50.0
229,IRON40,,98.0,97.0,97.0,97.0,98.0,99.0,101.0,105.0,IRON BRIDGE 132.0kV,337,99.0
230,IVER20,,51.0,52.0,53.0,54.0,57.0,60.0,64.0,67.0,IVER 275.0kV,342,60.0
233,JORD20,,11.0,11.0,37.0,37.0,38.0,39.0,39.0,40.0,JORDANTHORPE 33.0kV,349,39.0
235,KEAD40,,22.0,22.0,19.0,20.0,21.0,22.0,24.0,25.0,KEADBY 400.0kV,351,22.0
236,KEAR20,,19.0,19.0,20.0,20.0,21.0,22.0,23.0,23.0,KEARSLEY 400.0kV,358,22.0
238,KEMS40,,30.0,29.0,29.0,29.0,30.0,30.0,30.0,31.0,KEMSLEY 132.0kV,362,30.0
239,KENG40,,176.0,161.0,166.0,175.0,185.0,196.0,206.0,218.0,KENSAL GREEN 400.0kV,366,196.0
241,KIBY20,,18.0,17.0,10.0,4.0,2.0,4.0,6.0,4.0,KIRKBY 275.0kV,370,4.0
252,KINO40,,717.0,736.0,758.0,794.0,836.0,891.0,957.0,1047.0,KINGSNORTH 400.0kV,368,891.0
254,KIRK20,,22.0,22.0,19.0,20.0,21.0,22.0,24.0,25.0,KIRKSTALL 275.0kV,372,22.0
255,KITW20,,0.0,0.0,0.0,0.0,0.0,0.0,0.0,0.0,KITWELL 275.0kV,375,0.0
256,LACK20,,14.0,14.0,14.0,13.0,10.0,10.0,13.0,14.0,LACKENBY 275.0kV,379,10.0
258,LALE20_SEP,,222.0,234.0,245.0,252.0,259.0,268.0,279.0,300.0,LALEHAM 132.0kV,385,268.0
259,LALE20_SPN,,15.0,15.0,15.0,16.0,17.0,19.0,20.0,22.0,LALEHAM 132.0kV,385,19.0
260,LAND4A,,22.0,22.0,22.0,22.0,22.0,23.0,23.0,23.0,LANDULPH 132.0kV,388,23.0
261,LAND4B,,15.0,15.0,15.0,15.0,15.0,16.0,16.0,17.0,LANDULPH 132.0kV,388,16.0
262,LEGA40,,40.0,42.0,44.0,42.0,46.0,50.0,55.0,60.0,LEGACY 132.0kV,393,50.0
263,LEIB4A,,24.0,24.0,24.0,24.0,24.0,24.0,24.0,25.0,LEIGHTON BUZZARD 400.0kV,397,24.0
264,LEIB4B,,156.0,158.0,159.0,161.0,164.0,168.0,173.0,179.0,LEIGHTON BUZZARD 400.0kV,397,168.0
267,LHOR40,,22.0,22.0,22.0,22.0,22.0,22.0,22.0,22.0,LITTLE HORSTED 400.0kV,405,22.0
272,LISD20,,46.0,46.0,46.0,46.0,46.0,46.0,46.0,46.0,LISTER DRIVE 275.0kV,401,46.0
273,LITT40_LPN,,494.0,505.0,517.0,539.0,563.0,592.0,624.0,665.0,LITTLEBROOK 400.0kV,408,592.0
274,LITT40_SPN,,355.0,368.0,383.0,406.0,421.0,443.0,468.0,502.0,LITTLEBROOK 400.0kV,408,443.0
275,LOVE40,,358.0,358.0,361.0,365.0,370.0,375.0,379.0,382.0,LOVEDEAN 132.0kV,416,375.0
280,MACC20,,19.0,19.0,20.0,20.0,21.0,22.0,23.0,23.0,MACCLESFIELD 33.0kV,420,22.0
282,MAGA20,,366.0,360.0,381.0,399.0,421.0,439.0,455.0,474.0,MARGAM 275.0kV,426,439.0
283,MANN40,,149.0,153.0,190.0,241.0,223.0,226.0,231.0,236.0,MANNINGTON 400.0kV,423,226.0
286,MELK40_SEP,,12.0,30.0,30.0,30.0,30.0,30.0,30.0,30.0,MELKSHAM 275.0kV,434,30.0
287,MELK40_WPD,,76.0,76.0,76.0,76.0,76.0,76.0,76.0,76.0,MELKSHAM 275.0kV,434,76.0
289,MILH2A_EPN,,23.0,55.0,72.0,75.0,78.0,80.0,83.0,85.0,MILLHILL 275.0kV,443,80.0
290,MILH2A_LPN,,32.0,33.0,98.0,99.0,101.0,103.0,104.0,106.0,MILLHILL 275.0kV,443,103.0
291,MILH2B_EPN,,291.0,292.0,296.0,304.0,310.0,315.0,321.0,333.0,MILLHILL 275.0kV,443,315.0
292,MILH2B_LPN,,9.0,9.0,19.0,20.0,21.0,21.0,22.0,23.0,MILLHILL 275.0kV,443,21.0
293,MITY40,,1.0,1.0,0.0,0.0,0.0,0.0,0.0,0.0,MINETY 400.0kV,449,0.0
299,NECH20,,379.0,390.0,402.0,408.0,417.0,428.0,443.0,460.0,NECHELLS 132.0kV,459,428.0
300,NEEP20,,311.0,320.0,325.0,331.0,338.0,349.0,360.0,402.0,NEEPSEND 400.0kV,465,349.0
302,NEWX20,,18.0,18.0,18.0,19.0,19.0,19.0,20.0,20.0,NEW CROSS 400.0kV,468,19.0
303,NFLE40,,30.0,25.0,22.0,25.0,28.0,32.0,36.0,39.0,NORTHFLEET EAST 132.0kV,479,32.0
304,NHYD20,,254.0,257.0,260.0,266.0,273.0,285.0,297.0,313.0,NORTH HYDE 66.0kV,478,285.0
305,NINF40,,72.0,72.0,73.0,75.0,77.0,80.0,82.0,90.0,NINFIELD 132.0kV,475,80.0
306,NORL2A,,23.0,23.0,24.0,26.0,29.0,32.0,35.0,38.0,NORTON LEES 275.0kV,487,32.0
307,NORL2B,,133.0,133.0,133.0,133.0,133.0,133.0,133.0,133.0,NORTON LEES 275.0kV,487,133.0
308,NORM40,,17.0,20.0,23.0,26.0,29.0,33.0,36.0,40.0,NORWICH MAIN 132.0kV,490,33.0
309,NORT20,,198.0,202.0,207.0,214.0,221.0,230.0,241.0,255.0,NORTON 132.0kV,484,230.0
310,NURS40,,55.0,71.0,87.0,104.0,121.0,180.0,198.0,218.0,NURSLING 400.0kV,497,180.0
311,NURS4A,,108.0,141.0,142.0,140.0,145.0,150.0,154.0,159.0,NURSLING 400.0kV,497,150.0
312,OCKH20,,88.0,88.0,88.0,89.0,89.0,90.0,91.0,97.0,OCKERHILL 275.0kV,500,90.0
313,OFFE20,,264.0,262.0,271.0,288.0,311.0,336.0,358.0,382.0,OFFERTON 275.0kV,503,336.0
314,OLDB20,,17.0,24.0,24.0,24.0,24.0,24.0,24.0,24.0,OLDBURY 275.0kV,506,24.0
316,OSBA40,,14.0,14.0,14.0,13.0,10.0,10.0,13.0,14.0,OSBALDWICK 400.0kV,511,10.0
317,PADI40,,93.0,94.0,96.0,101.0,105.0,109.0,116.0,126.0,PADIHAM 400.0kV,517,109.0
318,PAFB4B,,34.0,35.0,36.0,37.0,38.0,40.0,41.0,42.0,PATFORD BRIDGE 400.0kV,519,40.0
326,PELH40,,195.0,202.0,210.0,229.0,245.0,256.0,266.0,276.0,PELHAM 132.0kV,521,256.0
327,PEMB40,,387.0,393.0,335.0,345.0,360.0,376.0,392.0,411.0,PEMBROKE 400.0kV,526,376.0
328,PENN20,,12.0,17.0,23.0,28.0,34.0,40.0,46.0,52.0,PENN 132.0kV,529,40.0
329,PENT40,,3.0,3.0,3.0,3.0,3.0,3.0,4.0,3.0,PENTIR 400.0kV,534,3.0
331,PEWO40,,97.0,99.0,102.0,105.0,108.0,111.0,115.0,121.0,PENWORTHAM 275.0kV,538,111.0
332,PITS20,,369.0,437.0,515.0,535.0,575.0,615.0,651.0,689.0,PITSMOOR 33.0kV,547,615.0
335,POPP20,,2.0,2.0,2.0,2.0,2.0,2.0,2.0,2.0,POPPLETON 33.0kV,551,2.0
340,PUDM40,,190.0,205.0,217.0,229.0,243.0,258.0,272.0,291.0,PUDDINGMILL 400.0kV,554,258.0
341,PYLE20,,26.0,27.0,27.0,28.0,29.0,30.0,32.0,35.0,PYLE 275.0kV,555,30.0
343,RAIN20_SPM,,258.0,341.0,344.0,430.0,440.0,453.0,467.0,487.0,RAINHILL 132.0kV,559,453.0
346,RASS40,,26.0,27.0,27.0,28.0,29.0,30.0,32.0,35.0,RASSAU 400.0kV,562,30.0
347,RATS40,,63.0,72.0,83.0,93.0,105.0,118.0,130.0,145.0,RATCLIFFE-ON-SOAR 400.0kV,564,118.0
348,RAYL40,,476.0,490.0,501.0,517.0,533.0,548.0,570.0,599.0,RAYLEIGH 400.0kV,568,548.0
349,REBR20,,18.0,18.0,18.0,19.0,19.0,19.0,20.0,20.0,REDBRIDGE 33.0kV,570,19.0
353,ROCH20,,6.0,6.0,6.0,6.0,4.0,4.0,4.0,4.0,ROCHDALE 275.0kV,577,4.0
354,ROCK40,,-6.0,-6.0,-6.0,-6.0,-6.0,-6.0,-6.0,-6.0,ROCKSAVAGE 400.0kV,581,-6.0
356,RUGE40,,15.0,15.0,45.0,46.0,46.0,46.0,46.0,47.0,RUGELEY 132.0kV,587,46.0
357,RYEH40,,12.0,14.0,16.0,19.0,26.0,33.0,42.0,49.0,RYE HOUSE 400.0kV,589,33.0
358,RYEH4A,,9.0,9.0,19.0,20.0,21.0,21.0,22.0,23.0,RYE HOUSE 400.0kV,589,21.0
361,SAEN20,,3.0,2.0,2.0,2.0,2.0,2.0,2.0,2.0,SALTEND NORTH 275.0kV,599,2.0
362,SAFO,,-18.0,-18.0,-18.0,-18.0,-18.0,-18.0,-18.0,-18.0,SANDFORD 400.0kV,606,-18.0
363,SALH20,,1.0,3.0,3.0,3.0,3.0,3.0,3.0,3.0,SALTHOLME 400.0kV,602,3.0
367,SEAB40,,73.0,101.0,128.0,130.0,133.0,139.0,145.0,151.0,SEABANK 132.0kV,608,139.0
368,SELL40,,21.0,24.0,26.0,89.0,92.0,96.0,99.0,102.0,SELLINDGE 400.0kV,611,96.0
372,SHEC20,,3.0,2.0,2.0,2.0,2.0,2.0,2.0,2.0,SHEFFIELD CITY 33.0kV,621,2.0
374,SHRE4A,,15.0,15.0,45.0,46.0,46.0,46.0,46.0,47.0,SHREWSBURY 132.0kV,623,46.0
379,SJOW20,,307.0,316.0,323.0,328.0,336.0,346.0,359.0,372.0,ST.JOHNS WOOD 132.0kV,647,346.0
380,SJOW40,,13.0,13.0,29.0,29.0,29.0,29.0,36.0,36.0,ST.JOHNS WOOD 132.0kV,647,29.0
381,SKLG20,,495.0,499.0,505.0,515.0,531.0,540.0,564.0,597.0,SKELTON GRANGE 275.0kV,633,540.0
383,SMAN20,,45.0,48.0,105.0,110.0,114.0,120.0,125.0,130.0,SOUTH MANCHESTER 275.0kV,636,120.0
386,SPEN4A,,24.0,25.0,25.0,27.0,28.0,29.0,31.0,33.0,SPENNYMOOR 400.0kV,643,29.0
387,SSHI20,,1.0,3.0,3.0,3.0,3.0,3.0,3.0,3.0,SOUTH SHIELDS 33.0kV,639,3.0
388,STAH4A,,365.0,375.0,377.0,378.0,380.0,392.0,405.0,423.0,STANAH 400.0kV,656,392.0
389,STAH4B,,389.0,420.0,466.0,485.0,503.0,517.0,532.0,559.0,STANAH 400.0kV,656,517.0
390,STAL20,,12.0,43.0,47.0,52.0,57.0,63.0,68.0,74.0,STALYBRIDGE 400.0kV,652,63.0
391,STAY40,,395.0,400.0,408.0,417.0,426.0,438.0,446.0,477.0,STAYTHORPE 400.0kV,659,438.0
392,STEW20,,23.0,23.0,24.0,26.0,29.0,32.0,35.0,38.0,STELLA WEST 400.0kV,665,32.0
393,STEW2A,,16.0,17.0,17.0,17.0,18.0,18.0,19.0,19.0,STELLA WEST 400.0kV,665,18.0
401,SUND40,,0.0,0.0,69.0,72.0,76.0,80.0,85.0,90.0,SUNDON 132.0kV,671,80.0
402,SWAN20_SWA,,-241.0,-232.0,-219.0,-202.0,-178.0,-152.0,-126.0,-95.0,SWANSEA NORTH 400.0kV,675,-152.0
405,TAUN4A,,24.0,28.0,33.0,39.0,44.0,49.0,54.0,60.0,TAUNTON 132.0kV,685,49.0
406,TAUN4B,,15.0,15.0,15.0,15.0,15.0,16.0,16.0,17.0,TAUNTON 132.0kV,685,16.0
411,TEMP2A,,8.0,8.0,8.0,9.0,9.0,10.0,10.0,10.0,TEMPLEBOROUGH 33.0kV,688,10.0
412,TEMP2B,,485.0,518.0,527.0,548.0,570.0,589.0,602.0,616.0,TEMPLEBOROUGH 33.0kV,688,589.0
413,THOM20,,0.0,0.0,0.0,0.0,0.0,0.0,0.0,0.0,THORPE MARSH 66.0kV,695,0.0
414,THUR20,,22.0,43.0,44.0,44.0,45.0,46.0,47.0,47.0,THURCROFT 275.0kV,700,46.0
416,TILB20,,12.0,14.0,16.0,19.0,26.0,33.0,42.0,49.0,TILBURY 400.0kV,703,33.0
417,TILB40,,22.0,22.0,22.0,22.0,22.0,22.0,22.0,22.0,TILBURY 400.0kV,703,22.0
418,TINP2A,,0.0,0.0,0.0,0.0,-10.0,-20.0,-20.0,-20.0,TINSLEY PARK 275.0kV,714,-20.0
419,TINP2B,,66.0,74.0,73.0,76.0,79.0,84.0,88.0,94.0,TINSLEY PARK 275.0kV,714,84.0
420,TODP20,,-4.0,-4.0,-4.0,-4.0,-4.0,-4.0,-4.0,-4.0,TOD POINT 275.0kV,718,-4.0
422,TOTT20,,22.0,23.0,24.0,34.0,35.0,35.0,36.0,37.0,TOTTENHAM 275.0kV,720,35.0
423,TRAW20,,30.0,52.0,53.0,54.0,55.0,56.0,57.0,59.0,TRAWSFYNYDD 400.0kV,728,56.0
426,TYNE20,,432.0,453.0,473.0,495.0,519.0,542.0,560.0,580.0,TYNEMOUTH 132.0kV,739,542.0
427,UPPB21,,21.0,22.0,23.0,24.0,25.0,27.0,28.0,31.0,UPPER BOAT 275.0kV,743,27.0
428,UPPB22,,71.0,73.0,76.0,78.0,80.0,82.0,91.0,96.0,UPPER BOAT 275.0kV,743,82.0
429,USKM20,,176.0,206.0,229.0,246.0,291.0,304.0,318.0,331.0,USKMOUTH 275.0kV,747,304.0
430,WALH40,,12.0,17.0,23.0,28.0,34.0,40.0,46.0,52.0,WALHAM 400.0kV,752,40.0
431,WALP40_EME,,9.0,10.0,11.0,12.0,13.0,15.0,16.0,18.0,WALPOLE 400.0kV,753,15.0
432,WALP40_EPN,,97.0,99.0,102.0,105.0,108.0,111.0,115.0,121.0,WALPOLE 400.0kV,753,111.0
433,WARL20,,22.0,23.0,24.0,34.0,35.0,35.0,36.0,37.0,WARLEY 132.0kV,762,35.0
434,WASF2A,,93.0,94.0,96.0,101.0,105.0,109.0,116.0,126.0,WASHWAY FARM 275.0kV,764,109.0
435,WASF2B,,24.0,28.0,32.0,37.0,91.0,95.0,99.0,103.0,WASHWAY FARM 275.0kV,764,95.0
436,WATS2A,,49.0,49.0,49.0,49.0,49.0,49.0,78.0,78.0,WATFORD SOUTH 132.0kV,768,49.0
437,WATS2B,,22.0,22.0,22.0,22.0,22.0,22.0,22.0,22.0,WATFORD SOUTH 132.0kV,768,22.0
438,WBOL20,,63.0,64.0,66.0,67.0,69.0,72.0,74.0,79.0,WEST BOLDON 66.0kV,773,72.0
439,WBUR40,,507.0,549.0,609.0,561.0,584.0,602.0,614.0,623.0,WEST BURTON 132.0kV,775,602.0
444,WHAM40,,5.0,6.0,7.0,8.0,9.0,9.0,9.0,9.0,WESTHAM 400.0kV,796,9.0
445,WHGA20,,12.0,43.0,47.0,52.0,57.0,63.0,68.0,74.0,WHITEGATE 275.0kV,803,63.0
448,WHSO20,,-4.0,-4.0,-4.0,-4.0,-4.0,-4.0,-4.0,-4.0,WHITSON 275.0kV,805,-4.0
451,WIBA20,,22.0,43.0,44.0,44.0,45.0,46.0,47.0,47.0,WINCOBANK 275.0kV,835,46.0
452,WIEN2A,,45.0,72.0,74.0,76.0,78.0,80.0,82.0,85.0,WILLENHALL 275.0kV,813,80.0
453,WIEN2B,,252.0,281.0,288.0,293.0,302.0,308.0,322.0,342.0,WILLENHALL 275.0kV,813,308.0
454,WILE20,,0.0,0.0,0.0,0.0,0.0,0.0,158.0,158.0,WILLINGTON EAST 400.0kV,825,0.0
455,WILE40,,-14.0,-14.0,-14.0,-14.0,-14.0,-14.0,-14.0,-14.0,WILLINGTON EAST 400.0kV,825,-14.0
456,WIMB20,,12.0,13.0,14.0,16.0,14.0,16.0,19.0,21.0,WIMBLEDON 400.0kV,830,16.0
459,WISD20_EPN,,23.0,32.0,31.0,34.0,37.0,41.0,45.0,49.0,WILLESDEN 400.0kV,816,41.0
460,WISD20_LPN,,23.0,32.0,31.0,34.0,37.0,41.0,45.0,49.0,WILLESDEN 400.0kV,816,41.0
461,WISD20_SEP,,-11.0,-11.0,-11.0,-11.0,-11.0,-11.0,-11.0,-11.0,WILLESDEN 400.0kV,816,-11.0
463,WMEL20,,27.0,27.0,28.0,29.0,30.0,31.0,33.0,35.0,WEST MELTON 132.0kV,779,31.0
466,WTHU4A,,476.0,482.0,491.0,502.0,522.0,534.0,560.0,592.0,WEST THURROCK 400.0kV,782,534.0
467,WTHU4B,,537.0,603.0,655.0,663.0,721.0,782.0,831.0,890.0,WEST THURROCK 400.0kV,782,782.0
468,WWEY20,,80.0,81.0,87.0,90.0,94.0,98.0,101.0,104.0,WEST WEYBRIDGE 132.0kV,789,98.0
469,WYLF40,,30.0,52.0,53.0,54.0,55.0,56.0,57.0,59.0,WYLFA 132.0kV,837,56.0
470,WYMO40,,42.0,48.0,48.0,50.0,51.0,52.0,54.0,55.0,WYMONDLEY 400.0kV,839,52.0
