,Node,Space,23/24,24/25,25/26,26/27,27/28,28/29,29/30,30/31,bus_name,bus_id
0,ABHA4A,,198.0,201.0,206.0,210.0,214.0,220.0,229.0,239.0,ABHAM 400kV,7
1,ABHA4B,,342.0,346.0,352.0,358.0,366.0,377.0,391.0,415.0,ABHAM 400kV,6
2,ABNE10,,292.0,297.0,306.0,316.0,325.0,334.0,346.0,362.0,,
3,ABTH20,,71.0,73.0,76.0,78.0,80.0,82.0,91.0,96.0,ABERTHAW 275kV,3
4,ALDW20,,7.0,7.0,7.0,7.0,7.0,7.0,8.0,8.0,ALDWARKE 275kV,10
5,ALNE1Q,,22.0,27.0,33.0,44.0,54.0,65.0,76.0,85.0,,
6,ALNE1R,,207.0,220.0,224.0,228.0,232.0,237.0,241.0,247.0,,
7,ALVE4A,,-18.0,-19.0,-20.0,-20.0,-21.0,-21.0,-22.0,-23.0,ALVERDISCOTT 400kV,14
8,ALVE4B,,16.0,16.0,16.0,17.0,18.0,19.0,20.0,21.0,ALVERDISCOTT 400kV,15
9,AMEM4A_EPN,,23.0,55.0,72.0,75.0,78.0,80.0,83.0,85.0,AMERSHAM MAIN 400kV,18
10,AMEM4A_SEP,,13.0,13.0,13.0,13.0,14.0,15.0,15.0,16.0,AMERSHAM MAIN 400kV,18
11,AMEM4B_EPN,,208.0,241.0,246.0,248.0,253.0,259.0,270.0,281.0,AMERSHAM MAIN 400kV,17
12,AMEM4B_SEP,,108.0,141.0,142.0,140.0,145.0,150.0,154.0,159.0,AMERSHAM MAIN 400kV,17
13,ARBR1Q,,22.0,27.0,33.0,44.0,54.0,65.0,76.0,85.0,,
14,ARBR1R,,135.0,146.0,160.0,231.0,235.0,239.0,243.0,249.0,,
15,ARDK10,,35.0,35.0,35.0,35.0,35.0,35.0,35.0,35.0,,
16,ARMO10,,4.0,4.0,4.0,4.0,4.0,4.0,4.0,4.0,,
17,AXMI40_SEP,,11.0,11.0,41.0,42.0,42.0,42.0,43.0,44.0,AXMINSTER 400kV,20
18,AXMI40_WPD,,9.0,9.0,9.0,8.0,9.0,9.0,9.0,10.0,AXMINSTER 400kV,20
19,AYR-2Q,,177.0,180.0,186.0,194.0,205.0,215.0,226.0,236.0,,
20,AYR-2R,,61.0,62.0,62.0,62.0,63.0,64.0,64.0,65.0,,
21,BAGA1Q,,24.0,77.0,80.0,143.0,146.0,149.0,152.0,155.0,,
22,BAGA1R,,117.0,119.0,119.0,119.0,120.0,121.0,125.0,128.0,,
23,BAIN10,,2.0,2.0,2.0,2.0,2.0,2.0,2.0,2.0,,
24,BARK20_EPN,,74.0,74.0,76.0,77.0,80.0,82.0,85.0,88.0,BARKING 132kV,25
25,BARK20_LPN,,297.0,301.0,304.0,304.0,306.0,310.0,313.0,319.0,BARKING 132kV,25
26,BEAU10,,423.0,427.0,435.0,451.0,472.0,499.0,535.0,572.0,,
27,BEDD20_LPN,,595.0,615.0,637.0,663.0,691.0,728.0,769.0,823.0,BEDDINGTON 275kV,34
28,BEDD20_SPN,,12.0,13.0,14.0,16.0,14.0,16.0,19.0,21.0,BEDDINGTON 275kV,34
29,BERB20,,139.0,139.0,141.0,144.0,148.0,151.0,155.0,163.0,,
30,BERW1Q,,372.0,382.0,393.0,402.0,413.0,427.0,443.0,443.0,,
31,BERW1R,,117.0,119.0,119.0,119.0,120.0,121.0,125.0,128.0,,
32,BESW20,,27.0,27.0,29.0,30.0,31.0,33.0,34.0,35.0,BERKSWELL 275kV,41
33,BICF4A,,21.0,24.0,26.0,89.0,92.0,96.0,99.0,102.0,BICKER FEN 132kV,43
34,BICF4B,,8.0,8.0,8.0,8.0,8.0,8.0,36.0,36.0,BICKER FEN 132kV,43
35,BIRK20,,44.0,45.0,46.0,47.0,49.0,50.0,52.0,56.0,BIRKENHEAD 275kV,45
36,BISW20,,350.0,379.0,386.0,392.0,401.0,412.0,427.0,444.0,BISHOPS WOOD 132kV,47
37,BLYT20,,28.0,34.0,36.0,60.0,61.0,62.0,64.0,65.0,BLYTH 275kV,54
38,BOAG1Q,,0.0,0.0,0.0,0.0,0.0,0.0,0.0,0.0,,
39,BOAG1R,,135.0,146.0,160.0,231.0,235.0,239.0,243.0,249.0,,
40,BOLN40,,53.0,46.0,47.0,57.0,59.0,60.0,53.0,54.0,BOLNEY 400kV,58
41,BONN10,,131.0,133.0,136.0,138.0,140.0,144.0,149.0,156.0,,
42,BOTW40,,11.0,11.0,41.0,42.0,42.0,42.0,43.0,44.0,BOTLEY WOOD 132kV,60
43,BRAI4A,,33.0,33.0,33.0,34.0,34.0,35.0,36.0,36.0,BRAINTREE 400kV,67
44,BRAI4B,,-6.0,-6.0,-6.0,-6.0,-6.0,-6.0,-6.0,-6.0,BRAINTREE 400kV,66
45,BRAP10,,43.0,45.0,47.0,51.0,55.0,60.0,65.0,72.0,,
46,BRAW20,,57.0,59.0,61.0,65.0,69.0,75.0,80.0,86.0,BRADFORD WEST 132kV,64
47,BRED20,,24.0,28.0,33.0,39.0,44.0,49.0,54.0,60.0,BREDBURY 275kV,80
48,BRFO40,,97.0,99.0,102.0,105.0,108.0,111.0,115.0,121.0,BRAMFORD 132kV,71
49,BRID1Q,,32.0,32.0,33.0,33.0,33.0,35.0,36.0,38.0,,
50,BRID1R,,26.0,33.0,39.0,46.0,53.0,61.0,69.0,77.0,,
51,BRIM2A_EPN,,145.0,144.0,146.0,148.0,150.0,152.0,185.0,186.0,BRIMSDOWN 275kV,95
52,BRIM2A_LPN,,11.0,10.0,10.0,11.0,16.0,17.0,17.0,18.0,BRIMSDOWN 275kV,95
53,BRIM2B_EPN,,187.0,187.0,217.0,224.0,233.0,248.0,261.0,279.0,BRIMSDOWN 275kV,92
54,BRIM2B_LPN,,119.0,121.0,125.0,131.0,137.0,144.0,150.0,158.0,BRIMSDOWN 275kV,92
55,BRIM2C_EPN,,43.0,45.0,47.0,49.0,53.0,58.0,63.0,69.0,BRIMSDOWN 275kV,93
56,BRIM2C_LPN,,182.0,180.0,186.0,194.0,205.0,215.0,226.0,238.0,BRIMSDOWN 275kV,93
57,BRLE40,,1.0,1.0,1.0,1.0,1.0,1.0,1.0,1.0,BRAMLEY 132kV,78
58,BROA1Q,,139.0,139.0,141.0,144.0,148.0,151.0,155.0,163.0,,
59,BROR10,,147.0,154.0,157.0,160.0,177.0,182.0,187.0,202.0,,
60,BROX1Q,,237.0,236.0,233.0,233.0,231.0,233.0,241.0,247.0,,
61,BROX1R,,311.0,323.0,329.0,327.0,331.0,331.0,344.0,350.0,,
62,BRWA2A,,22.0,22.0,22.0,22.0,22.0,23.0,23.0,23.0,BRIDGWATER 275kV,83
63,BRWA2B,,16.0,16.0,16.0,17.0,18.0,19.0,20.0,21.0,BRIDGWATER 275kV,84
64,BULL40,,98.0,101.0,105.0,115.0,123.0,128.0,133.0,138.0,BULLSLODGE 400kV,99
65,BUMU10,,20.0,21.0,22.0,22.0,23.0,24.0,24.0,26.0,,
66,BURW40,,229.0,237.0,246.0,257.0,272.0,291.0,310.0,337.0,BURWELL 400kV,101
67,BUSH20,,163.0,167.0,172.0,179.0,186.0,196.0,206.0,220.0,BUSHBURY 275kV,103
68,BUST20,,163.0,167.0,172.0,179.0,186.0,196.0,206.0,220.0,BUSTLEHOLME 275kV,107
69,CAAD1Q,,94.0,97.0,99.0,103.0,107.0,113.0,120.0,130.0,,
70,CAAD1R,,23.0,30.0,36.0,43.0,50.0,58.0,66.0,74.0,,
71,CAFA1Q,,-3.0,-3.0,-2.0,-2.0,-2.0,-2.0,-2.0,-2.0,,
72,CAIN20,,20.0,21.0,22.0,22.0,23.0,24.0,24.0,26.0,,
73,CANT40,,8.0,8.0,8.0,8.0,8.0,8.0,36.0,36.0,CANTERBURY 132kV,113
74,CAPE20,,47.0,73.0,99.0,126.0,154.0,174.0,193.0,213.0,CAPENHURST 132kV,119
75,CARE20,,21.0,22.0,23.0,24.0,25.0,27.0,28.0,31.0,CARDIFF EAST 275kV,121
76,CARR20,,302.0,305.0,296.0,255.0,264.0,272.0,275.0,274.0,CARRINGTON 132kV,128
77,CASS1Q,,0.0,0.0,0.0,0.0,0.0,0.0,0.0,0.0,,
78,CATY1Q,,464.0,479.0,501.0,528.0,565.0,600.0,635.0,676.0,,
79,CATY1R,,155.0,163.0,173.0,186.0,202.0,217.0,235.0,261.0,,
80,CEAN1Q,,7.0,8.0,5.0,6.0,6.0,6.0,7.0,8.0,,
81,CELL40_SPM,,97.0,99.0,102.0,103.0,105.0,108.0,111.0,112.0,CELLARHEAD 132kV,131
82,CELL40_WPD,,121.0,123.0,126.0,127.0,129.0,131.0,135.0,140.0,CELLARHEAD 132kV,131
83,CHAP10,,-3.0,-3.0,-2.0,-2.0,-2.0,-2.0,-2.0,-2.0,,
84,CHAR10,,153.0,180.0,180.0,205.0,205.0,205.0,207.0,212.0,,
85,CHAS2Q,,12.0,13.0,14.0,15.0,15.0,16.0,17.0,17.0,,
86,CHAS2R,,304.0,321.0,331.0,334.0,337.0,342.0,353.0,363.0,,
87,CHIC40,,25.0,29.0,34.0,98.0,102.0,107.0,111.0,115.0,CHICKERELL 132kV,144
88,CHSI20,,18.0,17.0,10.0,4.0,2.0,4.0,6.0,4.0,CHESSINGTON 132kV,137
89,CHTE20,,80.0,81.0,87.0,90.0,94.0,98.0,101.0,104.0,CHESTERFIELD 275kV,141
90,CITR41,,33.0,64.0,64.0,65.0,67.0,69.0,71.0,74.0,CITYROAD 400kV,149
91,CITR46,,22.0,24.0,26.0,28.0,30.0,31.0,33.0,35.0,CITYROAD 132kV,151
92,CLAY1S,,85.0,88.0,90.0,94.0,99.0,104.0,109.0,117.0,,
93,CLAY1T,,30.0,30.0,31.0,31.0,32.0,32.0,33.0,34.0,,
94,CLYM20,,79.0,80.0,84.0,89.0,94.0,77.0,80.0,83.0,,
95,COAT2Q,,12.0,13.0,14.0,15.0,15.0,16.0,17.0,17.0,,
96,COAT2R,,85.0,94.0,97.0,98.0,98.0,100.0,102.0,105.0,,
97,COCK20,,79.0,80.0,84.0,89.0,94.0,77.0,80.0,83.0,,
98,CONQ40,,500.0,564.0,564.0,505.0,515.0,519.0,598.0,613.0,CONNAHS QUAY 400kV,156
99,COUA1Q,,17.0,18.0,63.0,73.0,74.0,75.0,76.0,78.0,,
100,COUA1R,,95.0,95.0,97.0,100.0,102.0,105.0,109.0,113.0,,
101,COVE20,,27.0,27.0,29.0,30.0,31.0,33.0,34.0,35.0,COVENTRY 132kV,162
102,COWL40,,22.0,23.0,53.0,85.0,86.0,87.0,89.0,91.0,COWLEY 400kV,166
103,COYL10,,128.0,209.0,223.0,238.0,254.0,310.0,319.0,325.0,,
104,CRAI10,,504.0,517.0,532.0,553.0,577.0,610.0,647.0,696.0,,
105,CREB40,,18.0,44.0,102.0,103.0,105.0,107.0,108.0,111.0,CREYKE BECK 275kV,174
106,CROO1Q,,62.0,97.0,98.0,100.0,102.0,105.0,108.0,111.0,,
107,CROO1R,,21.0,21.0,22.0,48.0,49.0,50.0,52.0,54.0,,
108,CULJ4A,,244.0,294.0,295.0,297.0,300.0,305.0,310.0,323.0,CULHAM JET 400kV,175
109,CUMB1Q,,34.0,35.0,37.0,40.0,42.0,45.0,47.0,49.0,,
110,CUMB1R,,21.0,21.0,22.0,48.0,49.0,50.0,52.0,54.0,,
111,CUPA1Q,,62.0,97.0,98.0,100.0,102.0,105.0,108.0,111.0,,
112,CUPA1R,,35.0,35.0,36.0,45.0,46.0,47.0,49.0,50.0,,
113,CURR10,,14.0,17.0,20.0,23.0,26.0,30.0,33.0,37.0,,
114,DALM10,,14.0,17.0,20.0,23.0,26.0,30.0,33.0,37.0,,
115,DEVM10,,137.0,137.0,139.0,142.0,145.0,149.0,152.0,158.0,,
116,DEVO10,,130.0,180.0,182.0,138.0,142.0,149.0,196.0,201.0,,
117,DEWP2Q,,34.0,35.0,37.0,40.0,42.0,45.0,47.0,49.0,,
118,DEWP2R,,35.0,35.0,36.0,45.0,46.0,47.0,49.0,50.0,,
119,DIDC40,,35.0,37.0,39.0,43.0,46.0,50.0,53.0,56.0,DIDCOT 400kV,178
120,DOUN10,,17.0,17.0,17.0,18.0,19.0,20.0,19.0,20.0,,
121,DRAK20,,186.0,194.0,203.0,211.0,220.0,233.0,251.0,269.0,DRAKELOW 132kV,184
122,DRAX40,,18.0,44.0,102.0,103.0,105.0,107.0,108.0,111.0,DRAX 132kV,187
123,DRCR1Q,,34.0,35.0,37.0,40.0,42.0,45.0,47.0,49.0,,
124,DRCR1R,,2.0,2.0,0.0,0.0,0.0,0.0,0.0,0.0,,
125,DRUM2Q,,62.0,97.0,98.0,100.0,102.0,105.0,108.0,111.0,,
126,DRUM2R,,46.0,62.0,72.0,82.0,92.0,133.0,143.0,155.0,,
127,DUBE1Q,,8.0,8.0,8.0,8.0,9.0,9.0,10.0,10.0,,
128,DUDH1Q,,17.0,18.0,63.0,73.0,74.0,75.0,76.0,78.0,,
129,DUDH1R,,-76.0,-77.0,-77.0,-78.0,-78.0,-78.0,-78.0,-78.0,,
130,DUGR1Q,,8.0,8.0,8.0,8.0,9.0,9.0,10.0,10.0,,
131,DUMF10,,0.0,12.0,12.0,12.0,12.0,12.0,12.0,12.0,,
132,DUNB1Q,,827.0,846.0,869.0,903.0,942.0,995.0,1057.0,1137.0,,
133,DUNB1R,,2.0,2.0,0.0,0.0,0.0,0.0,0.0,0.0,,
134,DUNF1Q,,11.0,11.0,11.0,12.0,12.0,12.0,12.0,13.0,,
135,DUNF1R,,334.0,350.0,406.0,452.0,485.0,519.0,544.0,581.0,,
136,DUNO1Q,,20.0,23.0,23.0,24.0,25.0,26.0,27.0,29.0,,
137,DUNO1R,,24.0,24.0,24.0,25.0,26.0,27.0,28.0,28.0,,
138,DYCE1Q,,17.0,17.0,17.0,18.0,19.0,20.0,22.0,23.0,,
139,DYCE1R,,16.0,16.0,16.0,16.0,17.0,18.0,19.0,20.0,,
140,EALI20,,22.0,23.0,53.0,85.0,86.0,87.0,89.0,91.0,EALING 66kV,191
141,EASO40,,10.0,10.0,10.0,10.0,10.0,10.0,10.0,10.0,EATON SOCON 132kV,200
142,EAST1Q,,26.0,30.0,31.0,32.0,33.0,34.0,36.0,38.0,,
143,ECCF1J,,24.0,74.0,75.0,75.0,76.0,77.0,78.0,80.0,,
144,ECCF1K,,13.0,13.0,13.0,13.0,13.0,14.0,14.0,14.0,,
145,ECCL10,,12.0,20.0,27.0,35.0,83.0,91.0,100.0,108.0,,
146,ECLA40_EME,,0.0,-3.0,-10.0,-10.0,-10.0,-10.0,-10.0,-10.0,EAST CLAYDON 400kV,195
147,ECLA40_SEP,,95.0,95.0,126.0,154.0,154.0,155.0,156.0,157.0,EAST CLAYDON 400kV,195
148,EERH20,,86.0,90.0,94.0,95.0,98.0,101.0,108.0,113.0,,
149,EKIL2S,,7.0,2.0,2.0,2.0,2.0,2.0,2.0,3.0,,
150,EKIL2T,,499.0,515.0,599.0,604.0,610.0,618.0,632.0,662.0,,
151,EKIS20,,16.0,16.0,17.0,17.0,18.0,19.0,21.0,22.0,,
152,ELDE1Q,,34.0,69.0,70.0,70.0,71.0,72.0,73.0,74.0,,
153,ELDE1R,,8.0,8.0,8.0,9.0,9.0,10.0,10.0,10.0,,
154,ELGI1Q,,45.0,51.0,57.0,106.0,113.0,119.0,126.0,133.0,,
155,ELGI1R,,131.0,132.0,135.0,139.0,143.0,146.0,150.0,158.0,,
156,ELLA20,,17.0,20.0,24.0,48.0,52.0,56.0,60.0,64.0,ELLAND 132kV,205
157,ELST20,,10.0,10.0,10.0,10.0,10.0,10.0,10.0,10.0,ELSTREE 400kV,213
158,ELVA2Q,,38.0,42.0,87.0,92.0,97.0,103.0,108.0,114.0,,
159,ELVA2R,,57.0,57.0,59.0,60.0,60.0,62.0,63.0,64.0,,
160,ENDE40,,0.0,-3.0,-10.0,-10.0,-10.0,-10.0,-10.0,-10.0,ENDERBY 132kV,215
161,ERSK1Q,,34.0,69.0,70.0,70.0,71.0,72.0,73.0,74.0,,
162,ERSK1R,,8.0,8.0,8.0,9.0,9.0,10.0,10.0,10.0,,
163,EXET40,,13.0,18.0,22.0,27.0,32.0,37.0,42.0,47.0,EXETER MAIN 132kV,217
164,FASN20,,162.0,162.0,167.0,186.0,186.0,261.0,261.0,266.0,,
165,FAUG10,,13.0,13.0,13.0,13.0,13.0,13.0,14.0,14.0,,
166,FAWL40,,178.0,194.0,200.0,207.0,216.0,224.0,232.0,242.0,FAWLEY 132kV,219
167,FECK20,,45.0,72.0,74.0,76.0,78.0,80.0,82.0,85.0,FECKENHAM 275kV,222
168,FECK40,,252.0,281.0,288.0,293.0,302.0,308.0,322.0,342.0,FECKENHAM 275kV,222
169,FERR20_YED,,27.0,27.0,28.0,29.0,30.0,31.0,33.0,35.0,FERRYBRIDGE 400kV,231
170,FERR2A_YED,,16.0,17.0,17.0,17.0,18.0,18.0,19.0,19.0,FERRYBRIDGE 275kV,227
171,FERR2B_YED,,128.0,130.0,127.0,125.0,121.0,123.0,131.0,140.0,FERRYBRIDGE 275kV,229
172,FETT20,,29.0,29.0,34.0,53.0,53.0,128.0,128.0,133.0,,
173,FIDD10,,137.0,142.0,142.0,143.0,143.0,143.0,143.0,143.0,,
174,FIDF20_SPM,,38.0,23.0,18.0,24.0,20.0,21.0,12.0,13.0,FIDDLERS FERRY 132kV,236
175,FLEE40,,13.0,13.0,13.0,13.0,14.0,15.0,15.0,16.0,FLEET 132kV,239
176,FOUR20,,28.0,34.0,36.0,60.0,61.0,62.0,64.0,65.0,FOURSTONES 275kV,245
177,FRAS1Q,,110.0,114.0,121.0,143.0,165.0,187.0,207.0,228.0,,
178,FRAS1R,,164.0,168.0,176.0,185.0,195.0,206.0,217.0,229.0,,
179,FROD2A,,97.0,99.0,102.0,105.0,108.0,111.0,115.0,121.0,FRODSHAM 400kV,256
180,FROD2B,,38.0,23.0,18.0,24.0,20.0,21.0,12.0,13.0,FRODSHAM 400kV,256
181,FROD40,,372.0,344.0,338.0,355.0,349.0,353.0,350.0,359.0,FRODSHAM 400kV,256
182,FWIL1Q,,104.0,114.0,121.0,252.0,258.0,264.0,269.0,275.0,,
183,FWIL1R,,168.0,169.0,173.0,180.0,185.0,191.0,198.0,208.0,,
184,GALA10,,-3.0,8.0,10.0,5.0,9.0,11.0,22.0,25.0,,
185,GIFF2Q,,76.0,78.0,81.0,85.0,89.0,93.0,97.0,103.0,,
186,GIFF2R,,38.0,39.0,40.0,42.0,44.0,46.0,48.0,51.0,,
187,GLFA10,,13.0,13.0,13.0,13.0,13.0,13.0,14.0,14.0,,
188,GLLE10,,2.0,2.0,2.0,2.0,2.0,2.0,2.0,2.0,,
189,GLLU1Q,,0.0,0.0,8.0,8.0,8.0,8.0,8.0,8.0,,
190,GLLU1R,,15.0,16.0,16.0,16.0,17.0,17.0,18.0,18.0,,
191,GLNI10,,2.0,2.0,2.0,2.0,2.0,2.0,2.0,2.0,,
192,GLRO20,,182.0,185.0,194.0,201.0,209.0,219.0,226.0,234.0,,
193,GORG1Q,,40.0,40.0,41.0,41.0,41.0,41.0,42.0,42.0,,
194,GORG1R,,15.0,16.0,16.0,16.0,17.0,17.0,18.0,18.0,,
195,GOVA1Q,,211.0,213.0,219.0,226.0,234.0,245.0,252.0,262.0,,
196,GOVA1R,,9.0,9.0,9.0,9.0,9.0,9.0,10.0,10.0,,
197,GREN40_EME,,15.0,15.0,16.0,17.0,18.0,19.0,21.0,22.0,GRENDON 400kV,269
198,GREN40_EPN,,17.0,20.0,23.0,26.0,29.0,33.0,36.0,40.0,GRENDON 400kV,269
199,GRIW40,,11.0,11.0,37.0,37.0,38.0,39.0,39.0,40.0,GRIMSBY WEST 132kV,275
200,GRMO20,,133.0,191.0,193.0,149.0,153.0,160.0,207.0,212.0,,
201,GRUB1Q,,18.0,18.0,19.0,20.0,20.0,21.0,22.0,23.0,,
202,GRUB1R,,0.0,0.0,0.0,0.0,0.0,0.0,0.0,0.0,,
203,HACK2A,,21.0,21.0,21.0,22.0,23.0,24.0,24.0,25.0,HACKNEY 275kV,276
204,HACK2B,,22.0,24.0,26.0,28.0,30.0,31.0,33.0,35.0,HACKNEY 275kV,280
205,HACK40,,141.0,144.0,148.0,154.0,160.0,182.0,204.0,210.0,HACKNEY 275kV,282
206,HAGR1Q,,179.0,180.0,182.0,186.0,190.0,194.0,198.0,207.0,,
207,HAGR1R,,9.0,9.0,9.0,9.0,9.0,9.0,10.0,10.0,,
208,HAMH40_EME,,15.0,15.0,16.0,17.0,18.0,19.0,21.0,22.0,HAMSHALL 400kV,288
209,HARK20,,126.0,128.0,131.0,136.0,141.0,146.0,151.0,157.0,HARKER 132kV,295
210,HARK40,,50.0,56.0,56.0,56.0,56.0,57.0,57.0,59.0,HARKER 132kV,295
211,HARM20,,7.0,2.0,2.0,3.0,3.0,3.0,3.0,4.0,HARTMOOR 275kV,303
212,HAWI10,,4.0,4.0,4.0,4.0,4.0,4.0,4.0,4.0,,
213,HAWP20,,7.0,2.0,2.0,3.0,3.0,3.0,3.0,4.0,HAWTHORN PIT 275kV,308
214,HELE10,,371.0,374.0,383.0,403.0,418.0,437.0,463.0,505.0,,
215,HEYS40,,0.0,0.0,0.0,0.0,0.0,0.0,0.0,0.0,HEYSHAM 400kV,312
216,HUNF1Q,,359.0,361.0,367.0,372.0,383.0,397.0,411.0,432.0,,
217,HUNF1R,,14.0,14.0,14.0,14.0,14.0,14.0,8.0,4.0,,
218,HURS20,,223.0,209.0,200.0,198.0,190.0,191.0,189.0,193.0,HURST 132kV,325
219,HUTT40,,11.0,10.0,10.0,11.0,16.0,17.0,17.0,18.0,HUTTON 25kV,330
220,IMPP40,,37.0,41.0,41.0,43.0,44.0,45.0,47.0,48.0,IMPERIAL PARK 33kV,332
221,INDQ40,,13.0,18.0,22.0,27.0,32.0,37.0,42.0,47.0,INDIAN QUEENS 132kV,335
222,INKE1Q,,6.0,5.0,5.0,5.0,2.0,3.0,3.0,3.0,,
223,INKE1R,,14.0,14.0,14.0,14.0,14.0,14.0,8.0,4.0,,
224,INNE1Q,,182.0,185.0,194.0,201.0,209.0,219.0,226.0,234.0,,
225,INNE1R,,0.0,0.0,0.0,0.0,0.0,0.0,0.0,0.0,,
226,INWI1Q,,24.0,24.0,24.0,24.0,24.0,24.0,24.0,25.0,,
227,INWI1R,,285.0,296.0,320.0,354.0,343.0,368.0,382.0,396.0,,
228,IROA20_WPDWM,,47.0,48.0,49.0,49.0,50.0,50.0,52.0,54.0,IRON ACTON 132kV,339
229,IRON40,,98.0,97.0,97.0,97.0,98.0,99.0,101.0,105.0,IRON BRIDGE 132kV,343
230,IVER20,,51.0,52.0,53.0,54.0,57.0,60.0,64.0,67.0,IVER 275kV,351
231,JOHN1Q,,6.0,5.0,5.0,5.0,2.0,3.0,3.0,3.0,,
232,JOHN1R,,160.0,162.0,164.0,166.0,168.0,172.0,177.0,187.0,,
233,JORD20,,11.0,11.0,37.0,37.0,38.0,39.0,39.0,40.0,JORDANTHORPE 33kV,353
234,KAIM20,,18.0,24.0,51.0,57.0,64.0,71.0,78.0,85.0,,
235,KEAD40,,22.0,22.0,19.0,20.0,21.0,22.0,24.0,25.0,KEADBY 400kV,361
236,KEAR20,,19.0,19.0,20.0,20.0,21.0,22.0,23.0,23.0,KEARSLEY 275kV,365
237,KEIT10,,0.0,0.0,0.0,0.0,0.0,0.0,0.0,0.0,,
238,KEMS40,,30.0,29.0,29.0,29.0,30.0,30.0,30.0,31.0,KEMSLEY 400kV,369
239,KENG40,,176.0,161.0,166.0,175.0,185.0,196.0,206.0,218.0,KENSAL GREEN 400kV,370
240,KEOO10,,18.0,24.0,51.0,57.0,64.0,71.0,78.0,85.0,,
241,KIBY20,,18.0,17.0,10.0,4.0,2.0,4.0,6.0,4.0,KIRKBY 132kV,375
242,KIER1Q,,-11.0,-11.0,-11.0,-11.0,-11.0,-11.0,-11.0,-11.0,,
243,KIER1R,,30.0,31.0,32.0,33.0,34.0,35.0,35.0,36.0,,
244,KIIN10,,28.0,29.0,30.0,31.0,39.0,91.0,92.0,95.0,,
245,KILB1Q,,1.0,1.0,1.0,1.0,1.0,1.0,1.0,1.0,,
246,KILB1R,,155.0,159.0,161.0,164.0,167.0,173.0,179.0,202.0,,
247,KILO10,,22.0,28.0,35.0,41.0,48.0,55.0,61.0,68.0,,
248,KILS20,,29.0,30.0,31.0,32.0,34.0,35.0,36.0,37.0,,
249,KILT2Q,,164.0,168.0,176.0,185.0,195.0,206.0,217.0,229.0,,
250,KILT2R,,51.0,52.0,55.0,58.0,61.0,65.0,68.0,73.0,,
251,KILW1Q,,29.0,30.0,31.0,32.0,34.0,35.0,36.0,37.0,,
252,KINO40,,717.0,736.0,758.0,794.0,836.0,891.0,957.0,1047.0,KINGSNORTH 400kV,373
253,KINT10,,22.0,28.0,35.0,41.0,48.0,55.0,61.0,68.0,,
254,KIRK20,,22.0,22.0,19.0,20.0,21.0,22.0,24.0,25.0,KIRKSTALL 132kV,378
255,KITW20,,0.0,0.0,0.0,0.0,0.0,0.0,0.0,0.0,KITWELL 275kV,380
256,LACK20,,14.0,14.0,14.0,13.0,10.0,10.0,13.0,14.0,LACKENBY 275kV,388
257,LAIR1Q,,0.0,0.0,0.0,0.0,0.0,0.0,0.0,0.0,,
258,LALE20_SEP,,222.0,234.0,245.0,252.0,259.0,268.0,279.0,300.0,LALEHAM 132kV,391
259,LALE20_SPN,,15.0,15.0,15.0,16.0,17.0,19.0,20.0,22.0,LALEHAM 132kV,391
260,LAND4A,,22.0,22.0,22.0,22.0,22.0,23.0,23.0,23.0,LANDULPH 400kV,394
261,LAND4B,,15.0,15.0,15.0,15.0,15.0,16.0,16.0,17.0,LANDULPH 400kV,394
262,LEGA40,,40.0,42.0,44.0,42.0,46.0,50.0,55.0,60.0,LEGACY 132kV,400
263,LEIB4A,,24.0,24.0,24.0,24.0,24.0,24.0,24.0,25.0,LEIGHTON BUZZARD 400kV,402
264,LEIB4B,,156.0,158.0,159.0,161.0,164.0,168.0,173.0,179.0,LEIGHTON BUZZARD 400kV,401
265,LEVE1Q,,261.0,282.0,487.0,534.0,847.0,1005.0,1012.0,1037.0,,
266,LEVE1R,,51.0,52.0,55.0,58.0,61.0,65.0,68.0,73.0,,
267,LHOR40,,22.0,22.0,22.0,22.0,22.0,22.0,22.0,22.0,LITTLE HORSTED 400kV,411
268,LING1Q,,333.0,360.0,359.0,383.0,382.0,383.0,389.0,398.0,,
269,LING1R,,14.0,14.0,14.0,14.0,14.0,14.0,14.0,14.0,,
270,LINM1Q,,145.0,144.0,146.0,148.0,150.0,152.0,185.0,186.0,,
271,LINM1R,,14.0,14.0,14.0,14.0,14.0,14.0,14.0,14.0,,
272,LISD20,,46.0,46.0,46.0,46.0,46.0,46.0,46.0,46.0,LISTER DRIVE 275kV,407
273,LITT40_LPN,,494.0,505.0,517.0,539.0,563.0,592.0,624.0,665.0,LITTLEBROOK 275kV,415
274,LITT40_SPN,,355.0,368.0,383.0,406.0,421.0,443.0,468.0,502.0,LITTLEBROOK 275kV,415
275,LOVE40,,358.0,358.0,361.0,365.0,370.0,375.0,379.0,382.0,LOVEDEAN 400kV,422
276,LUNA1Q,,-2.0,-2.0,-2.0,-2.0,-2.0,-2.0,-2.0,-2.0,,
277,LUNA1R,,76.0,81.0,82.0,83.0,83.0,85.0,86.0,90.0,,
278,LYND1Q,,11.0,13.0,15.0,16.0,18.0,20.0,22.0,23.0,,
279,LYND1R,,-16.0,-16.0,-30.0,-43.0,-61.0,-61.0,-61.0,-61.0,,
280,MACC20,,19.0,19.0,20.0,20.0,21.0,22.0,23.0,23.0,MACCLESFIELD 33kV,426
281,MACD10,,375.0,382.0,392.0,405.0,420.0,435.0,451.0,469.0,,
282,MAGA20,,366.0,360.0,381.0,399.0,421.0,439.0,455.0,474.0,MARGAM 275kV,430
283,MANN40,,149.0,153.0,190.0,241.0,223.0,226.0,231.0,236.0,MANNINGTON 400kV,428
284,MAYB10,,1.0,1.0,1.0,1.0,1.0,1.0,1.0,1.0,,
285,MEAD10,,9.0,9.0,9.0,8.0,9.0,9.0,9.0,10.0,,
286,MELK40_SEP,,12.0,30.0,30.0,30.0,30.0,30.0,30.0,30.0,MELKSHAM 400kV,441
287,MELK40_WPD,,76.0,76.0,76.0,76.0,76.0,76.0,76.0,76.0,MELKSHAM 400kV,441
288,MILC10,,6.0,6.0,6.0,6.0,6.0,6.0,6.0,6.0,,
289,MILH2A_EPN,,23.0,55.0,72.0,75.0,78.0,80.0,83.0,85.0,MILLHILL 275kV,450
290,MILH2A_LPN,,32.0,33.0,98.0,99.0,101.0,103.0,104.0,106.0,MILLHILL 275kV,450
291,MILH2B_EPN,,291.0,292.0,296.0,304.0,310.0,315.0,321.0,333.0,MILLHILL 275kV,448
292,MILH2B_LPN,,9.0,9.0,19.0,20.0,21.0,21.0,22.0,23.0,MILLHILL 275kV,448
293,MITY40,,1.0,1.0,0.0,0.0,0.0,0.0,0.0,0.0,MINETY 400kV,455
294,MYBS11,,11.0,13.0,15.0,16.0,18.0,20.0,22.0,23.0,,
295,MYBS12,,163.0,164.0,166.0,168.0,171.0,176.0,182.0,190.0,,
296,NAIR1Q,,405.0,416.0,458.0,467.0,484.0,500.0,525.0,557.0,,
297,NAIR1R,,23.0,23.0,23.0,23.0,23.0,23.0,23.0,24.0,,
298,NEAR2Q,,1.0,1.0,1.0,1.0,1.0,1.0,1.0,1.0,,
299,NECH20,,379.0,390.0,402.0,408.0,417.0,428.0,443.0,460.0,NECHELLS 132kV,465
300,NEEP20,,311.0,320.0,325.0,331.0,338.0,349.0,360.0,402.0,NEEPSEND 33kV,471
301,NETS10,,237.0,239.0,243.0,246.0,251.0,259.0,266.0,275.0,,
302,NEWX20,,18.0,18.0,18.0,19.0,19.0,19.0,20.0,20.0,NEWCROSS 132kV,478
303,NFLE40,,30.0,25.0,22.0,25.0,28.0,32.0,36.0,39.0,NORTHFLEET EAST 400kV,485
304,NHYD20,,254.0,257.0,260.0,266.0,273.0,285.0,297.0,313.0,NORTHHYDE 275kV,487
305,NINF40,,72.0,72.0,73.0,75.0,77.0,80.0,82.0,90.0,NINFIELD 400kV,481
306,NORL2A,,23.0,23.0,24.0,26.0,29.0,32.0,35.0,38.0,NORTON LEES 275kV,491
307,NORL2B,,133.0,133.0,133.0,133.0,133.0,133.0,133.0,133.0,NORTON LEES 275kV,493
308,NORM40,,17.0,20.0,23.0,26.0,29.0,33.0,36.0,40.0,NORWICH MAIN 132kV,498
309,NORT20,,198.0,202.0,207.0,214.0,221.0,230.0,241.0,255.0,NORTON 132kV,490
310,NURS40,,55.0,71.0,87.0,104.0,121.0,180.0,198.0,218.0,NURSLING 132kV,503
311,NURS4A,,108.0,141.0,142.0,140.0,145.0,150.0,154.0,159.0,NURSLING 400kV,501
312,OCKH20,,88.0,88.0,88.0,89.0,89.0,90.0,91.0,97.0,OCKERHILL 275kV,506
313,OFFE20,,264.0,262.0,271.0,288.0,311.0,336.0,358.0,382.0,OFFERTON 33kV,509
314,OLDB20,,17.0,24.0,24.0,24.0,24.0,24.0,24.0,24.0,OLDBURY 132kV,513
315,ORRI10,,7.0,8.0,8.0,8.0,9.0,9.0,10.0,10.0,,
316,OSBA40,,14.0,14.0,14.0,13.0,10.0,10.0,13.0,14.0,OSBALDWICK 400kV,517
317,PADI40,,93.0,94.0,96.0,101.0,105.0,109.0,116.0,126.0,PADIHAM 132kV,522
318,PAFB4B,,34.0,35.0,36.0,37.0,38.0,40.0,41.0,42.0,PATFORD BRIDGE 400kV,524
319,PAIS1Q,,-3.0,-3.0,-3.0,-3.0,-3.0,-12.0,-21.0,-21.0,,
320,PAIS1R,,19.0,20.0,6.0,80.0,158.0,158.0,158.0,158.0,,
321,PART1Q,,76.0,78.0,81.0,85.0,89.0,93.0,97.0,103.0,,
322,PART1R,,38.0,39.0,40.0,42.0,44.0,46.0,48.0,51.0,,
323,PEHE10,,122.0,124.0,127.0,130.0,133.0,136.0,139.0,143.0,,
324,PEHG1Q,,100.0,100.0,106.0,109.0,112.0,113.0,116.0,122.0,,
325,PEHG1R,,23.0,23.0,23.0,23.0,23.0,23.0,23.0,24.0,,
326,PELH40,,195.0,202.0,210.0,229.0,245.0,256.0,266.0,276.0,PELHAM 400kV,529
327,PEMB40,,387.0,393.0,335.0,345.0,360.0,376.0,392.0,411.0,PEMBROKE 400kV,531
328,PENN20,,12.0,17.0,23.0,28.0,34.0,40.0,46.0,52.0,PENN 132kV,536
329,PENT40,,3.0,3.0,3.0,3.0,3.0,3.0,4.0,3.0,PENTIR 400kV,539
330,PERS10,,7.0,8.0,8.0,8.0,9.0,9.0,10.0,10.0,,
331,PEWO40,,97.0,99.0,102.0,105.0,108.0,111.0,115.0,121.0,PENWORTHAM 400kV,548
332,PITS20,,369.0,437.0,515.0,535.0,575.0,615.0,651.0,689.0,PITSMOOR 33kV,553
333,POOB2Q,,6.0,6.0,31.0,31.0,31.0,32.0,32.0,32.0,,
334,POOB2R,,283.0,287.0,293.0,302.0,315.0,326.0,336.0,349.0,,
335,POPP20,,2.0,2.0,2.0,2.0,2.0,2.0,2.0,2.0,POPPLETON 33kV,556
336,PORA1Q,,100.0,100.0,106.0,109.0,112.0,113.0,116.0,122.0,,
337,PORA1R,,34.0,35.0,36.0,37.0,38.0,39.0,40.0,41.0,,
338,PORD2Q,,9.0,13.0,38.0,38.0,38.0,38.0,39.0,39.0,,
339,PORD2R,,18.0,21.0,78.0,81.0,83.0,86.0,89.0,92.0,,
340,PUDM40,,190.0,205.0,217.0,229.0,243.0,258.0,272.0,291.0,PUDDINGMILL 400kV,558
341,PYLE20,,26.0,27.0,27.0,28.0,29.0,30.0,32.0,35.0,PYLE 132kV,560
342,QUOI10,,71.0,122.0,193.0,194.0,195.0,197.0,198.0,200.0,,
343,RAIN20_SPM,,258.0,341.0,344.0,430.0,440.0,453.0,467.0,487.0,RAINHILL 132kV,565
344,RANN1Q,,191.0,198.0,204.0,293.0,305.0,319.0,334.0,354.0,,
345,RANN1R,,34.0,35.0,36.0,37.0,38.0,39.0,40.0,41.0,,
346,RASS40,,26.0,27.0,27.0,28.0,29.0,30.0,32.0,35.0,RASSAU 400kV,567
347,RATS40,,63.0,72.0,83.0,93.0,105.0,118.0,130.0,145.0,RATCLIFFE-ON-SOAR 132kV,571
348,RAYL40,,476.0,490.0,501.0,517.0,533.0,548.0,570.0,599.0,RAYLEIGH 400kV,572
349,REBR20,,18.0,18.0,18.0,19.0,19.0,19.0,20.0,20.0,REDBRIDGE 275kV,577
350,REDH10,,570.0,574.0,579.0,600.0,622.0,646.0,673.0,700.0,,
351,REDM1Q,,484.0,486.0,491.0,497.0,508.0,518.0,529.0,552.0,,
352,REDM1R,,435.0,442.0,455.0,473.0,505.0,530.0,538.0,547.0,,
353,ROCH20,,6.0,6.0,6.0,6.0,4.0,4.0,4.0,4.0,ROCHDALE 275kV,584
354,ROCK40,,-6.0,-6.0,-6.0,-6.0,-6.0,-6.0,-6.0,-6.0,ROCKSAVAGE 400kV,586
355,ROTI20,,11.0,11.0,11.0,11.0,11.0,11.0,11.0,11.0,,
356,RUGE40,,15.0,15.0,45.0,46.0,46.0,46.0,46.0,47.0,RUGELEY 132kV,592
357,RYEH40,,12.0,14.0,16.0,19.0,26.0,33.0,42.0,49.0,RYE HOUSE 132kV,600
358,RYEH4A,,9.0,9.0,19.0,20.0,21.0,21.0,22.0,23.0,RYE HOUSE 400kV,599
359,SACO1Q,,-17.0,-17.0,-17.0,-17.0,-17.0,-17.0,-17.0,-17.0,,
360,SACO1R,,52.0,55.0,58.0,62.0,68.0,74.0,82.0,92.0,,
361,SAEN20,,3.0,2.0,2.0,2.0,2.0,2.0,2.0,2.0,SALTEND NORTH 132kV,604
362,SAFO,,-18.0,-18.0,-18.0,-18.0,-18.0,-18.0,-18.0,-18.0,SANDFORD 132kV,611
363,SALH20,,1.0,3.0,3.0,3.0,3.0,3.0,3.0,3.0,SALTHOLME 400kV,609
364,SANX1Q,,25.0,26.0,38.0,70.0,106.0,140.0,167.0,194.0,,
365,SANX1R,,95.0,95.0,96.0,102.0,103.0,106.0,107.0,112.0,,
366,SBAR40,,76.0,81.0,83.0,85.0,87.0,89.0,93.0,99.0,,
367,SEAB40,,73.0,101.0,128.0,130.0,133.0,139.0,145.0,151.0,SEABANK 400kV,614
368,SELL40,,21.0,24.0,26.0,89.0,92.0,96.0,99.0,102.0,SELLINDGE 132kV,623
369,SFEG1Q,,161.0,164.0,168.0,172.0,212.0,254.0,264.0,275.0,,
370,SFEG1R,,435.0,442.0,455.0,473.0,505.0,530.0,538.0,547.0,,
371,SFIL1Q,,14.0,19.0,22.0,56.0,60.0,64.0,67.0,71.0,,
372,SHEC20,,3.0,2.0,2.0,2.0,2.0,2.0,2.0,2.0,SHEFFIELD CITY 275kV,626
373,SHIN10,,11.0,11.0,11.0,11.0,11.0,11.0,11.0,11.0,,
374,SHRE4A,,15.0,15.0,45.0,46.0,46.0,46.0,46.0,47.0,SHREWSBURY 400kV,628
375,SHRU2Q,,145.0,175.0,177.0,184.0,186.0,191.0,200.0,213.0,,
376,SHRU2R,,6.0,6.0,6.0,6.0,6.0,7.0,7.0,7.0,,
377,SIGH2Q,,468.0,472.0,483.0,494.0,506.0,553.0,575.0,606.0,,
378,SIGH2R,,6.0,6.0,6.0,6.0,6.0,7.0,7.0,7.0,,
379,SJOW20,,307.0,316.0,323.0,328.0,336.0,346.0,359.0,372.0,ST.JOHNS WOOD 132kV,655
380,SJOW40,,13.0,13.0,29.0,29.0,29.0,29.0,36.0,36.0,ST.JOHNS WOOD 132kV,655
381,SKLG20,,495.0,499.0,505.0,515.0,531.0,540.0,564.0,597.0,SKELTON GRANGE 275kV,638
382,SLOY10,,14.0,19.0,22.0,56.0,60.0,64.0,67.0,71.0,,
383,SMAN20,,45.0,48.0,105.0,110.0,114.0,120.0,125.0,130.0,SOUTH MANCHESTER 275kV,642
384,SPAV1Q,,34.0,39.0,41.0,45.0,49.0,54.0,58.0,62.0,,
385,SPAV1R,,150.0,153.0,156.0,163.0,165.0,168.0,175.0,180.0,,
386,SPEN4A,,24.0,25.0,25.0,27.0,28.0,29.0,31.0,33.0,SPENNYMOOR 132kV,649
387,SSHI20,,1.0,3.0,3.0,3.0,3.0,3.0,3.0,3.0,SOUTHSHIELDS 275kV,645
388,STAH4A,,365.0,375.0,377.0,378.0,380.0,392.0,405.0,423.0,STANAH 400kV,661
389,STAH4B,,389.0,420.0,466.0,485.0,503.0,517.0,532.0,559.0,STANAH 400kV,660
390,STAL20,,12.0,43.0,47.0,52.0,57.0,63.0,68.0,74.0,STALYBRIDGE 132kV,659
391,STAY40,,395.0,400.0,408.0,417.0,426.0,438.0,446.0,477.0,STAYTHORPE 400kV,664
392,STEW20,,23.0,23.0,24.0,26.0,29.0,32.0,35.0,38.0,STELLA WEST 275kV,670
393,STEW2A,,16.0,17.0,17.0,17.0,18.0,18.0,19.0,19.0,STELLA WEST 275kV,670
394,STHA2A,,22.0,22.0,22.0,22.0,22.0,23.0,23.0,24.0,,
395,STHA2B,,229.0,256.0,263.0,268.0,274.0,283.0,292.0,304.0,,
396,STIR1S,,22.0,22.0,22.0,22.0,22.0,23.0,23.0,24.0,,
397,STIR1T,,95.0,95.0,96.0,102.0,103.0,106.0,107.0,112.0,,
398,STLE10_SPD,,46.0,46.0,47.0,48.0,48.0,50.0,51.0,52.0,,
399,STRI1Q,,12.0,12.0,11.0,11.0,11.0,12.0,12.0,12.0,,
400,STRI1R,,503.0,520.0,541.0,550.0,561.0,575.0,592.0,636.0,,
401,SUND40,,0.0,0.0,69.0,72.0,76.0,80.0,85.0,90.0,SUNDON 132kV,680
402,SWAN20_SWA,,-241.0,-232.0,-219.0,-202.0,-178.0,-152.0,-126.0,-95.0,SWANSEA NORTH 132kV,688
403,TARL1Q,,12.0,12.0,11.0,11.0,11.0,12.0,12.0,12.0,,
404,TARL1R,,3.0,3.0,3.0,3.0,3.0,3.0,3.0,3.0,,
405,TAUN4A,,24.0,28.0,33.0,39.0,44.0,49.0,54.0,60.0,TAUNTON 400kV,693
406,TAUN4B,,15.0,15.0,15.0,15.0,15.0,16.0,16.0,17.0,TAUNTON 400kV,693
407,TAYN1Q,,498.0,527.0,525.0,551.0,583.0,617.0,650.0,687.0,,
408,TAYN1R,,276.0,250.0,235.0,235.0,219.0,224.0,214.0,221.0,,
409,TELR1Q,,107.0,109.0,110.0,113.0,117.0,121.0,126.0,133.0,,
410,TELR1R,,375.0,380.0,389.0,394.0,403.0,412.0,426.0,444.0,,
411,TEMP2A,,8.0,8.0,8.0,9.0,9.0,10.0,10.0,10.0,TEMPLEBOROUGH 33kV,696
412,TEMP2B,,485.0,518.0,527.0,548.0,570.0,589.0,602.0,616.0,TEMPLEBOROUGH 33kV,696
413,THOM20,,0.0,0.0,0.0,0.0,0.0,0.0,0.0,0.0,THORPE MARSH 400kV,705
414,THUR20,,22.0,43.0,44.0,44.0,45.0,46.0,47.0,47.0,THURCROFT 275kV,708
415,THUS10,,750.0,778.0,801.0,828.0,859.0,895.0,939.0,996.0,,
416,TILB20,,12.0,14.0,16.0,19.0,26.0,33.0,42.0,49.0,TILBURY 400kV,719
417,TILB40,,22.0,22.0,22.0,22.0,22.0,22.0,22.0,22.0,TILBURY 400kV,719
418,TINP2A,,0.0,0.0,0.0,0.0,-10.0,-20.0,-20.0,-20.0,TINSLEY PARK 275kV,723
419,TINP2B,,66.0,74.0,73.0,76.0,79.0,84.0,88.0,94.0,TINSLEY PARK 275kV,723
420,TODP20,,-4.0,-4.0,-4.0,-4.0,-4.0,-4.0,-4.0,-4.0,TOD POINT 275kV,725
421,TONG10,,46.0,46.0,47.0,48.0,48.0,50.0,51.0,52.0,,
422,TOTT20,,22.0,23.0,24.0,34.0,35.0,35.0,36.0,37.0,TOTTENHAM 132kV,733
423,TRAW20,,30.0,52.0,53.0,54.0,55.0,56.0,57.0,59.0,TRAWSFYNYDD 275kV,736
424,TUMB1Q,,56.0,124.0,126.0,128.0,131.0,135.0,139.0,144.0,,
425,TUMB1R,,11.0,21.0,30.0,40.0,49.0,59.0,69.0,79.0,,
426,TYNE20,,432.0,453.0,473.0,495.0,519.0,542.0,560.0,580.0,TYNEMOUTH 275kV,748
427,UPPB21,,21.0,22.0,23.0,24.0,25.0,27.0,28.0,31.0,UPPER BOAT 275kV,750
428,UPPB22,,71.0,73.0,76.0,78.0,80.0,82.0,91.0,96.0,UPPER BOAT 275kV,751
429,USKM20,,176.0,206.0,229.0,246.0,291.0,304.0,318.0,331.0,USKMOUTH 275kV,757
430,WALH40,,12.0,17.0,23.0,28.0,34.0,40.0,46.0,52.0,WALHAM 400kV,758
431,WALP40_EME,,9.0,10.0,11.0,12.0,13.0,15.0,16.0,18.0,WALPOLE 400kV,760
432,WALP40_EPN,,97.0,99.0,102.0,105.0,108.0,111.0,115.0,121.0,WALPOLE 400kV,760
433,WARL20,,22.0,23.0,24.0,34.0,35.0,35.0,36.0,37.0,WARLEY 132kV,769
434,WASF2A,,93.0,94.0,96.0,101.0,105.0,109.0,116.0,126.0,WASHWAY FARM 275kV,771
435,WASF2B,,24.0,28.0,32.0,37.0,91.0,95.0,99.0,103.0,WASHWAY FARM 275kV,773
436,WATS2A,,49.0,49.0,49.0,49.0,49.0,49.0,78.0,78.0,WATFORD SOUTH 132kV,777
437,WATS2B,,22.0,22.0,22.0,22.0,22.0,22.0,22.0,22.0,WATFORD SOUTH 132kV,777
438,WBOL20,,63.0,64.0,66.0,67.0,69.0,72.0,74.0,79.0,WEST BOLDON 275kV,780
439,WBUR40,,507.0,549.0,609.0,561.0,584.0,602.0,614.0,623.0,WEST BURTON 400kV,784
440,WFIE1A,,605.0,614.0,620.0,639.0,653.0,663.0,676.0,716.0,,
441,WFIE1B,,216.0,227.0,247.0,271.0,304.0,333.0,360.0,389.0,,
442,WGEO2Q,,219.0,221.0,226.0,232.0,239.0,246.0,254.0,263.0,,
443,WGEO2R,,238.0,240.0,246.0,254.0,264.0,273.0,289.0,311.0,,
444,WHAM40,,5.0,6.0,7.0,8.0,9.0,9.0,9.0,9.0,WESTHAM 400kV,806
445,WHGA20,,12.0,43.0,47.0,52.0,57.0,63.0,68.0,74.0,WHITEGATE 132kV,810
446,WHHO2Q,,302.0,305.0,296.0,255.0,264.0,272.0,275.0,274.0,,
447,WHHO2R,,196.0,217.0,241.0,251.0,261.0,272.0,376.0,484.0,,
448,WHSO20,,-4.0,-4.0,-4.0,-4.0,-4.0,-4.0,-4.0,-4.0,WHITSON 33kV,818
449,WHTL1S,,64.0,99.0,99.0,100.0,100.0,151.0,151.0,152.0,,
450,WHTL1T,,13.0,13.0,13.0,13.0,13.0,14.0,14.0,14.0,,
451,WIBA20,,22.0,43.0,44.0,44.0,45.0,46.0,47.0,47.0,WINCOBANK 275kV,842
452,WIEN2A,,45.0,72.0,74.0,76.0,78.0,80.0,82.0,85.0,WILLENHALL 275kV,821
453,WIEN2B,,252.0,281.0,288.0,293.0,302.0,308.0,322.0,342.0,WILLENHALL 275kV,820
454,WILE20,,0.0,0.0,0.0,0.0,0.0,0.0,158.0,158.0,WILLINGTON EAST 400kV,831
455,WILE40,,-14.0,-14.0,-14.0,-14.0,-14.0,-14.0,-14.0,-14.0,WILLINGTON EAST 400kV,831
456,WIMB20,,12.0,13.0,14.0,16.0,14.0,16.0,19.0,21.0,WIMBLEDON 132kV,840
457,WIOW1Q,,129.0,130.0,132.0,136.0,140.0,145.0,151.0,159.0,,
458,WIOW1R,,11.0,21.0,30.0,40.0,49.0,59.0,69.0,79.0,,
459,WISD20_EPN,,23.0,32.0,31.0,34.0,37.0,41.0,45.0,49.0,WILLESDEN 275kV,827
460,WISD20_LPN,,23.0,32.0,31.0,34.0,37.0,41.0,45.0,49.0,WILLESDEN 275kV,827
461,WISD20_SEP,,-11.0,-11.0,-11.0,-11.0,-11.0,-11.0,-11.0,-11.0,WILLESDEN 275kV,827
462,WISH20,,163.0,164.0,166.0,168.0,171.0,176.0,182.0,190.0,,
463,WMEL20,,27.0,27.0,28.0,29.0,30.0,31.0,33.0,35.0,WEST MELTON 132kV,787
464,WOHI1Q,,177.0,180.0,186.0,194.0,205.0,215.0,226.0,236.0,,
465,WOHI1R,,202.0,209.0,220.0,225.0,231.0,238.0,247.0,262.0,,
466,WTHU4A,,476.0,482.0,491.0,502.0,522.0,534.0,560.0,592.0,WEST THURROCK 400kV,792
467,WTHU4B,,537.0,603.0,655.0,663.0,721.0,782.0,831.0,890.0,WEST THURROCK 400kV,790
468,WWEY20,,80.0,81.0,87.0,90.0,94.0,98.0,101.0,104.0,WEST WEYBRIDGE 275kV,801
469,WYLF40,,30.0,52.0,53.0,54.0,55.0,56.0,57.0,59.0,WYLFA 400kV,844
470,WYMO40,,42.0,48.0,48.0,50.0,51.0,52.0,54.0,55.0,WYMONDLEY 132kV,846
